START TRANSACTION;
INSERT INTO workplace (workplaceid, workplace_name)VALUES (1, "Abortmottagning");
INSERT INTO clinic (workplaceid)VALUES (1);
INSERT INTO workplace (workplaceid, workplace_name)VALUES (2, "Akutmottagningen");
INSERT INTO clinic (workplaceid)VALUES (2);
INSERT INTO workplace (workplaceid, workplace_name)VALUES (3, "Allmän endokrinologiska mottagningen Solna");
INSERT INTO clinic (workplaceid)VALUES (3);
INSERT INTO workplace (workplaceid, workplace_name)VALUES (4, "Amningsmottagningen Solna");
INSERT INTO clinic (workplaceid)VALUES (4);
INSERT INTO workplace (workplaceid, workplace_name)VALUES (5, "Anestesimottagningen Huddinge");
INSERT INTO clinic (workplaceid)VALUES (5);
INSERT INTO workplace (workplaceid, workplace_name)VALUES (6, "Anestesimottagningen Solna");
INSERT INTO clinic (workplaceid)VALUES (6);
INSERT INTO workplace (workplaceid, workplace_name)VALUES (7, "Antikoagulationsmottagningen Huddinge");
INSERT INTO clinic (workplaceid)VALUES (7);
INSERT INTO workplace (workplaceid, workplace_name)VALUES (8, "Auroramottagningen Solna");
INSERT INTO clinic (workplaceid)VALUES (8);
INSERT INTO workplace (workplaceid, workplace_name)VALUES (9, "Plastikmottagningen Solna");
INSERT INTO clinic (workplaceid)VALUES (9);
INSERT INTO workplace (workplaceid, workplace_name)VALUES (10, "PQCT-mottagningen Huddinge");
INSERT INTO clinic (workplaceid)VALUES (10);
INSERT INTO workplace (workplaceid, workplace_name)VALUES (11, "Psykologmottagningen");
INSERT INTO clinic (workplaceid)VALUES (11);
INSERT INTO workplace (workplaceid, workplace_name)VALUES (12, "Benmetabola sjukdomar inkl osteoporos Solna");
INSERT INTO clinic (workplaceid)VALUES (12);
INSERT INTO workplace (workplaceid, workplace_name)VALUES (13, "Bentäthetsmottagning C2-84, Huddinge");
INSERT INTO clinic (workplaceid)VALUES (13);
INSERT INTO workplace (workplaceid, workplace_name)VALUES (14, "Centrum Andrologi & Sexualmedicin");
INSERT INTO clinic (workplaceid)VALUES (14);
INSERT INTO workplace (workplaceid, workplace_name)VALUES (15, "Centrum för Fostermedicin");
INSERT INTO clinic (workplaceid)VALUES (15);
INSERT INTO workplace (workplaceid, workplace_name)VALUES (16, "Reumatologmottagning Huddinge");
INSERT INTO clinic (workplaceid)VALUES (16);
INSERT INTO workplace (workplaceid, workplace_name)VALUES (17, "Reumatologmottagning Solna");
INSERT INTO clinic (workplaceid)VALUES (17);
INSERT INTO workplace (workplaceid, workplace_name)VALUES (18, "Diabetesfotsjukvård C2:84, Huddinge");
INSERT INTO clinic (workplaceid)VALUES (18);
INSERT INTO workplace (workplaceid, workplace_name)VALUES (19, "Diabetesfotsårsmottagningen Solna");
INSERT INTO clinic (workplaceid)VALUES (19);
INSERT INTO workplace (workplaceid, workplace_name)VALUES (20, "Dialysmottagningen Huddinge");
INSERT INTO clinic (workplaceid)VALUES (20);
INSERT INTO workplace (workplaceid, workplace_name)VALUES (21, "Dialysmottagningen Solna");
INSERT INTO clinic (workplaceid)VALUES (21);
INSERT INTO workplace (workplaceid, workplace_name)VALUES (22, "Dialysmottagningen Södersjukhuset");
INSERT INTO clinic (workplaceid)VALUES (22);
INSERT INTO workplace (workplaceid, workplace_name)VALUES (23, "Sarkomkirurgi mottagning");
INSERT INTO clinic (workplaceid)VALUES (23);
INSERT INTO workplace (workplaceid, workplace_name)VALUES (24, "Sesam City");
INSERT INTO clinic (workplaceid)VALUES (24);
INSERT INTO workplace (workplaceid, workplace_name)VALUES (25, "Sesammottagning Huddinge");
INSERT INTO clinic (workplaceid)VALUES (25);
INSERT INTO workplace (workplaceid, workplace_name)VALUES (26, "Smärtcentrum");
INSERT INTO clinic (workplaceid)VALUES (26);
INSERT INTO workplace (workplaceid, workplace_name)VALUES (27, "Smärtmottagning reumatologi Solna");
INSERT INTO clinic (workplaceid)VALUES (27);
INSERT INTO workplace (workplaceid, workplace_name)VALUES (28, "Smärtmottagningen Huddinge");
INSERT INTO clinic (workplaceid)VALUES (28);
INSERT INTO workplace (workplaceid, workplace_name)VALUES (29, "Smärtmottagningen Solna");
INSERT INTO clinic (workplaceid)VALUES (29);
INSERT INTO workplace (workplaceid, workplace_name)VALUES (30, "Stomimottagningen Solna");
INSERT INTO clinic (workplaceid)VALUES (30);
INSERT INTO workplace (workplaceid, workplace_name)VALUES (31, "Sårmottagning för tumörsår");
INSERT INTO clinic (workplaceid)VALUES (31);
INSERT INTO workplace (workplaceid, workplace_name)VALUES (32, "Endokrinkirurgi mottagning");
INSERT INTO clinic (workplaceid)VALUES (32);
INSERT INTO workplace (workplaceid, workplace_name)VALUES (33, "Endokrinmottagning C2:84 Huddinge");
INSERT INTO clinic (workplaceid)VALUES (33);
INSERT INTO workplace (workplaceid, workplace_name)VALUES (34, "Endokrinmottagningen Solna");
INSERT INTO clinic (workplaceid)VALUES (34);
INSERT INTO workplace (workplaceid, workplace_name)VALUES (35, "Thorax Kärl mottagning");
INSERT INTO clinic (workplaceid)VALUES (35);
INSERT INTO workplace (workplaceid, workplace_name)VALUES (36, "Transplantationsmottagningen Huddinge");
INSERT INTO clinic (workplaceid)VALUES (36);
INSERT INTO workplace (workplaceid, workplace_name)VALUES (37, "Urologiska mottagningar");
INSERT INTO clinic (workplaceid)VALUES (37);
INSERT INTO workplace (workplaceid, workplace_name)VALUES (38, "Uroterapimottagningar");
INSERT INTO clinic (workplaceid)VALUES (38);
INSERT INTO workplace (workplaceid, workplace_name)VALUES (39, "Gastrokirurgmottagningar Huddinge");
INSERT INTO clinic (workplaceid)VALUES (39);
INSERT INTO workplace (workplaceid, workplace_name)VALUES (40, "Gastrokirurgmottagningen Solna");
INSERT INTO clinic (workplaceid)VALUES (40);
INSERT INTO workplace (workplaceid, workplace_name)VALUES (41, "Gastromottagning B71-73 Huddinge");
INSERT INTO clinic (workplaceid)VALUES (41);
INSERT INTO workplace (workplaceid, workplace_name)VALUES (42, "Gastromottagning K51-61 Huddinge");
INSERT INTO clinic (workplaceid)VALUES (42);
INSERT INTO workplace (workplaceid, workplace_name)VALUES (43, "Gastromottagningen Solna");
INSERT INTO clinic (workplaceid)VALUES (43);
INSERT INTO workplace (workplaceid, workplace_name)VALUES (44, "Genetiska enheten");
INSERT INTO clinic (workplaceid)VALUES (44);
INSERT INTO workplace (workplaceid, workplace_name)VALUES (45, "Geriatriska klinikens mottagningar");
INSERT INTO clinic (workplaceid)VALUES (45);
INSERT INTO workplace (workplaceid, workplace_name)VALUES (46, "Graviditet och förlossning");
INSERT INTO clinic (workplaceid)VALUES (46);
INSERT INTO workplace (workplaceid, workplace_name)VALUES (47, "Gynekologiska akutmottagningar");
INSERT INTO clinic (workplaceid)VALUES (47);
INSERT INTO workplace (workplaceid, workplace_name)VALUES (48, "Gynmottagning Huddinge");
INSERT INTO clinic (workplaceid)VALUES (48);
INSERT INTO workplace (workplaceid, workplace_name)VALUES (49, "Gynmottagning Liljeholmen");
INSERT INTO clinic (workplaceid)VALUES (49);
INSERT INTO workplace (workplaceid, workplace_name)VALUES (50, "Gynmottagning Solna");
INSERT INTO clinic (workplaceid)VALUES (50);
INSERT INTO workplace (workplaceid, workplace_name)VALUES (51, "Hematologimottagingen Danderyds sjukhus");
INSERT INTO clinic (workplaceid)VALUES (51);
INSERT INTO workplace (workplaceid, workplace_name)VALUES (52, "Hematologimottagningen Solna");
INSERT INTO clinic (workplaceid)VALUES (52);
INSERT INTO workplace (workplaceid, workplace_name)VALUES (53, "Hematologmottagning/dagvård R51-53 Huddinge");
INSERT INTO clinic (workplaceid)VALUES (53);
INSERT INTO workplace (workplaceid, workplace_name)VALUES (54, "HIV-mottagning Huddinge");
INSERT INTO clinic (workplaceid)VALUES (54);
INSERT INTO workplace (workplaceid, workplace_name)VALUES (55, "Hjärtsviktsmottagningen");
INSERT INTO clinic (workplaceid)VALUES (55);
INSERT INTO workplace (workplaceid, workplace_name)VALUES (56, "Hjärttransplantationsmottagningen");
INSERT INTO clinic (workplaceid)VALUES (56);
INSERT INTO workplace (workplaceid, workplace_name)VALUES (57, "Hudbehandlingsmottagningen Solna");
INSERT INTO clinic (workplaceid)VALUES (57);
INSERT INTO workplace (workplaceid, workplace_name)VALUES (58, "Hudmottagningen Solna");
INSERT INTO clinic (workplaceid)VALUES (58);
INSERT INTO workplace (workplaceid, workplace_name)VALUES (59, "Hörselrehabilitering Vuxna");
INSERT INTO clinic (workplaceid)VALUES (59);
INSERT INTO workplace (workplaceid, workplace_name)VALUES (60, "Infektionsmottagningar");
INSERT INTO clinic (workplaceid)VALUES (60);
INSERT INTO workplace (workplaceid, workplace_name)VALUES (61, "Kirurgmottagningen Solna");
INSERT INTO clinic (workplaceid)VALUES (61);
INSERT INTO workplace (workplaceid, workplace_name)VALUES (62, "Koagulationsmottagningen Solna");
INSERT INTO clinic (workplaceid)VALUES (62);
INSERT INTO workplace (workplaceid, workplace_name)VALUES (63, "Kolorektalmottagning Huddinge");
INSERT INTO clinic (workplaceid)VALUES (63);
INSERT INTO workplace (workplaceid, workplace_name)VALUES (64, "Kungsholmsdialysen");
INSERT INTO clinic (workplaceid)VALUES (64);
INSERT INTO workplace (workplaceid, workplace_name)VALUES (65, "Livsstilsmottagningen");
INSERT INTO clinic (workplaceid)VALUES (65);
INSERT INTO workplace (workplaceid, workplace_name)VALUES (66, "Ljusbehandlingsmottagningen Solna");
INSERT INTO clinic (workplaceid)VALUES (66);
INSERT INTO workplace (workplaceid, workplace_name)VALUES (67, "Logopedmottagning Huddinge");
INSERT INTO clinic (workplaceid)VALUES (67);
INSERT INTO workplace (workplaceid, workplace_name)VALUES (68, "Logopedmottagning Solna");
INSERT INTO clinic (workplaceid)VALUES (68);
INSERT INTO workplace (workplaceid, workplace_name)VALUES (69, "Läkarmottagning");
INSERT INTO clinic (workplaceid)VALUES (69);
INSERT INTO workplace (workplaceid, workplace_name)VALUES (70, "Återbesöks- och amningsmottagning Huddinge");
INSERT INTO clinic (workplaceid)VALUES (70);
INSERT INTO workplace (workplaceid, workplace_name)VALUES (71, "Återbesöksmottagningen Solna");
INSERT INTO clinic (workplaceid)VALUES (71);
INSERT INTO workplace (workplaceid, workplace_name)VALUES (72, "Neurocutan mottagning Solna");
INSERT INTO clinic (workplaceid)VALUES (72);
INSERT INTO workplace (workplaceid, workplace_name)VALUES (73, "Neurofysiologisk mottagning Huddinge");
INSERT INTO clinic (workplaceid)VALUES (73);
INSERT INTO workplace (workplaceid, workplace_name)VALUES (74, "Neurofysiologisk mottagning Solna");
INSERT INTO clinic (workplaceid)VALUES (74);
INSERT INTO workplace (workplaceid, workplace_name)VALUES (75, "Neurofysiologisk mottagning Södersjukhuset");
INSERT INTO clinic (workplaceid)VALUES (75);
INSERT INTO workplace (workplaceid, workplace_name)VALUES (76, "Neurokirurgisk mottagning Solna");
INSERT INTO clinic (workplaceid)VALUES (76);
INSERT INTO workplace (workplaceid, workplace_name)VALUES (77, "Neurologmottagningen Huddinge");
INSERT INTO clinic (workplaceid)VALUES (77);
INSERT INTO workplace (workplaceid, workplace_name)VALUES (78, "Neurologmottagningen Solna");
INSERT INTO clinic (workplaceid)VALUES (78);
INSERT INTO workplace (workplaceid, workplace_name)VALUES (79, "Njurmedicinsk mottagning och PD mottagning");
INSERT INTO clinic (workplaceid)VALUES (79);
INSERT INTO workplace (workplaceid, workplace_name)VALUES (80, "Njurmedicinska mottagningen Huddinge");
INSERT INTO clinic (workplaceid)VALUES (80);
INSERT INTO workplace (workplaceid, workplace_name)VALUES (81, "Öron-, näs- och halsakuten Huddinge");
INSERT INTO clinic (workplaceid)VALUES (81);
INSERT INTO workplace (workplaceid, workplace_name)VALUES (82, "Öron-, näs- och halsakuten Solna");
INSERT INTO clinic (workplaceid)VALUES (82);
INSERT INTO workplace (workplaceid, workplace_name)VALUES (83, "Öron-, näs- och halsakuten Södersjukhuset");
INSERT INTO clinic (workplaceid)VALUES (83);
INSERT INTO workplace (workplaceid, workplace_name)VALUES (84, "Öron-, näs- och halsmottagningen Danderyd");
INSERT INTO clinic (workplaceid)VALUES (84);
INSERT INTO workplace (workplaceid, workplace_name)VALUES (85, "Öron-, näs- och halsmottagningen Huddinge");
INSERT INTO clinic (workplaceid)VALUES (85);
INSERT INTO workplace (workplaceid, workplace_name)VALUES (86, "Öron-, näs- och halsmottagningen Solna");
INSERT INTO clinic (workplaceid)VALUES (86);
INSERT INTO workplace (workplaceid, workplace_name)VALUES (87, "ÖverviktsCentrum");
INSERT INTO clinic (workplaceid)VALUES (87);
INSERT INTO workplace (workplaceid, workplace_name)VALUES (88, "Onkologiska kliniken kontakta oss");
INSERT INTO clinic (workplaceid)VALUES (88);
INSERT INTO workplace (workplaceid, workplace_name)VALUES (89, "Ortopedmottagningen Huddinge");
INSERT INTO clinic (workplaceid)VALUES (89);
INSERT INTO workplace (workplaceid, workplace_name)VALUES (90, "Ortopedmottagningen Solna");
INSERT INTO clinic (workplaceid)VALUES (90);
INSERT INTO workplace (workplaceid, workplace_name)VALUES (91, "Osteoporoscentrum C2:84, Huddinge");
INSERT INTO clinic (workplaceid)VALUES (91);
INSERT INTO workplace (workplaceid, workplace_name)VALUES (92, "Avdelning A23a Solna");
INSERT INTO ward (workplaceid)VALUES (92);
INSERT INTO workplace (workplaceid, workplace_name)VALUES (93, "Akut Trauma Kirurgi Solna");
INSERT INTO ward (workplaceid)VALUES (93);
INSERT INTO workplace (workplaceid, workplace_name)VALUES (94, "Akutvårdsavdelningarna Huddinge");
INSERT INTO ward (workplaceid)VALUES (94);
INSERT INTO workplace (workplaceid, workplace_name)VALUES (95, "Akutvårdsavdelningarna Solna");
INSERT INTO ward (workplaceid)VALUES (95);
INSERT INTO workplace (workplaceid, workplace_name)VALUES (96, "Anestesi- och operationsavdelningen Huddinge");
INSERT INTO ward (workplaceid)VALUES (96);
INSERT INTO workplace (workplaceid, workplace_name)VALUES (97, "Avdelning A16b Solna");
INSERT INTO ward (workplaceid)VALUES (97);
INSERT INTO workplace (workplaceid, workplace_name)VALUES (98, "Avdelning A24a Solna");
INSERT INTO ward (workplaceid)VALUES (98);
INSERT INTO workplace (workplaceid, workplace_name)VALUES (99, "Avdelning A24b Solna");
INSERT INTO ward (workplaceid)VALUES (99);
INSERT INTO workplace (workplaceid, workplace_name)VALUES (100, "Avdelning A25b Solna");
INSERT INTO ward (workplaceid)VALUES (100);
INSERT INTO workplace (workplaceid, workplace_name)VALUES (101, "Avdelning B13 & B24-B34 Solna");
INSERT INTO ward (workplaceid)VALUES (101);
INSERT INTO workplace (workplaceid, workplace_name)VALUES (102, "Avdelning B13 Solna");
INSERT INTO ward (workplaceid)VALUES (102);
INSERT INTO workplace (workplaceid, workplace_name)VALUES (103, "Avdelning B15 Solna");
INSERT INTO ward (workplaceid)VALUES (103);
INSERT INTO workplace (workplaceid, workplace_name)VALUES (104, "Avdelning B82 Huddinge");
INSERT INTO ward (workplaceid)VALUES (104);
INSERT INTO workplace (workplaceid, workplace_name)VALUES (105, "Avdelning D14 Solna");
INSERT INTO ward (workplaceid)VALUES (105);
INSERT INTO workplace (workplaceid, workplace_name)VALUES (106, "Avdelning E13 Solna");
INSERT INTO ward (workplaceid)VALUES (106);
INSERT INTO workplace (workplaceid, workplace_name)VALUES (107, "Avdelning E14 Solna");
INSERT INTO ward (workplaceid)VALUES (107);
INSERT INTO workplace (workplaceid, workplace_name)VALUES (108, "Avdelning I52/I54 & I62/I64 Huddinge");
INSERT INTO ward (workplaceid)VALUES (108);
INSERT INTO workplace (workplaceid, workplace_name)VALUES (109, "Avdelning K44 (IMA) Huddinge");
INSERT INTO ward (workplaceid)VALUES (109);
INSERT INTO workplace (workplaceid, workplace_name)VALUES (110, "Avdelning K66 Huddinge");
INSERT INTO ward (workplaceid)VALUES (110);
INSERT INTO workplace (workplaceid, workplace_name)VALUES (111, "Avdelning K71-73 Huddinge");
INSERT INTO ward (workplaceid)VALUES (111);
INSERT INTO workplace (workplaceid, workplace_name)VALUES (112, "Avdelning K72 Huddinge");
INSERT INTO ward (workplaceid)VALUES (112);
INSERT INTO workplace (workplaceid, workplace_name)VALUES (113, "Avdelning K74 Huddinge");
INSERT INTO ward (workplaceid)VALUES (113);
INSERT INTO workplace (workplaceid, workplace_name)VALUES (114, "Avdelning K87-89 Huddinge");
INSERT INTO ward (workplaceid)VALUES (114);
INSERT INTO workplace (workplaceid, workplace_name)VALUES (115, "Avdelning M61-63 Huddinge");
INSERT INTO ward (workplaceid)VALUES (115);
INSERT INTO workplace (workplaceid, workplace_name)VALUES (116, "Avdelning M71-73 Huddinge");
INSERT INTO ward (workplaceid)VALUES (116);
INSERT INTO workplace (workplaceid, workplace_name)VALUES (117, "Avdelning N13 Solna");
INSERT INTO ward (workplaceid)VALUES (117);
INSERT INTO workplace (workplaceid, workplace_name)VALUES (118, "Avdelning N22");
INSERT INTO ward (workplaceid)VALUES (118);
INSERT INTO workplace (workplaceid, workplace_name)VALUES (119, "Avdelning N23 Solna");
INSERT INTO ward (workplaceid)VALUES (119);
INSERT INTO workplace (workplaceid, workplace_name)VALUES (120, "Plastikoperationsavdelning");
INSERT INTO ward (workplaceid)VALUES (120);
INSERT INTO workplace (workplaceid, workplace_name)VALUES (121, "B72 avdelning Geriatrik");
INSERT INTO ward (workplaceid)VALUES (121);
INSERT INTO workplace (workplaceid, workplace_name)VALUES (122, "B74 avdelning Geriatrik");
INSERT INTO ward (workplaceid)VALUES (122);
INSERT INTO workplace (workplaceid, workplace_name)VALUES (123, "B81 avdelning Geriatrik");
INSERT INTO ward (workplaceid)VALUES (123);
INSERT INTO workplace (workplaceid, workplace_name)VALUES (124, "B83 avdelning Geriatrik");
INSERT INTO ward (workplaceid)VALUES (124);
INSERT INTO workplace (workplaceid, workplace_name)VALUES (125, "BB Karolinska Solna");
INSERT INTO ward (workplaceid)VALUES (125);
INSERT INTO workplace (workplaceid, workplace_name)VALUES (126, "Centrala röntgen Solna");
INSERT INTO ward (workplaceid)VALUES (126);
INSERT INTO workplace (workplaceid, workplace_name)VALUES (127, "Centraloperation Solna");
INSERT INTO ward (workplaceid)VALUES (127);
INSERT INTO workplace (workplaceid, workplace_name)VALUES (128, "R71 avdelning Geriatrik");
INSERT INTO ward (workplaceid)VALUES (128);
INSERT INTO workplace (workplaceid, workplace_name)VALUES (129, "R73 avdelning Geriatrik");
INSERT INTO ward (workplaceid)VALUES (129);
INSERT INTO workplace (workplaceid, workplace_name)VALUES (130, "Dagkirurgi/Sömnlaboratorium B84 Huddinge");
INSERT INTO ward (workplaceid)VALUES (130);
INSERT INTO workplace (workplaceid, workplace_name)VALUES (131, "Dagvårdsavdelning A15b Solna");
INSERT INTO ward (workplaceid)VALUES (131);
INSERT INTO workplace (workplaceid, workplace_name)VALUES (132, "Dagvårdsavdelning D25 Solna");
INSERT INTO ward (workplaceid)VALUES (132);
INSERT INTO workplace (workplaceid, workplace_name)VALUES (133, "Dagvårdsavdelning R72 Huddinge");
INSERT INTO ward (workplaceid)VALUES (133);
INSERT INTO workplace (workplaceid, workplace_name)VALUES (134, "Dagvårdsmottagningen Solna");
INSERT INTO ward (workplaceid)VALUES (134);
INSERT INTO workplace (workplaceid, workplace_name)VALUES (135, "Diabetes- och metabola dagvårdsavdelningen C2:84, Huddinge");
INSERT INTO ward (workplaceid)VALUES (135);
INSERT INTO workplace (workplaceid, workplace_name)VALUES (136, "Slutenvårdsavdelning D26 Solna");
INSERT INTO ward (workplaceid)VALUES (136);
INSERT INTO workplace (workplaceid, workplace_name)VALUES (137, "Smärtavdelningen Huddinge");
INSERT INTO ward (workplaceid)VALUES (137);
INSERT INTO workplace (workplaceid, workplace_name)VALUES (138, "Syrgasmottagning");
INSERT INTO ward (workplaceid)VALUES (138);
INSERT INTO workplace (workplaceid, workplace_name)VALUES (139, "Endokrindagvården Solna");
INSERT INTO ward (workplaceid)VALUES (139);
INSERT INTO workplace (workplaceid, workplace_name)VALUES (140, "THIVA och THIMA");
INSERT INTO ward (workplaceid)VALUES (140);
INSERT INTO workplace (workplaceid, workplace_name)VALUES (141, "Thoraxkirurgisk inskrivningsenhet N13 Solna");
INSERT INTO ward (workplaceid)VALUES (141);
INSERT INTO workplace (workplaceid, workplace_name)VALUES (142, "Thoraxoperation");
INSERT INTO ward (workplaceid)VALUES (142);
INSERT INTO workplace (workplaceid, workplace_name)VALUES (143, "Thoraxröntgen Solna");
INSERT INTO ward (workplaceid)VALUES (143);
INSERT INTO workplace (workplaceid, workplace_name)VALUES (144, "Uppvakningsavdelningen Huddinge");
INSERT INTO ward (workplaceid)VALUES (144);
INSERT INTO workplace (workplaceid, workplace_name)VALUES (145, "Urologisk dagvårdsenhet Huddinge");
INSERT INTO ward (workplaceid)VALUES (145);
INSERT INTO workplace (workplaceid, workplace_name)VALUES (146, "Geriatriska klinikens avdelningar");
INSERT INTO ward (workplaceid)VALUES (146);
INSERT INTO workplace (workplaceid, workplace_name)VALUES (147, "Graviditet och förlossning");
INSERT INTO ward (workplaceid)VALUES (147);
INSERT INTO workplace (workplaceid, workplace_name)VALUES (148, "Gynavdelning Huddinge");
INSERT INTO ward (workplaceid)VALUES (148);
INSERT INTO workplace (workplaceid, workplace_name)VALUES (149, "Gynavdelning Solna");
INSERT INTO ward (workplaceid)VALUES (149);
INSERT INTO workplace (workplaceid, workplace_name)VALUES (150, "Hematologmottagning/dagvård R51-53 Huddinge");
INSERT INTO ward (workplaceid)VALUES (150);
INSERT INTO workplace (workplaceid, workplace_name)VALUES (151, "Hjärtarytmiverksamheten");
INSERT INTO ward (workplaceid)VALUES (151);
INSERT INTO workplace (workplaceid, workplace_name)VALUES (152, "Hjärtintensivavdelning");
INSERT INTO ward (workplaceid)VALUES (152);
INSERT INTO workplace (workplaceid, workplace_name)VALUES (153, "Hyperbarmedicin");
INSERT INTO ward (workplaceid)VALUES (153);
INSERT INTO workplace (workplaceid, workplace_name)VALUES (154, "Intensivvårdsavdelningen Huddinge");
INSERT INTO ward (workplaceid)VALUES (154);
INSERT INTO workplace (workplaceid, workplace_name)VALUES (155, "Intensivvårdsavdelningen Solna");
INSERT INTO ward (workplaceid)VALUES (155);
INSERT INTO workplace (workplaceid, workplace_name)VALUES (156, "Kontaktinformation N15 och M82");
INSERT INTO ward (workplaceid)VALUES (156);
INSERT INTO workplace (workplaceid, workplace_name)VALUES (157, "Kontaktinformation N15 och M82");
INSERT INTO ward (workplaceid)VALUES (157);
INSERT INTO workplace (workplaceid, workplace_name)VALUES (158, "Kranskärlsverksamheten");
INSERT INTO ward (workplaceid)VALUES (158);
INSERT INTO workplace (workplaceid, workplace_name)VALUES (159, "Mammografienheten Solna");
INSERT INTO ward (workplaceid)VALUES (159);
INSERT INTO workplace (workplaceid, workplace_name)VALUES (160, "Neurokirurgisk avdelning R14 Solna");
INSERT INTO ward (workplaceid)VALUES (160);
INSERT INTO workplace (workplaceid, workplace_name)VALUES (161, "Neurokirurgisk avdelning R16 Solna");
INSERT INTO ward (workplaceid)VALUES (161);
INSERT INTO workplace (workplaceid, workplace_name)VALUES (162, "Neurokirurgisk intensivvårdsavdelning Solna");
INSERT INTO ward (workplaceid)VALUES (162);
INSERT INTO workplace (workplaceid, workplace_name)VALUES (163, "Neurokirurgisk intermediärvårdsavdelning (NIMA) Solna");
INSERT INTO ward (workplaceid)VALUES (163);
INSERT INTO workplace (workplaceid, workplace_name)VALUES (164, "Neurokirurgisk operationsavdelning Solna");
INSERT INTO ward (workplaceid)VALUES (164);
INSERT INTO workplace (workplaceid, workplace_name)VALUES (165, "Neurologavd R81 - Veckovård Huddinge");
INSERT INTO ward (workplaceid)VALUES (165);
INSERT INTO workplace (workplaceid, workplace_name)VALUES (166, "Neurologavd R82 - Strokevård/NAVE Huddinge");
INSERT INTO ward (workplaceid)VALUES (166);
INSERT INTO workplace (workplaceid, workplace_name)VALUES (167, "Neurologavd R84 - Allmänneurologi Huddinge");
INSERT INTO ward (workplaceid)VALUES (167);
INSERT INTO workplace (workplaceid, workplace_name)VALUES (168, "Neurologavdelning R15/R12/NAVE Solna");
INSERT INTO ward (workplaceid)VALUES (168);
INSERT INTO workplace (workplaceid, workplace_name)VALUES (169, "Neurologavdelning R18 Solna");
INSERT INTO ward (workplaceid)VALUES (169);
INSERT INTO workplace (workplaceid, workplace_name)VALUES (170, "Neurologavdelning R19 Solna");
INSERT INTO ward (workplaceid)VALUES (170);
INSERT INTO workplace (workplaceid, workplace_name)VALUES (171, "Njurstensenheten Huddinge");
INSERT INTO ward (workplaceid)VALUES (171);
INSERT INTO workplace (workplaceid, workplace_name)VALUES (172, "Nuklearmedicin, Huddinge");
INSERT INTO ward (workplaceid)VALUES (172);
INSERT INTO workplace (workplaceid, workplace_name)VALUES (173, "Nuklearmedicin, Solna");
INSERT INTO ward (workplaceid)VALUES (173);
INSERT INTO workplace (workplaceid, workplace_name)VALUES (174, "Öron-, näs- och halsoperation Solna");
INSERT INTO ward (workplaceid)VALUES (174);
INSERT INTO workplace (workplaceid, workplace_name)VALUES (175, "Öron-, näs-, hals- och cochleaoperation Huddinge");
INSERT INTO ward (workplaceid)VALUES (175);
INSERT INTO workplace (workplaceid, workplace_name)VALUES (176, "Onkologiska kliniken kontakta oss");
INSERT INTO ward (workplaceid)VALUES (176);
INSERT INTO workplace (workplaceid, workplace_name)VALUES (177, "Ortopedavdelning A22a Solna");
INSERT INTO ward (workplaceid)VALUES (177);
INSERT INTO workplace (workplaceid, workplace_name)VALUES (178, "Ortopedavdelning A25a Solna");
INSERT INTO ward (workplaceid)VALUES (178);
INSERT INTO workplace (workplaceid, workplace_name)VALUES (179, "Ortopedavdelning K83 Huddinge");
INSERT INTO ward (workplaceid)VALUES (179);
INSERT INTO workplace (workplaceid, workplace_name)VALUES (180, "Ortopedoperation Huddinge");
INSERT INTO ward (workplaceid)VALUES (180);
INSERT INTO workplace (workplaceid, workplace_name)VALUES (181, "Ortopedoperation Solna");
INSERT INTO ward (workplaceid)VALUES (181);
INSERT INTO specialization (specializationid, specialization_name)VALUES (1, "Allmän medicin");
INSERT INTO specialization (specializationid, specialization_name)VALUES (2, "Anestesiologi");
INSERT INTO specialization (specializationid, specialization_name)VALUES (3, "Barnmedicin/pediatrik");
INSERT INTO specialization (specializationid, specialization_name)VALUES (4, "Dermatologi");
INSERT INTO specialization (specializationid, specialization_name)VALUES (5, "Gynekologi");
INSERT INTO specialization (specializationid, specialization_name)VALUES (6, "Invärtesmedicin");
INSERT INTO specialization (specializationid, specialization_name)VALUES (7, "Kirurgi");
INSERT INTO specialization (specializationid, specialization_name)VALUES (8, "Klinisk kemi");
INSERT INTO specialization (specializationid, specialization_name)VALUES (9, "Neurologi");
INSERT INTO specialization (specializationid, specialization_name)VALUES (10, "Pediatrik");
INSERT INTO specialization (specializationid, specialization_name)VALUES (11, "Obstetrik");
INSERT INTO specialization (specializationid, specialization_name)VALUES (12, "Odontologi");
INSERT INTO specialization (specializationid, specialization_name)VALUES (13, "Oftalmologi");
INSERT INTO specialization (specializationid, specialization_name)VALUES (14, "Oto-rhino-laryngologi");
INSERT INTO specialization (specializationid, specialization_name)VALUES (15, "Psykiatri");
INSERT INTO specialization (specializationid, specialization_name)VALUES (16, "Socialmedicin");
INSERT INTO specialization (specializationid, specialization_name)VALUES (17, "Urologi");
INSERT INTO employee (employeeid, first_name, last_name, telephone_number, date_of_employment)VALUES (1, "Antti", "Lundkvist ", "031-472552", "2010-04-17");
INSERT INTO doctor (employeeid) VALUES (1);
INSERT INTO doctor_specialization(employeeid, specializationid) VALUES (1, 13);
INSERT INTO employee_workplace (employeeid, workplaceid) VALUES (1, 86);
INSERT INTO employee (employeeid, first_name, last_name, telephone_number, date_of_employment)VALUES (2, "Magnus", "Thorell ", "023-148170", "2007-03-04");
INSERT INTO nurse (employeeid) VALUES (2);
INSERT INTO nurse_specialization(employeeid, specializationid) VALUES (2, 15);
INSERT INTO employee_workplace (employeeid, workplaceid) VALUES (2, 157);
INSERT INTO employee (employeeid, first_name, last_name, telephone_number, date_of_employment)VALUES (3, "Marlen", "Hedvall ", "023-477882", "2009-12-07");
INSERT INTO nurse (employeeid) VALUES (3);

INSERT INTO employee_workplace (employeeid, workplaceid) VALUES (3, 141);
INSERT INTO employee (employeeid, first_name, last_name, telephone_number, date_of_employment)VALUES (4, "Maurits", "Bergvall ", "073-178781", "2014-02-20");
INSERT INTO assistant_nurse (employeeid) VALUES (4);
INSERT INTO employee_workplace (employeeid, workplaceid) VALUES (4, 71);
INSERT INTO employee (employeeid, first_name, last_name, telephone_number, date_of_employment)VALUES (5, "Alve", "Fridén ", "018-630570", "2011-10-02");
INSERT INTO doctor (employeeid) VALUES (5);

INSERT INTO employee_workplace (employeeid, workplaceid) VALUES (5, 170);
INSERT INTO employee (employeeid, first_name, last_name, telephone_number, date_of_employment)VALUES (6, "Jeanette", "Östlund ", "076-858712", "2013-05-25");
INSERT INTO doctor (employeeid) VALUES (6);
INSERT INTO doctor_specialization(employeeid, specializationid) VALUES (6, 3);
INSERT INTO employee_workplace (employeeid, workplaceid) VALUES (6, 134);
INSERT INTO employee (employeeid, first_name, last_name, telephone_number, date_of_employment)VALUES (7, "Esaias", "Zackrisson ", "023-563777", "2007-05-17");
INSERT INTO nurse (employeeid) VALUES (7);
INSERT INTO nurse_specialization(employeeid, specializationid) VALUES (7, 12);
INSERT INTO employee_workplace (employeeid, workplaceid) VALUES (7, 147);
INSERT INTO employee (employeeid, first_name, last_name, telephone_number, date_of_employment)VALUES (8, "Ottilia", "Lundén ", "021-148170", "2013-12-08");
INSERT INTO nurse (employeeid) VALUES (8);
INSERT INTO nurse_specialization(employeeid, specializationid) VALUES (8, 13);
INSERT INTO employee_workplace (employeeid, workplaceid) VALUES (8, 40);
INSERT INTO employee (employeeid, first_name, last_name, telephone_number, date_of_employment)VALUES (9, "Elsie", "Ekstrand ", "042-110171", "2009-05-12");
INSERT INTO doctor (employeeid) VALUES (9);

INSERT INTO employee_workplace (employeeid, workplaceid) VALUES (9, 6);
INSERT INTO employee (employeeid, first_name, last_name, telephone_number, date_of_employment)VALUES (10, "Bonde", "Gren ", "044-548846", "2012-01-19");
INSERT INTO doctor (employeeid) VALUES (10);
INSERT INTO doctor_specialization(employeeid, specializationid) VALUES (10, 14);
INSERT INTO employee_workplace (employeeid, workplaceid) VALUES (10, 35);
COMMIT;
