START TRANSACTION;
INSERT INTO workplace (workplaceid, workplace_name)VALUES (1, "Abortmottagning");
INSERT INTO clinic (workplaceid)VALUES (1);
INSERT INTO workplace (workplaceid, workplace_name)VALUES (2, "Akutmottagningen");
INSERT INTO clinic (workplaceid)VALUES (2);
INSERT INTO workplace (workplaceid, workplace_name)VALUES (3, "Allmän endokrinologiska mottagningen Solna");
INSERT INTO clinic (workplaceid)VALUES (3);
INSERT INTO workplace (workplaceid, workplace_name)VALUES (4, "Amningsmottagningen Solna");
INSERT INTO clinic (workplaceid)VALUES (4);
INSERT INTO workplace (workplaceid, workplace_name)VALUES (5, "Anestesimottagningen Huddinge");
INSERT INTO clinic (workplaceid)VALUES (5);
INSERT INTO workplace (workplaceid, workplace_name)VALUES (6, "Anestesimottagningen Solna");
INSERT INTO clinic (workplaceid)VALUES (6);
INSERT INTO workplace (workplaceid, workplace_name)VALUES (7, "Antikoagulationsmottagningen Huddinge");
INSERT INTO clinic (workplaceid)VALUES (7);
INSERT INTO workplace (workplaceid, workplace_name)VALUES (8, "Auroramottagningen Solna");
INSERT INTO clinic (workplaceid)VALUES (8);
INSERT INTO workplace (workplaceid, workplace_name)VALUES (9, "Plastikmottagningen Solna");
INSERT INTO clinic (workplaceid)VALUES (9);
INSERT INTO workplace (workplaceid, workplace_name)VALUES (10, "PQCT-mottagningen Huddinge");
INSERT INTO clinic (workplaceid)VALUES (10);
INSERT INTO workplace (workplaceid, workplace_name)VALUES (11, "Psykologmottagningen");
INSERT INTO clinic (workplaceid)VALUES (11);
INSERT INTO workplace (workplaceid, workplace_name)VALUES (12, "Benmetabola sjukdomar inkl osteoporos Solna");
INSERT INTO clinic (workplaceid)VALUES (12);
INSERT INTO workplace (workplaceid, workplace_name)VALUES (13, "Bentäthetsmottagning C2-84, Huddinge");
INSERT INTO clinic (workplaceid)VALUES (13);
INSERT INTO workplace (workplaceid, workplace_name)VALUES (14, "Centrum Andrologi & Sexualmedicin");
INSERT INTO clinic (workplaceid)VALUES (14);
INSERT INTO workplace (workplaceid, workplace_name)VALUES (15, "Centrum för Fostermedicin");
INSERT INTO clinic (workplaceid)VALUES (15);
INSERT INTO workplace (workplaceid, workplace_name)VALUES (16, "Reumatologmottagning Huddinge");
INSERT INTO clinic (workplaceid)VALUES (16);
INSERT INTO workplace (workplaceid, workplace_name)VALUES (17, "Reumatologmottagning Solna");
INSERT INTO clinic (workplaceid)VALUES (17);
INSERT INTO workplace (workplaceid, workplace_name)VALUES (18, "Diabetesfotsjukvård C2:84, Huddinge");
INSERT INTO clinic (workplaceid)VALUES (18);
INSERT INTO workplace (workplaceid, workplace_name)VALUES (19, "Diabetesfotsårsmottagningen Solna");
INSERT INTO clinic (workplaceid)VALUES (19);
INSERT INTO workplace (workplaceid, workplace_name)VALUES (20, "Dialysmottagningen Huddinge");
INSERT INTO clinic (workplaceid)VALUES (20);
INSERT INTO workplace (workplaceid, workplace_name)VALUES (21, "Dialysmottagningen Solna");
INSERT INTO clinic (workplaceid)VALUES (21);
INSERT INTO workplace (workplaceid, workplace_name)VALUES (22, "Dialysmottagningen Södersjukhuset");
INSERT INTO clinic (workplaceid)VALUES (22);
INSERT INTO workplace (workplaceid, workplace_name)VALUES (23, "Sarkomkirurgi mottagning");
INSERT INTO clinic (workplaceid)VALUES (23);
INSERT INTO workplace (workplaceid, workplace_name)VALUES (24, "Sesam City");
INSERT INTO clinic (workplaceid)VALUES (24);
INSERT INTO workplace (workplaceid, workplace_name)VALUES (25, "Sesammottagning Huddinge");
INSERT INTO clinic (workplaceid)VALUES (25);
INSERT INTO workplace (workplaceid, workplace_name)VALUES (26, "Smärtcentrum");
INSERT INTO clinic (workplaceid)VALUES (26);
INSERT INTO workplace (workplaceid, workplace_name)VALUES (27, "Smärtmottagning reumatologi Solna");
INSERT INTO clinic (workplaceid)VALUES (27);
INSERT INTO workplace (workplaceid, workplace_name)VALUES (28, "Smärtmottagningen Huddinge");
INSERT INTO clinic (workplaceid)VALUES (28);
INSERT INTO workplace (workplaceid, workplace_name)VALUES (29, "Smärtmottagningen Solna");
INSERT INTO clinic (workplaceid)VALUES (29);
INSERT INTO workplace (workplaceid, workplace_name)VALUES (30, "Stomimottagningen Solna");
INSERT INTO clinic (workplaceid)VALUES (30);
INSERT INTO workplace (workplaceid, workplace_name)VALUES (31, "Sårmottagning för tumörsår");
INSERT INTO clinic (workplaceid)VALUES (31);
INSERT INTO workplace (workplaceid, workplace_name)VALUES (32, "Endokrinkirurgi mottagning");
INSERT INTO clinic (workplaceid)VALUES (32);
INSERT INTO workplace (workplaceid, workplace_name)VALUES (33, "Endokrinmottagning C2:84 Huddinge");
INSERT INTO clinic (workplaceid)VALUES (33);
INSERT INTO workplace (workplaceid, workplace_name)VALUES (34, "Endokrinmottagningen Solna");
INSERT INTO clinic (workplaceid)VALUES (34);
INSERT INTO workplace (workplaceid, workplace_name)VALUES (35, "Thorax Kärl mottagning");
INSERT INTO clinic (workplaceid)VALUES (35);
INSERT INTO workplace (workplaceid, workplace_name)VALUES (36, "Transplantationsmottagningen Huddinge");
INSERT INTO clinic (workplaceid)VALUES (36);
INSERT INTO workplace (workplaceid, workplace_name)VALUES (37, "Urologiska mottagningar");
INSERT INTO clinic (workplaceid)VALUES (37);
INSERT INTO workplace (workplaceid, workplace_name)VALUES (38, "Uroterapimottagningar");
INSERT INTO clinic (workplaceid)VALUES (38);
INSERT INTO workplace (workplaceid, workplace_name)VALUES (39, "Gastrokirurgmottagningar Huddinge");
INSERT INTO clinic (workplaceid)VALUES (39);
INSERT INTO workplace (workplaceid, workplace_name)VALUES (40, "Gastrokirurgmottagningen Solna");
INSERT INTO clinic (workplaceid)VALUES (40);
INSERT INTO workplace (workplaceid, workplace_name)VALUES (41, "Gastromottagning B71-73 Huddinge");
INSERT INTO clinic (workplaceid)VALUES (41);
INSERT INTO workplace (workplaceid, workplace_name)VALUES (42, "Gastromottagning K51-61 Huddinge");
INSERT INTO clinic (workplaceid)VALUES (42);
INSERT INTO workplace (workplaceid, workplace_name)VALUES (43, "Gastromottagningen Solna");
INSERT INTO clinic (workplaceid)VALUES (43);
INSERT INTO workplace (workplaceid, workplace_name)VALUES (44, "Genetiska enheten");
INSERT INTO clinic (workplaceid)VALUES (44);
INSERT INTO workplace (workplaceid, workplace_name)VALUES (45, "Geriatriska klinikens mottagningar");
INSERT INTO clinic (workplaceid)VALUES (45);
INSERT INTO workplace (workplaceid, workplace_name)VALUES (46, "Graviditet och förlossning");
INSERT INTO clinic (workplaceid)VALUES (46);
INSERT INTO workplace (workplaceid, workplace_name)VALUES (47, "Gynekologiska akutmottagningar");
INSERT INTO clinic (workplaceid)VALUES (47);
INSERT INTO workplace (workplaceid, workplace_name)VALUES (48, "Gynmottagning Huddinge");
INSERT INTO clinic (workplaceid)VALUES (48);
INSERT INTO workplace (workplaceid, workplace_name)VALUES (49, "Gynmottagning Liljeholmen");
INSERT INTO clinic (workplaceid)VALUES (49);
INSERT INTO workplace (workplaceid, workplace_name)VALUES (50, "Gynmottagning Solna");
INSERT INTO clinic (workplaceid)VALUES (50);
INSERT INTO workplace (workplaceid, workplace_name)VALUES (51, "Hematologimottagingen Danderyds sjukhus");
INSERT INTO clinic (workplaceid)VALUES (51);
INSERT INTO workplace (workplaceid, workplace_name)VALUES (52, "Hematologimottagningen Solna");
INSERT INTO clinic (workplaceid)VALUES (52);
INSERT INTO workplace (workplaceid, workplace_name)VALUES (53, "Hematologmottagning/dagvård R51-53 Huddinge");
INSERT INTO clinic (workplaceid)VALUES (53);
INSERT INTO workplace (workplaceid, workplace_name)VALUES (54, "HIV-mottagning Huddinge");
INSERT INTO clinic (workplaceid)VALUES (54);
INSERT INTO workplace (workplaceid, workplace_name)VALUES (55, "Hjärtsviktsmottagningen");
INSERT INTO clinic (workplaceid)VALUES (55);
INSERT INTO workplace (workplaceid, workplace_name)VALUES (56, "Hjärttransplantationsmottagningen");
INSERT INTO clinic (workplaceid)VALUES (56);
INSERT INTO workplace (workplaceid, workplace_name)VALUES (57, "Hudbehandlingsmottagningen Solna");
INSERT INTO clinic (workplaceid)VALUES (57);
INSERT INTO workplace (workplaceid, workplace_name)VALUES (58, "Hudmottagningen Solna");
INSERT INTO clinic (workplaceid)VALUES (58);
INSERT INTO workplace (workplaceid, workplace_name)VALUES (59, "Hörselrehabilitering Vuxna");
INSERT INTO clinic (workplaceid)VALUES (59);
INSERT INTO workplace (workplaceid, workplace_name)VALUES (60, "Infektionsmottagningar");
INSERT INTO clinic (workplaceid)VALUES (60);
INSERT INTO workplace (workplaceid, workplace_name)VALUES (61, "Kirurgmottagningen Solna");
INSERT INTO clinic (workplaceid)VALUES (61);
INSERT INTO workplace (workplaceid, workplace_name)VALUES (62, "Koagulationsmottagningen Solna");
INSERT INTO clinic (workplaceid)VALUES (62);
INSERT INTO workplace (workplaceid, workplace_name)VALUES (63, "Kolorektalmottagning Huddinge");
INSERT INTO clinic (workplaceid)VALUES (63);
INSERT INTO workplace (workplaceid, workplace_name)VALUES (64, "Kungsholmsdialysen");
INSERT INTO clinic (workplaceid)VALUES (64);
INSERT INTO workplace (workplaceid, workplace_name)VALUES (65, "Livsstilsmottagningen");
INSERT INTO clinic (workplaceid)VALUES (65);
INSERT INTO workplace (workplaceid, workplace_name)VALUES (66, "Ljusbehandlingsmottagningen Solna");
INSERT INTO clinic (workplaceid)VALUES (66);
INSERT INTO workplace (workplaceid, workplace_name)VALUES (67, "Logopedmottagning Huddinge");
INSERT INTO clinic (workplaceid)VALUES (67);
INSERT INTO workplace (workplaceid, workplace_name)VALUES (68, "Logopedmottagning Solna");
INSERT INTO clinic (workplaceid)VALUES (68);
INSERT INTO workplace (workplaceid, workplace_name)VALUES (69, "Läkarmottagning");
INSERT INTO clinic (workplaceid)VALUES (69);
INSERT INTO workplace (workplaceid, workplace_name)VALUES (70, "Återbesöks- och amningsmottagning Huddinge");
INSERT INTO clinic (workplaceid)VALUES (70);
INSERT INTO workplace (workplaceid, workplace_name)VALUES (71, "Återbesöksmottagningen Solna");
INSERT INTO clinic (workplaceid)VALUES (71);
INSERT INTO workplace (workplaceid, workplace_name)VALUES (72, "Neurocutan mottagning Solna");
INSERT INTO clinic (workplaceid)VALUES (72);
INSERT INTO workplace (workplaceid, workplace_name)VALUES (73, "Neurofysiologisk mottagning Huddinge");
INSERT INTO clinic (workplaceid)VALUES (73);
INSERT INTO workplace (workplaceid, workplace_name)VALUES (74, "Neurofysiologisk mottagning Solna");
INSERT INTO clinic (workplaceid)VALUES (74);
INSERT INTO workplace (workplaceid, workplace_name)VALUES (75, "Neurofysiologisk mottagning Södersjukhuset");
INSERT INTO clinic (workplaceid)VALUES (75);
INSERT INTO workplace (workplaceid, workplace_name)VALUES (76, "Neurokirurgisk mottagning Solna");
INSERT INTO clinic (workplaceid)VALUES (76);
INSERT INTO workplace (workplaceid, workplace_name)VALUES (77, "Neurologmottagningen Huddinge");
INSERT INTO clinic (workplaceid)VALUES (77);
INSERT INTO workplace (workplaceid, workplace_name)VALUES (78, "Neurologmottagningen Solna");
INSERT INTO clinic (workplaceid)VALUES (78);
INSERT INTO workplace (workplaceid, workplace_name)VALUES (79, "Njurmedicinsk mottagning och PD mottagning");
INSERT INTO clinic (workplaceid)VALUES (79);
INSERT INTO workplace (workplaceid, workplace_name)VALUES (80, "Njurmedicinska mottagningen Huddinge");
INSERT INTO clinic (workplaceid)VALUES (80);
INSERT INTO workplace (workplaceid, workplace_name)VALUES (81, "Öron-, näs- och halsakuten Huddinge");
INSERT INTO clinic (workplaceid)VALUES (81);
INSERT INTO workplace (workplaceid, workplace_name)VALUES (82, "Öron-, näs- och halsakuten Solna");
INSERT INTO clinic (workplaceid)VALUES (82);
INSERT INTO workplace (workplaceid, workplace_name)VALUES (83, "Öron-, näs- och halsakuten Södersjukhuset");
INSERT INTO clinic (workplaceid)VALUES (83);
INSERT INTO workplace (workplaceid, workplace_name)VALUES (84, "Öron-, näs- och halsmottagningen Danderyd");
INSERT INTO clinic (workplaceid)VALUES (84);
INSERT INTO workplace (workplaceid, workplace_name)VALUES (85, "Öron-, näs- och halsmottagningen Huddinge");
INSERT INTO clinic (workplaceid)VALUES (85);
INSERT INTO workplace (workplaceid, workplace_name)VALUES (86, "Öron-, näs- och halsmottagningen Solna");
INSERT INTO clinic (workplaceid)VALUES (86);
INSERT INTO workplace (workplaceid, workplace_name)VALUES (87, "ÖverviktsCentrum");
INSERT INTO clinic (workplaceid)VALUES (87);
INSERT INTO workplace (workplaceid, workplace_name)VALUES (88, "Onkologiska kliniken kontakta oss");
INSERT INTO clinic (workplaceid)VALUES (88);
INSERT INTO workplace (workplaceid, workplace_name)VALUES (89, "Ortopedmottagningen Huddinge");
INSERT INTO clinic (workplaceid)VALUES (89);
INSERT INTO workplace (workplaceid, workplace_name)VALUES (90, "Ortopedmottagningen Solna");
INSERT INTO clinic (workplaceid)VALUES (90);
INSERT INTO workplace (workplaceid, workplace_name)VALUES (91, "Osteoporoscentrum C2:84, Huddinge");
INSERT INTO clinic (workplaceid)VALUES (91);
INSERT INTO workplace (workplaceid, workplace_name)VALUES (92, "Avdelning A23a Solna");
INSERT INTO ward (workplaceid)VALUES (92);
INSERT INTO workplace (workplaceid, workplace_name)VALUES (93, "Akut Trauma Kirurgi Solna");
INSERT INTO ward (workplaceid)VALUES (93);
INSERT INTO workplace (workplaceid, workplace_name)VALUES (94, "Akutvårdsavdelningarna Huddinge");
INSERT INTO ward (workplaceid)VALUES (94);
INSERT INTO workplace (workplaceid, workplace_name)VALUES (95, "Akutvårdsavdelningarna Solna");
INSERT INTO ward (workplaceid)VALUES (95);
INSERT INTO workplace (workplaceid, workplace_name)VALUES (96, "Anestesi- och operationsavdelningen Huddinge");
INSERT INTO ward (workplaceid)VALUES (96);
INSERT INTO workplace (workplaceid, workplace_name)VALUES (97, "Avdelning A16b Solna");
INSERT INTO ward (workplaceid)VALUES (97);
INSERT INTO workplace (workplaceid, workplace_name)VALUES (98, "Avdelning A24a Solna");
INSERT INTO ward (workplaceid)VALUES (98);
INSERT INTO workplace (workplaceid, workplace_name)VALUES (99, "Avdelning A24b Solna");
INSERT INTO ward (workplaceid)VALUES (99);
INSERT INTO workplace (workplaceid, workplace_name)VALUES (100, "Avdelning A25b Solna");
INSERT INTO ward (workplaceid)VALUES (100);
INSERT INTO workplace (workplaceid, workplace_name)VALUES (101, "Avdelning B13 & B24-B34 Solna");
INSERT INTO ward (workplaceid)VALUES (101);
INSERT INTO workplace (workplaceid, workplace_name)VALUES (102, "Avdelning B13 Solna");
INSERT INTO ward (workplaceid)VALUES (102);
INSERT INTO workplace (workplaceid, workplace_name)VALUES (103, "Avdelning B15 Solna");
INSERT INTO ward (workplaceid)VALUES (103);
INSERT INTO workplace (workplaceid, workplace_name)VALUES (104, "Avdelning B82 Huddinge");
INSERT INTO ward (workplaceid)VALUES (104);
INSERT INTO workplace (workplaceid, workplace_name)VALUES (105, "Avdelning D14 Solna");
INSERT INTO ward (workplaceid)VALUES (105);
INSERT INTO workplace (workplaceid, workplace_name)VALUES (106, "Avdelning E13 Solna");
INSERT INTO ward (workplaceid)VALUES (106);
INSERT INTO workplace (workplaceid, workplace_name)VALUES (107, "Avdelning E14 Solna");
INSERT INTO ward (workplaceid)VALUES (107);
INSERT INTO workplace (workplaceid, workplace_name)VALUES (108, "Avdelning I52/I54 & I62/I64 Huddinge");
INSERT INTO ward (workplaceid)VALUES (108);
INSERT INTO workplace (workplaceid, workplace_name)VALUES (109, "Avdelning K44 (IMA) Huddinge");
INSERT INTO ward (workplaceid)VALUES (109);
INSERT INTO workplace (workplaceid, workplace_name)VALUES (110, "Avdelning K66 Huddinge");
INSERT INTO ward (workplaceid)VALUES (110);
INSERT INTO workplace (workplaceid, workplace_name)VALUES (111, "Avdelning K71-73 Huddinge");
INSERT INTO ward (workplaceid)VALUES (111);
INSERT INTO workplace (workplaceid, workplace_name)VALUES (112, "Avdelning K72 Huddinge");
INSERT INTO ward (workplaceid)VALUES (112);
INSERT INTO workplace (workplaceid, workplace_name)VALUES (113, "Avdelning K74 Huddinge");
INSERT INTO ward (workplaceid)VALUES (113);
INSERT INTO workplace (workplaceid, workplace_name)VALUES (114, "Avdelning K87-89 Huddinge");
INSERT INTO ward (workplaceid)VALUES (114);
INSERT INTO workplace (workplaceid, workplace_name)VALUES (115, "Avdelning M61-63 Huddinge");
INSERT INTO ward (workplaceid)VALUES (115);
INSERT INTO workplace (workplaceid, workplace_name)VALUES (116, "Avdelning M71-73 Huddinge");
INSERT INTO ward (workplaceid)VALUES (116);
INSERT INTO workplace (workplaceid, workplace_name)VALUES (117, "Avdelning N13 Solna");
INSERT INTO ward (workplaceid)VALUES (117);
INSERT INTO workplace (workplaceid, workplace_name)VALUES (118, "Avdelning N22");
INSERT INTO ward (workplaceid)VALUES (118);
INSERT INTO workplace (workplaceid, workplace_name)VALUES (119, "Avdelning N23 Solna");
INSERT INTO ward (workplaceid)VALUES (119);
INSERT INTO workplace (workplaceid, workplace_name)VALUES (120, "Plastikoperationsavdelning");
INSERT INTO ward (workplaceid)VALUES (120);
INSERT INTO workplace (workplaceid, workplace_name)VALUES (121, "B72 avdelning Geriatrik");
INSERT INTO ward (workplaceid)VALUES (121);
INSERT INTO workplace (workplaceid, workplace_name)VALUES (122, "B74 avdelning Geriatrik");
INSERT INTO ward (workplaceid)VALUES (122);
INSERT INTO workplace (workplaceid, workplace_name)VALUES (123, "B81 avdelning Geriatrik");
INSERT INTO ward (workplaceid)VALUES (123);
INSERT INTO workplace (workplaceid, workplace_name)VALUES (124, "B83 avdelning Geriatrik");
INSERT INTO ward (workplaceid)VALUES (124);
INSERT INTO workplace (workplaceid, workplace_name)VALUES (125, "BB Karolinska Solna");
INSERT INTO ward (workplaceid)VALUES (125);
INSERT INTO workplace (workplaceid, workplace_name)VALUES (126, "Centrala röntgen Solna");
INSERT INTO ward (workplaceid)VALUES (126);
INSERT INTO workplace (workplaceid, workplace_name)VALUES (127, "Centraloperation Solna");
INSERT INTO ward (workplaceid)VALUES (127);
INSERT INTO workplace (workplaceid, workplace_name)VALUES (128, "R71 avdelning Geriatrik");
INSERT INTO ward (workplaceid)VALUES (128);
INSERT INTO workplace (workplaceid, workplace_name)VALUES (129, "R73 avdelning Geriatrik");
INSERT INTO ward (workplaceid)VALUES (129);
INSERT INTO workplace (workplaceid, workplace_name)VALUES (130, "Dagkirurgi/Sömnlaboratorium B84 Huddinge");
INSERT INTO ward (workplaceid)VALUES (130);
INSERT INTO workplace (workplaceid, workplace_name)VALUES (131, "Dagvårdsavdelning A15b Solna");
INSERT INTO ward (workplaceid)VALUES (131);
INSERT INTO workplace (workplaceid, workplace_name)VALUES (132, "Dagvårdsavdelning D25 Solna");
INSERT INTO ward (workplaceid)VALUES (132);
INSERT INTO workplace (workplaceid, workplace_name)VALUES (133, "Dagvårdsavdelning R72 Huddinge");
INSERT INTO ward (workplaceid)VALUES (133);
INSERT INTO workplace (workplaceid, workplace_name)VALUES (134, "Dagvårdsmottagningen Solna");
INSERT INTO ward (workplaceid)VALUES (134);
INSERT INTO workplace (workplaceid, workplace_name)VALUES (135, "Diabetes- och metabola dagvårdsavdelningen C2:84, Huddinge");
INSERT INTO ward (workplaceid)VALUES (135);
INSERT INTO workplace (workplaceid, workplace_name)VALUES (136, "Slutenvårdsavdelning D26 Solna");
INSERT INTO ward (workplaceid)VALUES (136);
INSERT INTO workplace (workplaceid, workplace_name)VALUES (137, "Smärtavdelningen Huddinge");
INSERT INTO ward (workplaceid)VALUES (137);
INSERT INTO workplace (workplaceid, workplace_name)VALUES (138, "Syrgasmottagning");
INSERT INTO ward (workplaceid)VALUES (138);
INSERT INTO workplace (workplaceid, workplace_name)VALUES (139, "Endokrindagvården Solna");
INSERT INTO ward (workplaceid)VALUES (139);
INSERT INTO workplace (workplaceid, workplace_name)VALUES (140, "THIVA och THIMA");
INSERT INTO ward (workplaceid)VALUES (140);
INSERT INTO workplace (workplaceid, workplace_name)VALUES (141, "Thoraxkirurgisk inskrivningsenhet N13 Solna");
INSERT INTO ward (workplaceid)VALUES (141);
INSERT INTO workplace (workplaceid, workplace_name)VALUES (142, "Thoraxoperation");
INSERT INTO ward (workplaceid)VALUES (142);
INSERT INTO workplace (workplaceid, workplace_name)VALUES (143, "Thoraxröntgen Solna");
INSERT INTO ward (workplaceid)VALUES (143);
INSERT INTO workplace (workplaceid, workplace_name)VALUES (144, "Uppvakningsavdelningen Huddinge");
INSERT INTO ward (workplaceid)VALUES (144);
INSERT INTO workplace (workplaceid, workplace_name)VALUES (145, "Urologisk dagvårdsenhet Huddinge");
INSERT INTO ward (workplaceid)VALUES (145);
INSERT INTO workplace (workplaceid, workplace_name)VALUES (146, "Geriatriska klinikens avdelningar");
INSERT INTO ward (workplaceid)VALUES (146);
INSERT INTO workplace (workplaceid, workplace_name)VALUES (147, "Graviditet och förlossning");
INSERT INTO ward (workplaceid)VALUES (147);
INSERT INTO workplace (workplaceid, workplace_name)VALUES (148, "Gynavdelning Huddinge");
INSERT INTO ward (workplaceid)VALUES (148);
INSERT INTO workplace (workplaceid, workplace_name)VALUES (149, "Gynavdelning Solna");
INSERT INTO ward (workplaceid)VALUES (149);
INSERT INTO workplace (workplaceid, workplace_name)VALUES (150, "Hematologmottagning/dagvård R51-53 Huddinge");
INSERT INTO ward (workplaceid)VALUES (150);
INSERT INTO workplace (workplaceid, workplace_name)VALUES (151, "Hjärtarytmiverksamheten");
INSERT INTO ward (workplaceid)VALUES (151);
INSERT INTO workplace (workplaceid, workplace_name)VALUES (152, "Hjärtintensivavdelning");
INSERT INTO ward (workplaceid)VALUES (152);
INSERT INTO workplace (workplaceid, workplace_name)VALUES (153, "Hyperbarmedicin");
INSERT INTO ward (workplaceid)VALUES (153);
INSERT INTO workplace (workplaceid, workplace_name)VALUES (154, "Intensivvårdsavdelningen Huddinge");
INSERT INTO ward (workplaceid)VALUES (154);
INSERT INTO workplace (workplaceid, workplace_name)VALUES (155, "Intensivvårdsavdelningen Solna");
INSERT INTO ward (workplaceid)VALUES (155);
INSERT INTO workplace (workplaceid, workplace_name)VALUES (156, "Kontaktinformation N15 och M82");
INSERT INTO ward (workplaceid)VALUES (156);
INSERT INTO workplace (workplaceid, workplace_name)VALUES (157, "Kontaktinformation N15 och M82");
INSERT INTO ward (workplaceid)VALUES (157);
INSERT INTO workplace (workplaceid, workplace_name)VALUES (158, "Kranskärlsverksamheten");
INSERT INTO ward (workplaceid)VALUES (158);
INSERT INTO workplace (workplaceid, workplace_name)VALUES (159, "Mammografienheten Solna");
INSERT INTO ward (workplaceid)VALUES (159);
INSERT INTO workplace (workplaceid, workplace_name)VALUES (160, "Neurokirurgisk avdelning R14 Solna");
INSERT INTO ward (workplaceid)VALUES (160);
INSERT INTO workplace (workplaceid, workplace_name)VALUES (161, "Neurokirurgisk avdelning R16 Solna");
INSERT INTO ward (workplaceid)VALUES (161);
INSERT INTO workplace (workplaceid, workplace_name)VALUES (162, "Neurokirurgisk intensivvårdsavdelning Solna");
INSERT INTO ward (workplaceid)VALUES (162);
INSERT INTO workplace (workplaceid, workplace_name)VALUES (163, "Neurokirurgisk intermediärvårdsavdelning (NIMA) Solna");
INSERT INTO ward (workplaceid)VALUES (163);
INSERT INTO workplace (workplaceid, workplace_name)VALUES (164, "Neurokirurgisk operationsavdelning Solna");
INSERT INTO ward (workplaceid)VALUES (164);
INSERT INTO workplace (workplaceid, workplace_name)VALUES (165, "Neurologavd R81 - Veckovård Huddinge");
INSERT INTO ward (workplaceid)VALUES (165);
INSERT INTO workplace (workplaceid, workplace_name)VALUES (166, "Neurologavd R82 - Strokevård/NAVE Huddinge");
INSERT INTO ward (workplaceid)VALUES (166);
INSERT INTO workplace (workplaceid, workplace_name)VALUES (167, "Neurologavd R84 - Allmänneurologi Huddinge");
INSERT INTO ward (workplaceid)VALUES (167);
INSERT INTO workplace (workplaceid, workplace_name)VALUES (168, "Neurologavdelning R15/R12/NAVE Solna");
INSERT INTO ward (workplaceid)VALUES (168);
INSERT INTO workplace (workplaceid, workplace_name)VALUES (169, "Neurologavdelning R18 Solna");
INSERT INTO ward (workplaceid)VALUES (169);
INSERT INTO workplace (workplaceid, workplace_name)VALUES (170, "Neurologavdelning R19 Solna");
INSERT INTO ward (workplaceid)VALUES (170);
INSERT INTO workplace (workplaceid, workplace_name)VALUES (171, "Njurstensenheten Huddinge");
INSERT INTO ward (workplaceid)VALUES (171);
INSERT INTO workplace (workplaceid, workplace_name)VALUES (172, "Nuklearmedicin, Huddinge");
INSERT INTO ward (workplaceid)VALUES (172);
INSERT INTO workplace (workplaceid, workplace_name)VALUES (173, "Nuklearmedicin, Solna");
INSERT INTO ward (workplaceid)VALUES (173);
INSERT INTO workplace (workplaceid, workplace_name)VALUES (174, "Öron-, näs- och halsoperation Solna");
INSERT INTO ward (workplaceid)VALUES (174);
INSERT INTO workplace (workplaceid, workplace_name)VALUES (175, "Öron-, näs-, hals- och cochleaoperation Huddinge");
INSERT INTO ward (workplaceid)VALUES (175);
INSERT INTO workplace (workplaceid, workplace_name)VALUES (176, "Onkologiska kliniken kontakta oss");
INSERT INTO ward (workplaceid)VALUES (176);
INSERT INTO workplace (workplaceid, workplace_name)VALUES (177, "Ortopedavdelning A22a Solna");
INSERT INTO ward (workplaceid)VALUES (177);
INSERT INTO workplace (workplaceid, workplace_name)VALUES (178, "Ortopedavdelning A25a Solna");
INSERT INTO ward (workplaceid)VALUES (178);
INSERT INTO workplace (workplaceid, workplace_name)VALUES (179, "Ortopedavdelning K83 Huddinge");
INSERT INTO ward (workplaceid)VALUES (179);
INSERT INTO workplace (workplaceid, workplace_name)VALUES (180, "Ortopedoperation Huddinge");
INSERT INTO ward (workplaceid)VALUES (180);
INSERT INTO workplace (workplaceid, workplace_name)VALUES (181, "Ortopedoperation Solna");
INSERT INTO ward (workplaceid)VALUES (181);
INSERT INTO specialization (specializationid, specialization_name)VALUES (1, "Allmän medicin");
INSERT INTO specialization (specializationid, specialization_name)VALUES (2, "Anestesiologi");
INSERT INTO specialization (specializationid, specialization_name)VALUES (3, "Barnmedicin/pediatrik");
INSERT INTO specialization (specializationid, specialization_name)VALUES (4, "Dermatologi");
INSERT INTO specialization (specializationid, specialization_name)VALUES (5, "Gynekologi");
INSERT INTO specialization (specializationid, specialization_name)VALUES (6, "Invärtesmedicin");
INSERT INTO specialization (specializationid, specialization_name)VALUES (7, "Kirurgi");
INSERT INTO specialization (specializationid, specialization_name)VALUES (8, "Klinisk kemi");
INSERT INTO specialization (specializationid, specialization_name)VALUES (9, "Neurologi");
INSERT INTO specialization (specializationid, specialization_name)VALUES (10, "Pediatrik");
INSERT INTO specialization (specializationid, specialization_name)VALUES (11, "Obstetrik");
INSERT INTO specialization (specializationid, specialization_name)VALUES (12, "Odontologi");
INSERT INTO specialization (specializationid, specialization_name)VALUES (13, "Oftalmologi");
INSERT INTO specialization (specializationid, specialization_name)VALUES (14, "Oto-rhino-laryngologi");
INSERT INTO specialization (specializationid, specialization_name)VALUES (15, "Psykiatri");
INSERT INTO specialization (specializationid, specialization_name)VALUES (16, "Socialmedicin");
INSERT INTO specialization (specializationid, specialization_name)VALUES (17, "Urologi");
INSERT INTO employee (employeeid, first_name, last_name, telephone_number, date_of_employment)VALUES (1, "Gunnar", "Bergström", "044-215003", NOW());
INSERT INTO doctor (employeeid) VALUES (1);
INSERT INTO doctor_specialization(employeeid, specializationid) VALUES (1, 3);
INSERT INTO employee (employeeid, first_name, last_name, telephone_number, date_of_employment)VALUES (2, "Pontus", "Nyström", "074-067844", NOW());
INSERT INTO nurse (employeeid) VALUES (2);
INSERT INTO nurse_specialization(employee_id, specialization_id) VALUES (2, 6);
INSERT INTO employee (employeeid, first_name, last_name, telephone_number, date_of_employment)VALUES (3, "Linnea", "Magnusson", "011-056565", NOW());
INSERT INTO nurse (employeeid) VALUES (3);
INSERT INTO nurse_specialization(employee_id, specialization_id) VALUES (3, 4);
INSERT INTO employee (employeeid, first_name, last_name, telephone_number, date_of_employment)VALUES (4, "Eduardo", "Axelsson", "044-640462", NOW());
INSERT INTO doctor (employeeid) VALUES (4);
INSERT INTO doctor_specialization(employeeid, specializationid) VALUES (4, 6);
INSERT INTO employee (employeeid, first_name, last_name, telephone_number, date_of_employment)VALUES (5, "Benita", "Ström", "063-011707", NOW());
INSERT INTO assistant_nurse (employeeid) VALUES (5);
INSERT INTO employee (employeeid, first_name, last_name, telephone_number, date_of_employment)VALUES (6, "Silvana", "Blom", "011-324304", NOW());
INSERT INTO doctor (employeeid) VALUES (6);
INSERT INTO doctor_specialization(employeeid, specializationid) VALUES (6, 11);
INSERT INTO employee (employeeid, first_name, last_name, telephone_number, date_of_employment)VALUES (7, "Emerentia", "Ekström", "026-733421", NOW());
INSERT INTO doctor (employeeid) VALUES (7);
INSERT INTO doctor_specialization(employeeid, specializationid) VALUES (7, 14);
INSERT INTO employee (employeeid, first_name, last_name, telephone_number, date_of_employment)VALUES (8, "Ian", "Gunnarsson", "046-734774", NOW());
INSERT INTO nurse (employeeid) VALUES (8);

INSERT INTO employee (employeeid, first_name, last_name, telephone_number, date_of_employment)VALUES (9, "Alfrida", "Lindholm", "019-253653", NOW());
INSERT INTO assistant_nurse (employeeid) VALUES (9);
INSERT INTO employee (employeeid, first_name, last_name, telephone_number, date_of_employment)VALUES (10, "Valentina", "Forsberg", "044-400841", NOW());
INSERT INTO doctor (employeeid) VALUES (10);

INSERT INTO employee (employeeid, first_name, last_name, telephone_number, date_of_employment)VALUES (11, "Elsie", "Claesson", "036-351285", NOW());
INSERT INTO doctor (employeeid) VALUES (11);
INSERT INTO doctor_specialization(employeeid, specializationid) VALUES (11, 6);
INSERT INTO employee (employeeid, first_name, last_name, telephone_number, date_of_employment)VALUES (12, "Jonna", "Nyström", "019-801842", NOW());
INSERT INTO doctor (employeeid) VALUES (12);
INSERT INTO doctor_specialization(employeeid, specializationid) VALUES (12, 15);
INSERT INTO employee (employeeid, first_name, last_name, telephone_number, date_of_employment)VALUES (13, "Jimi", "Wikström", "021-645818", NOW());
INSERT INTO assistant_nurse (employeeid) VALUES (13);
INSERT INTO employee (employeeid, first_name, last_name, telephone_number, date_of_employment)VALUES (14, "Adela", "Lundberg", "023-851037", NOW());
INSERT INTO doctor (employeeid) VALUES (14);
INSERT INTO doctor_specialization(employeeid, specializationid) VALUES (14, 8);
INSERT INTO employee (employeeid, first_name, last_name, telephone_number, date_of_employment)VALUES (15, "Dora", "Norberg", "040-307325", NOW());
INSERT INTO doctor (employeeid) VALUES (15);
INSERT INTO doctor_specialization(employeeid, specializationid) VALUES (15, 16);
INSERT INTO employee (employeeid, first_name, last_name, telephone_number, date_of_employment)VALUES (16, "Kent", "Sundqvist", "031-740750", NOW());
INSERT INTO assistant_nurse (employeeid) VALUES (16);
INSERT INTO employee (employeeid, first_name, last_name, telephone_number, date_of_employment)VALUES (17, "Ilse", "Sjögren", "076-317621", NOW());
INSERT INTO assistant_nurse (employeeid) VALUES (17);
INSERT INTO employee (employeeid, first_name, last_name, telephone_number, date_of_employment)VALUES (18, "Filip", "Åberg", "040-081800", NOW());
INSERT INTO nurse (employeeid) VALUES (18);
INSERT INTO nurse_specialization(employee_id, specialization_id) VALUES (18, 3);
INSERT INTO employee (employeeid, first_name, last_name, telephone_number, date_of_employment)VALUES (19, "Olof", "Lindqvist", "090-878100", NOW());
INSERT INTO assistant_nurse (employeeid) VALUES (19);
INSERT INTO employee (employeeid, first_name, last_name, telephone_number, date_of_employment)VALUES (20, "Sofi", "Jonasson", "018-623361", NOW());
INSERT INTO nurse (employeeid) VALUES (20);
INSERT INTO nurse_specialization(employee_id, specialization_id) VALUES (20, 9);
INSERT INTO employee (employeeid, first_name, last_name, telephone_number, date_of_employment)VALUES (21, "Josef", "Bergström", "076-343300", NOW());
INSERT INTO assistant_nurse (employeeid) VALUES (21);
INSERT INTO employee (employeeid, first_name, last_name, telephone_number, date_of_employment)VALUES (22, "Enrique", "Henriksson", "031-816742", NOW());
INSERT INTO doctor (employeeid) VALUES (22);
INSERT INTO doctor_specialization(employeeid, specializationid) VALUES (22, 9);
INSERT INTO employee (employeeid, first_name, last_name, telephone_number, date_of_employment)VALUES (23, "Lajos", "Viklund", "021-484445", NOW());
INSERT INTO doctor (employeeid) VALUES (23);

INSERT INTO employee (employeeid, first_name, last_name, telephone_number, date_of_employment)VALUES (24, "Stephen", "Wallin", "016-618325", NOW());
INSERT INTO assistant_nurse (employeeid) VALUES (24);
INSERT INTO employee (employeeid, first_name, last_name, telephone_number, date_of_employment)VALUES (25, "Marie", "Lundgren", "019-033266", NOW());
INSERT INTO doctor (employeeid) VALUES (25);
INSERT INTO doctor_specialization(employeeid, specializationid) VALUES (25, 12);
INSERT INTO employee (employeeid, first_name, last_name, telephone_number, date_of_employment)VALUES (26, "Marjatta", "Holmqvist", "090-453415", NOW());
INSERT INTO doctor (employeeid) VALUES (26);

INSERT INTO employee (employeeid, first_name, last_name, telephone_number, date_of_employment)VALUES (27, "Elna", "Olofsson", "019-505350", NOW());
INSERT INTO nurse (employeeid) VALUES (27);
INSERT INTO nurse_specialization(employee_id, specialization_id) VALUES (27, 2);
INSERT INTO employee (employeeid, first_name, last_name, telephone_number, date_of_employment)VALUES (28, "Margret", "Bergman", "072-555300", NOW());
INSERT INTO assistant_nurse (employeeid) VALUES (28);
INSERT INTO employee (employeeid, first_name, last_name, telephone_number, date_of_employment)VALUES (29, "Martina", "Bengtsson", "042-711752", NOW());
INSERT INTO doctor (employeeid) VALUES (29);
INSERT INTO doctor_specialization(employeeid, specializationid) VALUES (29, 6);
INSERT INTO employee (employeeid, first_name, last_name, telephone_number, date_of_employment)VALUES (30, "Douglas", "Larsson", "070-550010", NOW());
INSERT INTO doctor (employeeid) VALUES (30);
INSERT INTO doctor_specialization(employeeid, specializationid) VALUES (30, 1);
INSERT INTO employee (employeeid, first_name, last_name, telephone_number, date_of_employment)VALUES (31, "Paul", "Ivarsson", "011-042815", NOW());
INSERT INTO nurse (employeeid) VALUES (31);
INSERT INTO nurse_specialization(employee_id, specialization_id) VALUES (31, 7);
INSERT INTO employee (employeeid, first_name, last_name, telephone_number, date_of_employment)VALUES (32, "Ludvig", "Danielsson", "021-080323", NOW());
INSERT INTO doctor (employeeid) VALUES (32);

INSERT INTO employee (employeeid, first_name, last_name, telephone_number, date_of_employment)VALUES (33, "Heidi", "Karlsson", "060-462320", NOW());
INSERT INTO doctor (employeeid) VALUES (33);

INSERT INTO employee (employeeid, first_name, last_name, telephone_number, date_of_employment)VALUES (34, "Ronnie", "Ekström", "090-608325", NOW());
INSERT INTO doctor (employeeid) VALUES (34);
INSERT INTO doctor_specialization(employeeid, specializationid) VALUES (34, 2);
INSERT INTO employee (employeeid, first_name, last_name, telephone_number, date_of_employment)VALUES (35, "Otti", "Persson", "016-421835", NOW());
INSERT INTO doctor (employeeid) VALUES (35);
INSERT INTO doctor_specialization(employeeid, specializationid) VALUES (35, 4);
INSERT INTO employee (employeeid, first_name, last_name, telephone_number, date_of_employment)VALUES (36, "Clarence", "Öberg", "076-228081", NOW());
INSERT INTO assistant_nurse (employeeid) VALUES (36);
INSERT INTO employee (employeeid, first_name, last_name, telephone_number, date_of_employment)VALUES (37, "Yvette", "Sandström", "073-711261", NOW());
INSERT INTO nurse (employeeid) VALUES (37);

INSERT INTO employee (employeeid, first_name, last_name, telephone_number, date_of_employment)VALUES (38, "Kristoffer", "Åberg", "073-628257", NOW());
INSERT INTO assistant_nurse (employeeid) VALUES (38);
INSERT INTO employee (employeeid, first_name, last_name, telephone_number, date_of_employment)VALUES (39, "Alva", "Fredriksson", "042-764103", NOW());
INSERT INTO assistant_nurse (employeeid) VALUES (39);
INSERT INTO employee (employeeid, first_name, last_name, telephone_number, date_of_employment)VALUES (40, "Helmina", "Johansson", "021-166748", NOW());
INSERT INTO doctor (employeeid) VALUES (40);
INSERT INTO doctor_specialization(employeeid, specializationid) VALUES (40, 8);
INSERT INTO employee (employeeid, first_name, last_name, telephone_number, date_of_employment)VALUES (41, "Carita", "Lindgren", "075-757531", NOW());
INSERT INTO doctor (employeeid) VALUES (41);

INSERT INTO employee (employeeid, first_name, last_name, telephone_number, date_of_employment)VALUES (42, "Vera", "Holmqvist", "035-183883", NOW());
INSERT INTO doctor (employeeid) VALUES (42);
INSERT INTO doctor_specialization(employeeid, specializationid) VALUES (42, 7);
INSERT INTO employee (employeeid, first_name, last_name, telephone_number, date_of_employment)VALUES (43, "Marco", "Bengtsson", "021-080522", NOW());
INSERT INTO nurse (employeeid) VALUES (43);
INSERT INTO nurse_specialization(employee_id, specialization_id) VALUES (43, 7);
INSERT INTO employee (employeeid, first_name, last_name, telephone_number, date_of_employment)VALUES (44, "Pirkko", "Arvidsson", "016-833476", NOW());
INSERT INTO assistant_nurse (employeeid) VALUES (44);
INSERT INTO employee (employeeid, first_name, last_name, telephone_number, date_of_employment)VALUES (45, "Gulli", "Pålsson", "090-160272", NOW());
INSERT INTO assistant_nurse (employeeid) VALUES (45);
INSERT INTO employee (employeeid, first_name, last_name, telephone_number, date_of_employment)VALUES (46, "Anna", "Lindberg", "026-346678", NOW());
INSERT INTO assistant_nurse (employeeid) VALUES (46);
INSERT INTO employee (employeeid, first_name, last_name, telephone_number, date_of_employment)VALUES (47, "Gretchen", "Hansson", "074-077403", NOW());
INSERT INTO assistant_nurse (employeeid) VALUES (47);
INSERT INTO employee (employeeid, first_name, last_name, telephone_number, date_of_employment)VALUES (48, "Hugo", "Lundin", "035-128136", NOW());
INSERT INTO assistant_nurse (employeeid) VALUES (48);
INSERT INTO employee (employeeid, first_name, last_name, telephone_number, date_of_employment)VALUES (49, "Hampus", "Arvidsson", "044-556886", NOW());
INSERT INTO assistant_nurse (employeeid) VALUES (49);
INSERT INTO employee (employeeid, first_name, last_name, telephone_number, date_of_employment)VALUES (50, "Olof", "Wikström", "042-501823", NOW());
INSERT INTO assistant_nurse (employeeid) VALUES (50);
INSERT INTO employee (employeeid, first_name, last_name, telephone_number, date_of_employment)VALUES (51, "Kirsti", "Wallin", "074-113428", NOW());
INSERT INTO nurse (employeeid) VALUES (51);
INSERT INTO nurse_specialization(employee_id, specialization_id) VALUES (51, 8);
INSERT INTO employee (employeeid, first_name, last_name, telephone_number, date_of_employment)VALUES (52, "Karsten", "Lindqvist", "090-141552", NOW());
INSERT INTO nurse (employeeid) VALUES (52);
INSERT INTO nurse_specialization(employee_id, specialization_id) VALUES (52, 6);
INSERT INTO employee (employeeid, first_name, last_name, telephone_number, date_of_employment)VALUES (53, "Alarik", "Pålsson", "016-626128", NOW());
INSERT INTO nurse (employeeid) VALUES (53);
INSERT INTO nurse_specialization(employee_id, specialization_id) VALUES (53, 15);
INSERT INTO employee (employeeid, first_name, last_name, telephone_number, date_of_employment)VALUES (54, "Torben", "Hellström", "090-456078", NOW());
INSERT INTO doctor (employeeid) VALUES (54);
INSERT INTO doctor_specialization(employeeid, specializationid) VALUES (54, 2);
INSERT INTO employee (employeeid, first_name, last_name, telephone_number, date_of_employment)VALUES (55, "Katja", "Engström", "016-026105", NOW());
INSERT INTO assistant_nurse (employeeid) VALUES (55);
INSERT INTO employee (employeeid, first_name, last_name, telephone_number, date_of_employment)VALUES (56, "Elena", "Hansen", "074-214845", NOW());
INSERT INTO doctor (employeeid) VALUES (56);
INSERT INTO doctor_specialization(employeeid, specializationid) VALUES (56, 11);
INSERT INTO employee (employeeid, first_name, last_name, telephone_number, date_of_employment)VALUES (57, "Benita", "Bengtsson", "023-703582", NOW());
INSERT INTO assistant_nurse (employeeid) VALUES (57);
INSERT INTO employee (employeeid, first_name, last_name, telephone_number, date_of_employment)VALUES (58, "Julius", "Jakobsson", "033-833646", NOW());
INSERT INTO doctor (employeeid) VALUES (58);
INSERT INTO doctor_specialization(employeeid, specializationid) VALUES (58, 9);
INSERT INTO employee (employeeid, first_name, last_name, telephone_number, date_of_employment)VALUES (59, "Björne", "Berg", "078-831363", NOW());
INSERT INTO nurse (employeeid) VALUES (59);
INSERT INTO nurse_specialization(employee_id, specialization_id) VALUES (59, 4);
INSERT INTO employee (employeeid, first_name, last_name, telephone_number, date_of_employment)VALUES (60, "Lillie", "Mattsson", "063-648102", NOW());
INSERT INTO doctor (employeeid) VALUES (60);

INSERT INTO employee (employeeid, first_name, last_name, telephone_number, date_of_employment)VALUES (61, "Ferdinand", "Lund", "035-318828", NOW());
INSERT INTO nurse (employeeid) VALUES (61);

INSERT INTO employee (employeeid, first_name, last_name, telephone_number, date_of_employment)VALUES (62, "Gotthard", "Arvidsson", "078-074057", NOW());
INSERT INTO doctor (employeeid) VALUES (62);
INSERT INTO doctor_specialization(employeeid, specializationid) VALUES (62, 15);
INSERT INTO employee (employeeid, first_name, last_name, telephone_number, date_of_employment)VALUES (63, "Alejandro", "Sjögren", "026-325203", NOW());
INSERT INTO doctor (employeeid) VALUES (63);

INSERT INTO employee (employeeid, first_name, last_name, telephone_number, date_of_employment)VALUES (64, "Natanael", "Mårtensson", "073-486262", NOW());
INSERT INTO nurse (employeeid) VALUES (64);
INSERT INTO nurse_specialization(employee_id, specialization_id) VALUES (64, 9);
INSERT INTO employee (employeeid, first_name, last_name, telephone_number, date_of_employment)VALUES (65, "Birgit", "Forsberg", "046-852534", NOW());
INSERT INTO doctor (employeeid) VALUES (65);
INSERT INTO doctor_specialization(employeeid, specializationid) VALUES (65, 10);
INSERT INTO employee (employeeid, first_name, last_name, telephone_number, date_of_employment)VALUES (66, "Böret", "Jonasson", "018-867601", NOW());
INSERT INTO nurse (employeeid) VALUES (66);

INSERT INTO employee (employeeid, first_name, last_name, telephone_number, date_of_employment)VALUES (67, "Ib", "Lindqvist", "072-252756", NOW());
INSERT INTO assistant_nurse (employeeid) VALUES (67);
INSERT INTO employee (employeeid, first_name, last_name, telephone_number, date_of_employment)VALUES (68, "Clary", "Wikström", "036-166565", NOW());
INSERT INTO doctor (employeeid) VALUES (68);
INSERT INTO doctor_specialization(employeeid, specializationid) VALUES (68, 16);
INSERT INTO employee (employeeid, first_name, last_name, telephone_number, date_of_employment)VALUES (69, "Martti", "Jansson", "044-650262", NOW());
INSERT INTO assistant_nurse (employeeid) VALUES (69);
INSERT INTO employee (employeeid, first_name, last_name, telephone_number, date_of_employment)VALUES (70, "Ingeborg", "Hellström", "040-715420", NOW());
INSERT INTO doctor (employeeid) VALUES (70);
INSERT INTO doctor_specialization(employeeid, specializationid) VALUES (70, 10);
INSERT INTO employee (employeeid, first_name, last_name, telephone_number, date_of_employment)VALUES (71, "Bettina", "Lind", "078-317314", NOW());
INSERT INTO doctor (employeeid) VALUES (71);
INSERT INTO doctor_specialization(employeeid, specializationid) VALUES (71, 12);
INSERT INTO employee (employeeid, first_name, last_name, telephone_number, date_of_employment)VALUES (72, "Mimmie", "Björklund", "031-487726", NOW());
INSERT INTO nurse (employeeid) VALUES (72);
INSERT INTO nurse_specialization(employee_id, specialization_id) VALUES (72, 9);
INSERT INTO employee (employeeid, first_name, last_name, telephone_number, date_of_employment)VALUES (73, "Astrid", "Nordström", "026-353754", NOW());
INSERT INTO nurse (employeeid) VALUES (73);
INSERT INTO nurse_specialization(employee_id, specialization_id) VALUES (73, 14);
INSERT INTO employee (employeeid, first_name, last_name, telephone_number, date_of_employment)VALUES (74, "Albin", "Fredriksson", "026-425018", NOW());
INSERT INTO nurse (employeeid) VALUES (74);
INSERT INTO nurse_specialization(employee_id, specialization_id) VALUES (74, 8);
INSERT INTO employee (employeeid, first_name, last_name, telephone_number, date_of_employment)VALUES (75, "Herbert", "Åberg", "046-213042", NOW());
INSERT INTO doctor (employeeid) VALUES (75);

INSERT INTO employee (employeeid, first_name, last_name, telephone_number, date_of_employment)VALUES (76, "Gotthard", "Hellström", "023-585752", NOW());
INSERT INTO nurse (employeeid) VALUES (76);
INSERT INTO nurse_specialization(employee_id, specialization_id) VALUES (76, 2);
INSERT INTO employee (employeeid, first_name, last_name, telephone_number, date_of_employment)VALUES (77, "Marta", "Eklund", "063-551741", NOW());
INSERT INTO assistant_nurse (employeeid) VALUES (77);
INSERT INTO employee (employeeid, first_name, last_name, telephone_number, date_of_employment)VALUES (78, "Malte", "Jonasson", "070-015425", NOW());
INSERT INTO doctor (employeeid) VALUES (78);
INSERT INTO doctor_specialization(employeeid, specializationid) VALUES (78, 13);
INSERT INTO employee (employeeid, first_name, last_name, telephone_number, date_of_employment)VALUES (79, "Cecilia", "Sjögren", "063-405831", NOW());
INSERT INTO assistant_nurse (employeeid) VALUES (79);
INSERT INTO employee (employeeid, first_name, last_name, telephone_number, date_of_employment)VALUES (80, "Jan", "Åberg", "060-747523", NOW());
INSERT INTO assistant_nurse (employeeid) VALUES (80);
INSERT INTO employee (employeeid, first_name, last_name, telephone_number, date_of_employment)VALUES (81, "Alejandro", "Öberg", "040-035771", NOW());
INSERT INTO assistant_nurse (employeeid) VALUES (81);
INSERT INTO employee (employeeid, first_name, last_name, telephone_number, date_of_employment)VALUES (82, "Alice", "Viklund", "019-261200", NOW());
INSERT INTO doctor (employeeid) VALUES (82);
INSERT INTO doctor_specialization(employeeid, specializationid) VALUES (82, 10);
INSERT INTO employee (employeeid, first_name, last_name, telephone_number, date_of_employment)VALUES (83, "Konstantin", "Claesson", "074-634614", NOW());
INSERT INTO doctor (employeeid) VALUES (83);
INSERT INTO doctor_specialization(employeeid, specializationid) VALUES (83, 5);
INSERT INTO employee (employeeid, first_name, last_name, telephone_number, date_of_employment)VALUES (84, "Kerttu", "Ivarsson", "090-515568", NOW());
INSERT INTO assistant_nurse (employeeid) VALUES (84);
INSERT INTO employee (employeeid, first_name, last_name, telephone_number, date_of_employment)VALUES (85, "Alba", "Sundström", "072-100415", NOW());
INSERT INTO doctor (employeeid) VALUES (85);
INSERT INTO doctor_specialization(employeeid, specializationid) VALUES (85, 4);
INSERT INTO employee (employeeid, first_name, last_name, telephone_number, date_of_employment)VALUES (86, "Solveig", "Sundqvist", "026-002878", NOW());
INSERT INTO doctor (employeeid) VALUES (86);
INSERT INTO doctor_specialization(employeeid, specializationid) VALUES (86, 4);
INSERT INTO employee (employeeid, first_name, last_name, telephone_number, date_of_employment)VALUES (87, "Kalle", "Berglund", "044-833476", NOW());
INSERT INTO doctor (employeeid) VALUES (87);
INSERT INTO doctor_specialization(employeeid, specializationid) VALUES (87, 12);
INSERT INTO employee (employeeid, first_name, last_name, telephone_number, date_of_employment)VALUES (88, "Alice", "Isaksson", "035-548071", NOW());
INSERT INTO doctor (employeeid) VALUES (88);
INSERT INTO doctor_specialization(employeeid, specializationid) VALUES (88, 14);
INSERT INTO employee (employeeid, first_name, last_name, telephone_number, date_of_employment)VALUES (89, "Malene", "Gunnarsson", "060-488538", NOW());
INSERT INTO doctor (employeeid) VALUES (89);

INSERT INTO employee (employeeid, first_name, last_name, telephone_number, date_of_employment)VALUES (90, "Noomi", "Bergqvist", "042-252864", NOW());
INSERT INTO assistant_nurse (employeeid) VALUES (90);
INSERT INTO employee (employeeid, first_name, last_name, telephone_number, date_of_employment)VALUES (91, "Solbritt", "Viklund", "019-550010", NOW());
INSERT INTO doctor (employeeid) VALUES (91);
INSERT INTO doctor_specialization(employeeid, specializationid) VALUES (91, 6);
INSERT INTO employee (employeeid, first_name, last_name, telephone_number, date_of_employment)VALUES (92, "Algot", "Jonasson", "031-150085", NOW());
INSERT INTO doctor (employeeid) VALUES (92);
INSERT INTO doctor_specialization(employeeid, specializationid) VALUES (92, 1);
INSERT INTO employee (employeeid, first_name, last_name, telephone_number, date_of_employment)VALUES (93, "Reinhold", "Lindström", "031-006521", NOW());
INSERT INTO doctor (employeeid) VALUES (93);
INSERT INTO doctor_specialization(employeeid, specializationid) VALUES (93, 8);
INSERT INTO employee (employeeid, first_name, last_name, telephone_number, date_of_employment)VALUES (94, "Nikolaus", "Johansson", "033-653832", NOW());
INSERT INTO assistant_nurse (employeeid) VALUES (94);
INSERT INTO employee (employeeid, first_name, last_name, telephone_number, date_of_employment)VALUES (95, "Augustinus", "Dahlberg", "077-260327", NOW());
INSERT INTO assistant_nurse (employeeid) VALUES (95);
INSERT INTO employee (employeeid, first_name, last_name, telephone_number, date_of_employment)VALUES (96, "Hillevi", "Claesson", "023-611480", NOW());
INSERT INTO assistant_nurse (employeeid) VALUES (96);
INSERT INTO employee (employeeid, first_name, last_name, telephone_number, date_of_employment)VALUES (97, "Irmelin", "Söderberg", "077-663320", NOW());
INSERT INTO nurse (employeeid) VALUES (97);
INSERT INTO nurse_specialization(employee_id, specialization_id) VALUES (97, 16);
INSERT INTO employee (employeeid, first_name, last_name, telephone_number, date_of_employment)VALUES (98, "Carol", "Hansson", "026-552463", NOW());
INSERT INTO doctor (employeeid) VALUES (98);
INSERT INTO doctor_specialization(employeeid, specializationid) VALUES (98, 14);
INSERT INTO employee (employeeid, first_name, last_name, telephone_number, date_of_employment)VALUES (99, "Federico", "Berg", "063-431570", NOW());
INSERT INTO assistant_nurse (employeeid) VALUES (99);
INSERT INTO employee (employeeid, first_name, last_name, telephone_number, date_of_employment)VALUES (100, "Gret", "Isaksson", "021-360776", NOW());
INSERT INTO assistant_nurse (employeeid) VALUES (100);
INSERT INTO employee (employeeid, first_name, last_name, telephone_number, date_of_employment)VALUES (101, "Hedda", "Lundqvist", "077-764870", NOW());
INSERT INTO doctor (employeeid) VALUES (101);
INSERT INTO doctor_specialization(employeeid, specializationid) VALUES (101, 4);
INSERT INTO employee (employeeid, first_name, last_name, telephone_number, date_of_employment)VALUES (102, "Filippa", "Wallin", "077-727854", NOW());
INSERT INTO assistant_nurse (employeeid) VALUES (102);
INSERT INTO employee (employeeid, first_name, last_name, telephone_number, date_of_employment)VALUES (103, "Sissela", "Olofsson", "023-251067", NOW());
INSERT INTO doctor (employeeid) VALUES (103);
INSERT INTO doctor_specialization(employeeid, specializationid) VALUES (103, 5);
INSERT INTO employee (employeeid, first_name, last_name, telephone_number, date_of_employment)VALUES (104, "Felipe", "Persson", "060-238827", NOW());
INSERT INTO nurse (employeeid) VALUES (104);
INSERT INTO nurse_specialization(employee_id, specialization_id) VALUES (104, 12);
INSERT INTO employee (employeeid, first_name, last_name, telephone_number, date_of_employment)VALUES (105, "Lars", "Månsson", "018-543003", NOW());
INSERT INTO doctor (employeeid) VALUES (105);
INSERT INTO doctor_specialization(employeeid, specializationid) VALUES (105, 4);
INSERT INTO employee (employeeid, first_name, last_name, telephone_number, date_of_employment)VALUES (106, "Justina", "Sandberg", "031-506623", NOW());
INSERT INTO assistant_nurse (employeeid) VALUES (106);
INSERT INTO employee (employeeid, first_name, last_name, telephone_number, date_of_employment)VALUES (107, "Tönnes", "Lindström", "031-610213", NOW());
INSERT INTO doctor (employeeid) VALUES (107);

INSERT INTO employee (employeeid, first_name, last_name, telephone_number, date_of_employment)VALUES (108, "Jerk", "Björklund", "026-156500", NOW());
INSERT INTO doctor (employeeid) VALUES (108);
INSERT INTO doctor_specialization(employeeid, specializationid) VALUES (108, 5);
INSERT INTO employee (employeeid, first_name, last_name, telephone_number, date_of_employment)VALUES (109, "Helen", "Bergström", "072-077403", NOW());
INSERT INTO doctor (employeeid) VALUES (109);
INSERT INTO doctor_specialization(employeeid, specializationid) VALUES (109, 1);
INSERT INTO employee (employeeid, first_name, last_name, telephone_number, date_of_employment)VALUES (110, "Matilde", "Gunnarsson", "042-342807", NOW());
INSERT INTO doctor (employeeid) VALUES (110);
INSERT INTO doctor_specialization(employeeid, specializationid) VALUES (110, 15);
INSERT INTO employee (employeeid, first_name, last_name, telephone_number, date_of_employment)VALUES (111, "Steffan", "Sundberg", "019-668763", NOW());
INSERT INTO nurse (employeeid) VALUES (111);
INSERT INTO nurse_specialization(employee_id, specialization_id) VALUES (111, 8);
INSERT INTO employee (employeeid, first_name, last_name, telephone_number, date_of_employment)VALUES (112, "Linda", "Eriksson", "023-320117", NOW());
INSERT INTO nurse (employeeid) VALUES (112);

INSERT INTO employee (employeeid, first_name, last_name, telephone_number, date_of_employment)VALUES (113, "Pertti", "Andersson", "040-704818", NOW());
INSERT INTO nurse (employeeid) VALUES (113);

INSERT INTO employee (employeeid, first_name, last_name, telephone_number, date_of_employment)VALUES (114, "Alarik", "Hedlund", "075-177553", NOW());
INSERT INTO nurse (employeeid) VALUES (114);

INSERT INTO employee (employeeid, first_name, last_name, telephone_number, date_of_employment)VALUES (115, "Arvid", "Berggren", "075-285863", NOW());
INSERT INTO assistant_nurse (employeeid) VALUES (115);
INSERT INTO employee (employeeid, first_name, last_name, telephone_number, date_of_employment)VALUES (116, "Alrik", "Gunnarsson", "016-832545", NOW());
INSERT INTO doctor (employeeid) VALUES (116);
INSERT INTO doctor_specialization(employeeid, specializationid) VALUES (116, 1);
INSERT INTO employee (employeeid, first_name, last_name, telephone_number, date_of_employment)VALUES (117, "Eugen", "Sundberg", "026-417485", NOW());
INSERT INTO nurse (employeeid) VALUES (117);
INSERT INTO nurse_specialization(employee_id, specialization_id) VALUES (117, 3);
INSERT INTO employee (employeeid, first_name, last_name, telephone_number, date_of_employment)VALUES (118, "Kitty", "Arvidsson", "031-570014", NOW());
INSERT INTO nurse (employeeid) VALUES (118);
INSERT INTO nurse_specialization(employee_id, specialization_id) VALUES (118, 9);
INSERT INTO employee (employeeid, first_name, last_name, telephone_number, date_of_employment)VALUES (119, "Lasse", "Henriksson", "060-410334", NOW());
INSERT INTO assistant_nurse (employeeid) VALUES (119);
INSERT INTO employee (employeeid, first_name, last_name, telephone_number, date_of_employment)VALUES (120, "Jacques", "Sundström", "026-532418", NOW());
INSERT INTO assistant_nurse (employeeid) VALUES (120);
INSERT INTO employee (employeeid, first_name, last_name, telephone_number, date_of_employment)VALUES (121, "Janna", "Berggren", "042-777613", NOW());
INSERT INTO nurse (employeeid) VALUES (121);
INSERT INTO nurse_specialization(employee_id, specialization_id) VALUES (121, 12);
INSERT INTO employee (employeeid, first_name, last_name, telephone_number, date_of_employment)VALUES (122, "Vendela", "Håkansson", "046-730800", NOW());
INSERT INTO nurse (employeeid) VALUES (122);
INSERT INTO nurse_specialization(employee_id, specialization_id) VALUES (122, 12);
INSERT INTO employee (employeeid, first_name, last_name, telephone_number, date_of_employment)VALUES (123, "Börje", "Sjögren", "078-283707", NOW());
INSERT INTO assistant_nurse (employeeid) VALUES (123);
INSERT INTO employee (employeeid, first_name, last_name, telephone_number, date_of_employment)VALUES (124, "Pauli", "Blom", "019-387255", NOW());
INSERT INTO assistant_nurse (employeeid) VALUES (124);
INSERT INTO employee (employeeid, first_name, last_name, telephone_number, date_of_employment)VALUES (125, "Eddie", "Eklund", "077-333531", NOW());
INSERT INTO nurse (employeeid) VALUES (125);
INSERT INTO nurse_specialization(employee_id, specialization_id) VALUES (125, 3);
INSERT INTO employee (employeeid, first_name, last_name, telephone_number, date_of_employment)VALUES (126, "Majken", "Ström", "026-125308", NOW());
INSERT INTO doctor (employeeid) VALUES (126);
INSERT INTO doctor_specialization(employeeid, specializationid) VALUES (126, 8);
INSERT INTO employee (employeeid, first_name, last_name, telephone_number, date_of_employment)VALUES (127, "Jarl", "Bengtsson", "072-817651", NOW());
INSERT INTO doctor (employeeid) VALUES (127);

INSERT INTO employee (employeeid, first_name, last_name, telephone_number, date_of_employment)VALUES (128, "Emma", "Lindgren", "011-508050", NOW());
INSERT INTO doctor (employeeid) VALUES (128);
INSERT INTO doctor_specialization(employeeid, specializationid) VALUES (128, 9);
INSERT INTO employee (employeeid, first_name, last_name, telephone_number, date_of_employment)VALUES (129, "Harri", "Jönsson", "031-220783", NOW());
INSERT INTO assistant_nurse (employeeid) VALUES (129);
INSERT INTO employee (employeeid, first_name, last_name, telephone_number, date_of_employment)VALUES (130, "Torben", "Danielsson", "021-806266", NOW());
INSERT INTO nurse (employeeid) VALUES (130);
INSERT INTO nurse_specialization(employee_id, specialization_id) VALUES (130, 4);
INSERT INTO employee (employeeid, first_name, last_name, telephone_number, date_of_employment)VALUES (131, "Ragna", "Viklund", "018-157043", NOW());
INSERT INTO assistant_nurse (employeeid) VALUES (131);
INSERT INTO employee (employeeid, first_name, last_name, telephone_number, date_of_employment)VALUES (132, "Hella", "Håkansson", "075-140775", NOW());
INSERT INTO assistant_nurse (employeeid) VALUES (132);
INSERT INTO employee (employeeid, first_name, last_name, telephone_number, date_of_employment)VALUES (133, "Benita", "Håkansson", "077-888473", NOW());
INSERT INTO assistant_nurse (employeeid) VALUES (133);
INSERT INTO employee (employeeid, first_name, last_name, telephone_number, date_of_employment)VALUES (134, "Hannu", "Lind", "033-405860", NOW());
INSERT INTO doctor (employeeid) VALUES (134);
INSERT INTO doctor_specialization(employeeid, specializationid) VALUES (134, 13);
INSERT INTO employee (employeeid, first_name, last_name, telephone_number, date_of_employment)VALUES (135, "Gunilla", "Åberg", "040-670752", NOW());
INSERT INTO doctor (employeeid) VALUES (135);
INSERT INTO doctor_specialization(employeeid, specializationid) VALUES (135, 10);
INSERT INTO employee (employeeid, first_name, last_name, telephone_number, date_of_employment)VALUES (136, "Rika", "Jansson", "090-584663", NOW());
INSERT INTO doctor (employeeid) VALUES (136);

INSERT INTO employee (employeeid, first_name, last_name, telephone_number, date_of_employment)VALUES (137, "Ellis", "Ström", "063-527554", NOW());
INSERT INTO assistant_nurse (employeeid) VALUES (137);
INSERT INTO employee (employeeid, first_name, last_name, telephone_number, date_of_employment)VALUES (138, "Jeanne", "Hedlund", "074-275483", NOW());
INSERT INTO nurse (employeeid) VALUES (138);
INSERT INTO nurse_specialization(employee_id, specialization_id) VALUES (138, 11);
INSERT INTO employee (employeeid, first_name, last_name, telephone_number, date_of_employment)VALUES (139, "Teddy", "Öberg", "019-350355", NOW());
INSERT INTO doctor (employeeid) VALUES (139);
INSERT INTO doctor_specialization(employeeid, specializationid) VALUES (139, 6);
INSERT INTO employee (employeeid, first_name, last_name, telephone_number, date_of_employment)VALUES (140, "Dagmar", "Sjögren", "060-506810", NOW());
INSERT INTO assistant_nurse (employeeid) VALUES (140);
INSERT INTO employee (employeeid, first_name, last_name, telephone_number, date_of_employment)VALUES (141, "Greger", "Bengtsson", "073-214213", NOW());
INSERT INTO nurse (employeeid) VALUES (141);
INSERT INTO nurse_specialization(employee_id, specialization_id) VALUES (141, 16);
INSERT INTO employee (employeeid, first_name, last_name, telephone_number, date_of_employment)VALUES (142, "Ingela", "Lundström", "040-420436", NOW());
INSERT INTO doctor (employeeid) VALUES (142);
INSERT INTO doctor_specialization(employeeid, specializationid) VALUES (142, 10);
INSERT INTO employee (employeeid, first_name, last_name, telephone_number, date_of_employment)VALUES (143, "Aini", "Lund", "072-581308", NOW());
INSERT INTO nurse (employeeid) VALUES (143);
INSERT INTO nurse_specialization(employee_id, specialization_id) VALUES (143, 7);
INSERT INTO employee (employeeid, first_name, last_name, telephone_number, date_of_employment)VALUES (144, "Karen", "Lind", "031-134756", NOW());
INSERT INTO doctor (employeeid) VALUES (144);
INSERT INTO doctor_specialization(employeeid, specializationid) VALUES (144, 16);
INSERT INTO employee (employeeid, first_name, last_name, telephone_number, date_of_employment)VALUES (145, "Sonny", "Blom", "072-605830", NOW());
INSERT INTO doctor (employeeid) VALUES (145);
INSERT INTO doctor_specialization(employeeid, specializationid) VALUES (145, 16);
INSERT INTO employee (employeeid, first_name, last_name, telephone_number, date_of_employment)VALUES (146, "Valfrida", "Nordin", "070-211340", NOW());
INSERT INTO doctor (employeeid) VALUES (146);

INSERT INTO employee (employeeid, first_name, last_name, telephone_number, date_of_employment)VALUES (147, "Alla", "Isaksson", "031-258338", NOW());
INSERT INTO nurse (employeeid) VALUES (147);
INSERT INTO nurse_specialization(employee_id, specialization_id) VALUES (147, 8);
INSERT INTO employee (employeeid, first_name, last_name, telephone_number, date_of_employment)VALUES (148, "Gunnila", "Viklund", "044-810252", NOW());
INSERT INTO doctor (employeeid) VALUES (148);

INSERT INTO employee (employeeid, first_name, last_name, telephone_number, date_of_employment)VALUES (149, "Kristina", "Eklund", "060-157313", NOW());
INSERT INTO doctor (employeeid) VALUES (149);
INSERT INTO doctor_specialization(employeeid, specializationid) VALUES (149, 5);
INSERT INTO employee (employeeid, first_name, last_name, telephone_number, date_of_employment)VALUES (150, "Leif", "Öberg", "060-117882", NOW());
INSERT INTO nurse (employeeid) VALUES (150);
INSERT INTO nurse_specialization(employee_id, specialization_id) VALUES (150, 14);
INSERT INTO employee (employeeid, first_name, last_name, telephone_number, date_of_employment)VALUES (151, "Inkeri", "Berggren", "046-025776", NOW());
INSERT INTO doctor (employeeid) VALUES (151);
INSERT INTO doctor_specialization(employeeid, specializationid) VALUES (151, 15);
INSERT INTO employee (employeeid, first_name, last_name, telephone_number, date_of_employment)VALUES (152, "Silvana", "Isaksson", "078-465526", NOW());
INSERT INTO doctor (employeeid) VALUES (152);
INSERT INTO doctor_specialization(employeeid, specializationid) VALUES (152, 14);
INSERT INTO employee (employeeid, first_name, last_name, telephone_number, date_of_employment)VALUES (153, "Claes", "Pålsson", "023-027156", NOW());
INSERT INTO assistant_nurse (employeeid) VALUES (153);
INSERT INTO employee (employeeid, first_name, last_name, telephone_number, date_of_employment)VALUES (154, "Elise", "Sandström", "036-258683", NOW());
INSERT INTO assistant_nurse (employeeid) VALUES (154);
INSERT INTO employee (employeeid, first_name, last_name, telephone_number, date_of_employment)VALUES (155, "Aino", "Viklund", "042-524602", NOW());
INSERT INTO nurse (employeeid) VALUES (155);
INSERT INTO nurse_specialization(employee_id, specialization_id) VALUES (155, 14);
INSERT INTO employee (employeeid, first_name, last_name, telephone_number, date_of_employment)VALUES (156, "Sigurd", "Lundin", "011-637711", NOW());
INSERT INTO nurse (employeeid) VALUES (156);
INSERT INTO nurse_specialization(employee_id, specialization_id) VALUES (156, 15);
INSERT INTO employee (employeeid, first_name, last_name, telephone_number, date_of_employment)VALUES (157, "Kate", "Löfgren", "019-362428", NOW());
INSERT INTO nurse (employeeid) VALUES (157);
INSERT INTO nurse_specialization(employee_id, specialization_id) VALUES (157, 16);
INSERT INTO employee (employeeid, first_name, last_name, telephone_number, date_of_employment)VALUES (158, "Martine", "Åström", "036-743237", NOW());
INSERT INTO doctor (employeeid) VALUES (158);
INSERT INTO doctor_specialization(employeeid, specializationid) VALUES (158, 16);
INSERT INTO employee (employeeid, first_name, last_name, telephone_number, date_of_employment)VALUES (159, "Alberto", "Olsson", "035-523877", NOW());
INSERT INTO assistant_nurse (employeeid) VALUES (159);
INSERT INTO employee (employeeid, first_name, last_name, telephone_number, date_of_employment)VALUES (160, "Asser", "Magnusson", "063-838576", NOW());
INSERT INTO nurse (employeeid) VALUES (160);
INSERT INTO nurse_specialization(employee_id, specialization_id) VALUES (160, 14);
INSERT INTO employee (employeeid, first_name, last_name, telephone_number, date_of_employment)VALUES (161, "Edvin", "Bergström", "018-453437", NOW());
INSERT INTO assistant_nurse (employeeid) VALUES (161);
INSERT INTO employee (employeeid, first_name, last_name, telephone_number, date_of_employment)VALUES (162, "Mona", "Magnusson", "074-371506", NOW());
INSERT INTO nurse (employeeid) VALUES (162);
INSERT INTO nurse_specialization(employee_id, specialization_id) VALUES (162, 12);
INSERT INTO employee (employeeid, first_name, last_name, telephone_number, date_of_employment)VALUES (163, "Clary", "Holm", "040-047741", NOW());
INSERT INTO assistant_nurse (employeeid) VALUES (163);
INSERT INTO employee (employeeid, first_name, last_name, telephone_number, date_of_employment)VALUES (164, "Morgan", "Strömberg", "018-665353", NOW());
INSERT INTO doctor (employeeid) VALUES (164);
INSERT INTO doctor_specialization(employeeid, specializationid) VALUES (164, 3);
INSERT INTO employee (employeeid, first_name, last_name, telephone_number, date_of_employment)VALUES (165, "Valter", "Svensson", "074-548786", NOW());
INSERT INTO nurse (employeeid) VALUES (165);
INSERT INTO nurse_specialization(employee_id, specialization_id) VALUES (165, 10);
INSERT INTO employee (employeeid, first_name, last_name, telephone_number, date_of_employment)VALUES (166, "Berit", "Holmqvist", "073-072212", NOW());
INSERT INTO doctor (employeeid) VALUES (166);
INSERT INTO doctor_specialization(employeeid, specializationid) VALUES (166, 10);
INSERT INTO employee (employeeid, first_name, last_name, telephone_number, date_of_employment)VALUES (167, "Lenny", "Wikström", "044-815308", NOW());
INSERT INTO doctor (employeeid) VALUES (167);
INSERT INTO doctor_specialization(employeeid, specializationid) VALUES (167, 8);
INSERT INTO employee (employeeid, first_name, last_name, telephone_number, date_of_employment)VALUES (168, "Märit", "Ek", "040-170537", NOW());
INSERT INTO assistant_nurse (employeeid) VALUES (168);
INSERT INTO employee (employeeid, first_name, last_name, telephone_number, date_of_employment)VALUES (169, "Otto", "Isaksson", "040-748662", NOW());
INSERT INTO nurse (employeeid) VALUES (169);
INSERT INTO nurse_specialization(employee_id, specialization_id) VALUES (169, 7);
INSERT INTO employee (employeeid, first_name, last_name, telephone_number, date_of_employment)VALUES (170, "Poul", "Forsberg", "070-871265", NOW());
INSERT INTO assistant_nurse (employeeid) VALUES (170);
INSERT INTO employee (employeeid, first_name, last_name, telephone_number, date_of_employment)VALUES (171, "Sivard", "Åberg", "016-130171", NOW());
INSERT INTO nurse (employeeid) VALUES (171);
INSERT INTO nurse_specialization(employee_id, specialization_id) VALUES (171, 11);
INSERT INTO employee (employeeid, first_name, last_name, telephone_number, date_of_employment)VALUES (172, "Josef", "Lind", "077-146041", NOW());
INSERT INTO nurse (employeeid) VALUES (172);

INSERT INTO employee (employeeid, first_name, last_name, telephone_number, date_of_employment)VALUES (173, "Håkon", "Holmqvist", "090-662688", NOW());
INSERT INTO assistant_nurse (employeeid) VALUES (173);
INSERT INTO employee (employeeid, first_name, last_name, telephone_number, date_of_employment)VALUES (174, "Alida", "Nordin", "021-572405", NOW());
INSERT INTO nurse (employeeid) VALUES (174);
INSERT INTO nurse_specialization(employee_id, specialization_id) VALUES (174, 8);
INSERT INTO employee (employeeid, first_name, last_name, telephone_number, date_of_employment)VALUES (175, "Helen", "Öberg", "073-375673", NOW());
INSERT INTO assistant_nurse (employeeid) VALUES (175);
INSERT INTO employee (employeeid, first_name, last_name, telephone_number, date_of_employment)VALUES (176, "Gregor", "Holmberg", "019-218654", NOW());
INSERT INTO doctor (employeeid) VALUES (176);
INSERT INTO doctor_specialization(employeeid, specializationid) VALUES (176, 5);
INSERT INTO employee (employeeid, first_name, last_name, telephone_number, date_of_employment)VALUES (177, "Jörgen", "Dahlberg", "044-141552", NOW());
INSERT INTO doctor (employeeid) VALUES (177);
INSERT INTO doctor_specialization(employeeid, specializationid) VALUES (177, 2);
INSERT INTO employee (employeeid, first_name, last_name, telephone_number, date_of_employment)VALUES (178, "Sylve", "Eliasson", "063-454471", NOW());
INSERT INTO doctor (employeeid) VALUES (178);
INSERT INTO doctor_specialization(employeeid, specializationid) VALUES (178, 1);
INSERT INTO employee (employeeid, first_name, last_name, telephone_number, date_of_employment)VALUES (179, "Beth", "Hermansson", "011-251513", NOW());
INSERT INTO doctor (employeeid) VALUES (179);
INSERT INTO doctor_specialization(employeeid, specializationid) VALUES (179, 12);
INSERT INTO employee (employeeid, first_name, last_name, telephone_number, date_of_employment)VALUES (180, "Ola", "Arvidsson", "026-343300", NOW());
INSERT INTO doctor (employeeid) VALUES (180);
INSERT INTO doctor_specialization(employeeid, specializationid) VALUES (180, 14);
INSERT INTO employee (employeeid, first_name, last_name, telephone_number, date_of_employment)VALUES (181, "Guje", "Blom", "026-637531", NOW());
INSERT INTO nurse (employeeid) VALUES (181);

INSERT INTO employee (employeeid, first_name, last_name, telephone_number, date_of_employment)VALUES (182, "Emanuel", "Blom", "076-032857", NOW());
INSERT INTO doctor (employeeid) VALUES (182);
INSERT INTO doctor_specialization(employeeid, specializationid) VALUES (182, 11);
INSERT INTO employee (employeeid, first_name, last_name, telephone_number, date_of_employment)VALUES (183, "Ted", "Hansen", "077-215003", NOW());
INSERT INTO doctor (employeeid) VALUES (183);
INSERT INTO doctor_specialization(employeeid, specializationid) VALUES (183, 5);
INSERT INTO employee (employeeid, first_name, last_name, telephone_number, date_of_employment)VALUES (184, "Greta", "Sjöberg", "026-581563", NOW());
INSERT INTO doctor (employeeid) VALUES (184);
INSERT INTO doctor_specialization(employeeid, specializationid) VALUES (184, 7);
INSERT INTO employee (employeeid, first_name, last_name, telephone_number, date_of_employment)VALUES (185, "Bettina", "Larsson", "042-888473", NOW());
INSERT INTO nurse (employeeid) VALUES (185);

INSERT INTO employee (employeeid, first_name, last_name, telephone_number, date_of_employment)VALUES (186, "Evelina", "Holmberg", "090-365712", NOW());
INSERT INTO doctor (employeeid) VALUES (186);
INSERT INTO doctor_specialization(employeeid, specializationid) VALUES (186, 1);
INSERT INTO employee (employeeid, first_name, last_name, telephone_number, date_of_employment)VALUES (187, "Benni", "Sundqvist", "063-245853", NOW());
INSERT INTO doctor (employeeid) VALUES (187);
INSERT INTO doctor_specialization(employeeid, specializationid) VALUES (187, 7);
INSERT INTO employee (employeeid, first_name, last_name, telephone_number, date_of_employment)VALUES (188, "Ansgarius", "Nyberg", "019-345643", NOW());
INSERT INTO doctor (employeeid) VALUES (188);
INSERT INTO doctor_specialization(employeeid, specializationid) VALUES (188, 9);
INSERT INTO employee (employeeid, first_name, last_name, telephone_number, date_of_employment)VALUES (189, "Kerstin", "Eklund", "035-138356", NOW());
INSERT INTO assistant_nurse (employeeid) VALUES (189);
INSERT INTO employee (employeeid, first_name, last_name, telephone_number, date_of_employment)VALUES (190, "Harri", "Bengtsson", "035-023357", NOW());
INSERT INTO assistant_nurse (employeeid) VALUES (190);
INSERT INTO employee (employeeid, first_name, last_name, telephone_number, date_of_employment)VALUES (191, "Eddy", "Fransson", "077-806771", NOW());
INSERT INTO doctor (employeeid) VALUES (191);
INSERT INTO doctor_specialization(employeeid, specializationid) VALUES (191, 14);
INSERT INTO employee (employeeid, first_name, last_name, telephone_number, date_of_employment)VALUES (192, "Marina", "Berg", "040-223015", NOW());
INSERT INTO doctor (employeeid) VALUES (192);
INSERT INTO doctor_specialization(employeeid, specializationid) VALUES (192, 8);
INSERT INTO employee (employeeid, first_name, last_name, telephone_number, date_of_employment)VALUES (193, "Elfriede", "Andreasson", "090-427826", NOW());
INSERT INTO nurse (employeeid) VALUES (193);
INSERT INTO nurse_specialization(employee_id, specialization_id) VALUES (193, 14);
INSERT INTO employee (employeeid, first_name, last_name, telephone_number, date_of_employment)VALUES (194, "Git", "Magnusson", "021-578036", NOW());
INSERT INTO nurse (employeeid) VALUES (194);
INSERT INTO nurse_specialization(employee_id, specialization_id) VALUES (194, 7);
INSERT INTO employee (employeeid, first_name, last_name, telephone_number, date_of_employment)VALUES (195, "Olle", "Jönsson", "078-087702", NOW());
INSERT INTO assistant_nurse (employeeid) VALUES (195);
INSERT INTO employee (employeeid, first_name, last_name, telephone_number, date_of_employment)VALUES (196, "Elias", "Ekström", "063-422578", NOW());
INSERT INTO nurse (employeeid) VALUES (196);
INSERT INTO nurse_specialization(employee_id, specialization_id) VALUES (196, 12);
INSERT INTO employee (employeeid, first_name, last_name, telephone_number, date_of_employment)VALUES (197, "Matteus", "Nilsson", "035-045351", NOW());
INSERT INTO doctor (employeeid) VALUES (197);

INSERT INTO employee (employeeid, first_name, last_name, telephone_number, date_of_employment)VALUES (198, "Niklas", "Öberg", "042-456183", NOW());
INSERT INTO doctor (employeeid) VALUES (198);
INSERT INTO doctor_specialization(employeeid, specializationid) VALUES (198, 7);
INSERT INTO employee (employeeid, first_name, last_name, telephone_number, date_of_employment)VALUES (199, "Emilio", "Sandberg", "044-155100", NOW());
INSERT INTO doctor (employeeid) VALUES (199);
INSERT INTO doctor_specialization(employeeid, specializationid) VALUES (199, 14);
INSERT INTO employee (employeeid, first_name, last_name, telephone_number, date_of_employment)VALUES (200, "Daniela", "Engström", "063-853027", NOW());
INSERT INTO doctor (employeeid) VALUES (200);
INSERT INTO doctor_specialization(employeeid, specializationid) VALUES (200, 11);
INSERT INTO employee (employeeid, first_name, last_name, telephone_number, date_of_employment)VALUES (201, "Gottfrid", "Larsson", "073-712373", NOW());
INSERT INTO assistant_nurse (employeeid) VALUES (201);
INSERT INTO employee (employeeid, first_name, last_name, telephone_number, date_of_employment)VALUES (202, "Britte", "Sandström", "075-855712", NOW());
INSERT INTO doctor (employeeid) VALUES (202);
INSERT INTO doctor_specialization(employeeid, specializationid) VALUES (202, 9);
INSERT INTO employee (employeeid, first_name, last_name, telephone_number, date_of_employment)VALUES (203, "Holger", "Viklund", "076-833345", NOW());
INSERT INTO doctor (employeeid) VALUES (203);
INSERT INTO doctor_specialization(employeeid, specializationid) VALUES (203, 8);
INSERT INTO employee (employeeid, first_name, last_name, telephone_number, date_of_employment)VALUES (204, "Arvida", "Sandberg", "078-237174", NOW());
INSERT INTO assistant_nurse (employeeid) VALUES (204);
INSERT INTO employee (employeeid, first_name, last_name, telephone_number, date_of_employment)VALUES (205, "Justina", "Sjögren", "075-215003", NOW());
INSERT INTO assistant_nurse (employeeid) VALUES (205);
INSERT INTO employee (employeeid, first_name, last_name, telephone_number, date_of_employment)VALUES (206, "Aurora", "Öberg", "035-168577", NOW());
INSERT INTO assistant_nurse (employeeid) VALUES (206);
INSERT INTO employee (employeeid, first_name, last_name, telephone_number, date_of_employment)VALUES (207, "Kevin", "Martinsson", "077-208608", NOW());
INSERT INTO doctor (employeeid) VALUES (207);
INSERT INTO doctor_specialization(employeeid, specializationid) VALUES (207, 1);
INSERT INTO employee (employeeid, first_name, last_name, telephone_number, date_of_employment)VALUES (208, "Gotthard", "Nyström", "036-661266", NOW());
INSERT INTO assistant_nurse (employeeid) VALUES (208);
INSERT INTO employee (employeeid, first_name, last_name, telephone_number, date_of_employment)VALUES (209, "Hubert", "Andersson", "023-641683", NOW());
INSERT INTO assistant_nurse (employeeid) VALUES (209);
INSERT INTO employee (employeeid, first_name, last_name, telephone_number, date_of_employment)VALUES (210, "Liv", "Strömberg", "077-461773", NOW());
INSERT INTO nurse (employeeid) VALUES (210);
INSERT INTO nurse_specialization(employee_id, specialization_id) VALUES (210, 16);
INSERT INTO employee (employeeid, first_name, last_name, telephone_number, date_of_employment)VALUES (211, "Esaias", "Håkansson", "046-330832", NOW());
INSERT INTO assistant_nurse (employeeid) VALUES (211);
INSERT INTO employee (employeeid, first_name, last_name, telephone_number, date_of_employment)VALUES (212, "Grete", "Lund", "033-220435", NOW());
INSERT INTO nurse (employeeid) VALUES (212);

INSERT INTO employee (employeeid, first_name, last_name, telephone_number, date_of_employment)VALUES (213, "Adrienne", "Jonsson", "033-318828", NOW());
INSERT INTO nurse (employeeid) VALUES (213);

INSERT INTO employee (employeeid, first_name, last_name, telephone_number, date_of_employment)VALUES (214, "Gunnil", "Jonasson", "035-561381", NOW());
INSERT INTO nurse (employeeid) VALUES (214);
INSERT INTO nurse_specialization(employee_id, specialization_id) VALUES (214, 13);
INSERT INTO employee (employeeid, first_name, last_name, telephone_number, date_of_employment)VALUES (215, "Mirja", "Viklund", "074-018536", NOW());
INSERT INTO doctor (employeeid) VALUES (215);

INSERT INTO employee (employeeid, first_name, last_name, telephone_number, date_of_employment)VALUES (216, "Pauline", "Falk", "070-071568", NOW());
INSERT INTO doctor (employeeid) VALUES (216);
INSERT INTO doctor_specialization(employeeid, specializationid) VALUES (216, 11);
INSERT INTO employee (employeeid, first_name, last_name, telephone_number, date_of_employment)VALUES (217, "Disa", "Åberg", "046-801058", NOW());
INSERT INTO assistant_nurse (employeeid) VALUES (217);
INSERT INTO employee (employeeid, first_name, last_name, telephone_number, date_of_employment)VALUES (218, "Vendela", "Sjögren", "023-682377", NOW());
INSERT INTO doctor (employeeid) VALUES (218);

INSERT INTO employee (employeeid, first_name, last_name, telephone_number, date_of_employment)VALUES (219, "Ursula", "Jansson", "033-615325", NOW());
INSERT INTO doctor (employeeid) VALUES (219);
INSERT INTO doctor_specialization(employeeid, specializationid) VALUES (219, 4);
INSERT INTO employee (employeeid, first_name, last_name, telephone_number, date_of_employment)VALUES (220, "Madeleine", "Henriksson", "019-515568", NOW());
INSERT INTO nurse (employeeid) VALUES (220);
INSERT INTO nurse_specialization(employee_id, specialization_id) VALUES (220, 1);
INSERT INTO employee (employeeid, first_name, last_name, telephone_number, date_of_employment)VALUES (221, "Pia", "Nordström", "011-268376", NOW());
INSERT INTO assistant_nurse (employeeid) VALUES (221);
INSERT INTO employee (employeeid, first_name, last_name, telephone_number, date_of_employment)VALUES (222, "Joakim", "Mårtensson", "046-638027", NOW());
INSERT INTO doctor (employeeid) VALUES (222);
INSERT INTO doctor_specialization(employeeid, specializationid) VALUES (222, 14);
INSERT INTO employee (employeeid, first_name, last_name, telephone_number, date_of_employment)VALUES (223, "Lalla", "Martinsson", "011-047378", NOW());
INSERT INTO nurse (employeeid) VALUES (223);
INSERT INTO nurse_specialization(employee_id, specialization_id) VALUES (223, 2);
INSERT INTO employee (employeeid, first_name, last_name, telephone_number, date_of_employment)VALUES (224, "Felipe", "Viklund", "042-263077", NOW());
INSERT INTO doctor (employeeid) VALUES (224);
INSERT INTO doctor_specialization(employeeid, specializationid) VALUES (224, 9);
INSERT INTO employee (employeeid, first_name, last_name, telephone_number, date_of_employment)VALUES (225, "Malkolm", "Söderberg", "074-048156", NOW());
INSERT INTO doctor (employeeid) VALUES (225);

INSERT INTO employee (employeeid, first_name, last_name, telephone_number, date_of_employment)VALUES (226, "Gullan", "Holmgren", "016-853027", NOW());
INSERT INTO doctor (employeeid) VALUES (226);
INSERT INTO doctor_specialization(employeeid, specializationid) VALUES (226, 11);
INSERT INTO employee (employeeid, first_name, last_name, telephone_number, date_of_employment)VALUES (227, "Vidar", "Sandberg", "075-485436", NOW());
INSERT INTO assistant_nurse (employeeid) VALUES (227);
INSERT INTO employee (employeeid, first_name, last_name, telephone_number, date_of_employment)VALUES (228, "Håkan", "Håkansson", "044-688384", NOW());
INSERT INTO doctor (employeeid) VALUES (228);
INSERT INTO doctor_specialization(employeeid, specializationid) VALUES (228, 3);
INSERT INTO employee (employeeid, first_name, last_name, telephone_number, date_of_employment)VALUES (229, "Katrin", "Lundberg", "072-074172", NOW());
INSERT INTO doctor (employeeid) VALUES (229);
INSERT INTO doctor_specialization(employeeid, specializationid) VALUES (229, 6);
INSERT INTO employee (employeeid, first_name, last_name, telephone_number, date_of_employment)VALUES (230, "Alvin", "Lindholm", "090-665784", NOW());
INSERT INTO nurse (employeeid) VALUES (230);

INSERT INTO employee (employeeid, first_name, last_name, telephone_number, date_of_employment)VALUES (231, "Marina", "Eklund", "011-151703", NOW());
INSERT INTO nurse (employeeid) VALUES (231);

INSERT INTO employee (employeeid, first_name, last_name, telephone_number, date_of_employment)VALUES (232, "Sonja", "Hansson", "046-271184", NOW());
INSERT INTO nurse (employeeid) VALUES (232);
INSERT INTO nurse_specialization(employee_id, specialization_id) VALUES (232, 1);
INSERT INTO employee (employeeid, first_name, last_name, telephone_number, date_of_employment)VALUES (233, "Manuel", "Berglund", "031-846757", NOW());
INSERT INTO assistant_nurse (employeeid) VALUES (233);
INSERT INTO employee (employeeid, first_name, last_name, telephone_number, date_of_employment)VALUES (234, "Arvid", "Bergqvist", "035-252527", NOW());
INSERT INTO doctor (employeeid) VALUES (234);
INSERT INTO doctor_specialization(employeeid, specializationid) VALUES (234, 13);
INSERT INTO employee (employeeid, first_name, last_name, telephone_number, date_of_employment)VALUES (235, "Linda", "Månsson", "033-432732", NOW());
INSERT INTO assistant_nurse (employeeid) VALUES (235);
INSERT INTO employee (employeeid, first_name, last_name, telephone_number, date_of_employment)VALUES (236, "Elli", "Viklund", "019-213605", NOW());
INSERT INTO nurse (employeeid) VALUES (236);
INSERT INTO nurse_specialization(employee_id, specialization_id) VALUES (236, 6);
INSERT INTO employee (employeeid, first_name, last_name, telephone_number, date_of_employment)VALUES (237, "Lene", "Sundberg", "090-422578", NOW());
INSERT INTO doctor (employeeid) VALUES (237);
INSERT INTO doctor_specialization(employeeid, specializationid) VALUES (237, 13);
INSERT INTO employee (employeeid, first_name, last_name, telephone_number, date_of_employment)VALUES (238, "Ina", "Svensson", "042-881103", NOW());
INSERT INTO assistant_nurse (employeeid) VALUES (238);
INSERT INTO employee (employeeid, first_name, last_name, telephone_number, date_of_employment)VALUES (239, "Sabina", "Hermansson", "040-212646", NOW());
INSERT INTO doctor (employeeid) VALUES (239);
INSERT INTO doctor_specialization(employeeid, specializationid) VALUES (239, 14);
INSERT INTO employee (employeeid, first_name, last_name, telephone_number, date_of_employment)VALUES (240, "Lilly", "Lindström", "042-448800", NOW());
INSERT INTO nurse (employeeid) VALUES (240);
INSERT INTO nurse_specialization(employee_id, specialization_id) VALUES (240, 6);
INSERT INTO employee (employeeid, first_name, last_name, telephone_number, date_of_employment)VALUES (241, "Tore", "Blom", "018-104463", NOW());
INSERT INTO assistant_nurse (employeeid) VALUES (241);
INSERT INTO employee (employeeid, first_name, last_name, telephone_number, date_of_employment)VALUES (242, "Frida", "Bergman", "078-074057", NOW());
INSERT INTO assistant_nurse (employeeid) VALUES (242);
INSERT INTO employee (employeeid, first_name, last_name, telephone_number, date_of_employment)VALUES (243, "Jeanette", "Mattsson", "077-768422", NOW());
INSERT INTO nurse (employeeid) VALUES (243);
INSERT INTO nurse_specialization(employee_id, specialization_id) VALUES (243, 11);
INSERT INTO employee (employeeid, first_name, last_name, telephone_number, date_of_employment)VALUES (244, "Hampus", "Lindberg", "031-151703", NOW());
INSERT INTO doctor (employeeid) VALUES (244);
INSERT INTO doctor_specialization(employeeid, specializationid) VALUES (244, 10);
INSERT INTO employee (employeeid, first_name, last_name, telephone_number, date_of_employment)VALUES (245, "Albertina", "Lindström", "036-321863", NOW());
INSERT INTO assistant_nurse (employeeid) VALUES (245);
INSERT INTO employee (employeeid, first_name, last_name, telephone_number, date_of_employment)VALUES (246, "Gustava", "Blomqvist", "074-381281", NOW());
INSERT INTO nurse (employeeid) VALUES (246);

INSERT INTO employee (employeeid, first_name, last_name, telephone_number, date_of_employment)VALUES (247, "Georges", "Sundström", "019-263558", NOW());
INSERT INTO doctor (employeeid) VALUES (247);
INSERT INTO doctor_specialization(employeeid, specializationid) VALUES (247, 7);
INSERT INTO employee (employeeid, first_name, last_name, telephone_number, date_of_employment)VALUES (248, "Antonina", "Nordin", "075-825418", NOW());
INSERT INTO nurse (employeeid) VALUES (248);
INSERT INTO nurse_specialization(employee_id, specialization_id) VALUES (248, 9);
INSERT INTO employee (employeeid, first_name, last_name, telephone_number, date_of_employment)VALUES (249, "Antero", "Isaksson", "072-838576", NOW());
INSERT INTO doctor (employeeid) VALUES (249);
INSERT INTO doctor_specialization(employeeid, specializationid) VALUES (249, 11);
INSERT INTO employee (employeeid, first_name, last_name, telephone_number, date_of_employment)VALUES (250, "Åke", "Magnusson", "063-107705", NOW());
INSERT INTO assistant_nurse (employeeid) VALUES (250);
INSERT INTO employee (employeeid, first_name, last_name, telephone_number, date_of_employment)VALUES (251, "Petra", "Månsson", "072-307210", NOW());
INSERT INTO assistant_nurse (employeeid) VALUES (251);
INSERT INTO employee (employeeid, first_name, last_name, telephone_number, date_of_employment)VALUES (252, "Tina", "Berg", "040-130236", NOW());
INSERT INTO nurse (employeeid) VALUES (252);
INSERT INTO nurse_specialization(employee_id, specialization_id) VALUES (252, 10);
INSERT INTO employee (employeeid, first_name, last_name, telephone_number, date_of_employment)VALUES (253, "Villy", "Åström", "040-851037", NOW());
INSERT INTO doctor (employeeid) VALUES (253);

INSERT INTO employee (employeeid, first_name, last_name, telephone_number, date_of_employment)VALUES (254, "Rebecka", "Bergström", "046-584507", NOW());
INSERT INTO doctor (employeeid) VALUES (254);
INSERT INTO doctor_specialization(employeeid, specializationid) VALUES (254, 14);
INSERT INTO employee (employeeid, first_name, last_name, telephone_number, date_of_employment)VALUES (255, "Rosa", "Larsson", "019-562461", NOW());
INSERT INTO doctor (employeeid) VALUES (255);
INSERT INTO doctor_specialization(employeeid, specializationid) VALUES (255, 6);
INSERT INTO employee (employeeid, first_name, last_name, telephone_number, date_of_employment)VALUES (256, "Michel", "Ivarsson", "040-214870", NOW());
INSERT INTO nurse (employeeid) VALUES (256);
INSERT INTO nurse_specialization(employee_id, specialization_id) VALUES (256, 4);
INSERT INTO employee (employeeid, first_name, last_name, telephone_number, date_of_employment)VALUES (257, "Vilhelmina", "Bergqvist", "073-886334", NOW());
INSERT INTO doctor (employeeid) VALUES (257);
INSERT INTO doctor_specialization(employeeid, specializationid) VALUES (257, 6);
INSERT INTO employee (employeeid, first_name, last_name, telephone_number, date_of_employment)VALUES (258, "Pirjo", "Wallin", "074-017220", NOW());
INSERT INTO assistant_nurse (employeeid) VALUES (258);
INSERT INTO employee (employeeid, first_name, last_name, telephone_number, date_of_employment)VALUES (259, "Håkan", "Åström", "023-717855", NOW());
INSERT INTO nurse (employeeid) VALUES (259);
INSERT INTO nurse_specialization(employee_id, specialization_id) VALUES (259, 12);
INSERT INTO employee (employeeid, first_name, last_name, telephone_number, date_of_employment)VALUES (260, "Emilia", "Löfgren", "036-800660", NOW());
INSERT INTO doctor (employeeid) VALUES (260);
INSERT INTO doctor_specialization(employeeid, specializationid) VALUES (260, 10);
INSERT INTO employee (employeeid, first_name, last_name, telephone_number, date_of_employment)VALUES (261, "Eivor", "Ström", "075-723718", NOW());
INSERT INTO assistant_nurse (employeeid) VALUES (261);
INSERT INTO employee (employeeid, first_name, last_name, telephone_number, date_of_employment)VALUES (262, "Signe", "Sjöberg", "035-263077", NOW());
INSERT INTO nurse (employeeid) VALUES (262);
INSERT INTO nurse_specialization(employee_id, specialization_id) VALUES (262, 7);
INSERT INTO employee (employeeid, first_name, last_name, telephone_number, date_of_employment)VALUES (263, "Ada", "Ek", "040-004366", NOW());
INSERT INTO assistant_nurse (employeeid) VALUES (263);
INSERT INTO employee (employeeid, first_name, last_name, telephone_number, date_of_employment)VALUES (264, "Hans", "Åkesson", "021-876081", NOW());
INSERT INTO nurse (employeeid) VALUES (264);
INSERT INTO nurse_specialization(employee_id, specialization_id) VALUES (264, 13);
INSERT INTO employee (employeeid, first_name, last_name, telephone_number, date_of_employment)VALUES (265, "Lova", "Hedlund", "063-306424", NOW());
INSERT INTO nurse (employeeid) VALUES (265);
INSERT INTO nurse_specialization(employee_id, specialization_id) VALUES (265, 14);
INSERT INTO employee (employeeid, first_name, last_name, telephone_number, date_of_employment)VALUES (266, "Benita", "Ekström", "078-640244", NOW());
INSERT INTO nurse (employeeid) VALUES (266);
INSERT INTO nurse_specialization(employee_id, specialization_id) VALUES (266, 12);
INSERT INTO employee (employeeid, first_name, last_name, telephone_number, date_of_employment)VALUES (267, "Yvonne", "Lundin", "026-122663", NOW());
INSERT INTO assistant_nurse (employeeid) VALUES (267);
INSERT INTO employee (employeeid, first_name, last_name, telephone_number, date_of_employment)VALUES (268, "Teodor", "Mattsson", "019-888238", NOW());
INSERT INTO doctor (employeeid) VALUES (268);
INSERT INTO doctor_specialization(employeeid, specializationid) VALUES (268, 7);
INSERT INTO employee (employeeid, first_name, last_name, telephone_number, date_of_employment)VALUES (269, "James", "Dahlberg", "026-617736", NOW());
INSERT INTO doctor (employeeid) VALUES (269);
INSERT INTO doctor_specialization(employeeid, specializationid) VALUES (269, 2);
INSERT INTO employee (employeeid, first_name, last_name, telephone_number, date_of_employment)VALUES (270, "Gunni", "Eliasson", "078-740476", NOW());
INSERT INTO assistant_nurse (employeeid) VALUES (270);
INSERT INTO employee (employeeid, first_name, last_name, telephone_number, date_of_employment)VALUES (271, "Linnea", "Lund", "016-477643", NOW());
INSERT INTO assistant_nurse (employeeid) VALUES (271);
INSERT INTO employee (employeeid, first_name, last_name, telephone_number, date_of_employment)VALUES (272, "Tove", "Månsson", "073-748364", NOW());
INSERT INTO doctor (employeeid) VALUES (272);
INSERT INTO doctor_specialization(employeeid, specializationid) VALUES (272, 12);
INSERT INTO employee (employeeid, first_name, last_name, telephone_number, date_of_employment)VALUES (273, "Joen", "Lind", "077-575235", NOW());
INSERT INTO doctor (employeeid) VALUES (273);

INSERT INTO employee (employeeid, first_name, last_name, telephone_number, date_of_employment)VALUES (274, "Antero", "Dahlberg", "040-584257", NOW());
INSERT INTO doctor (employeeid) VALUES (274);
INSERT INTO doctor_specialization(employeeid, specializationid) VALUES (274, 14);
INSERT INTO employee (employeeid, first_name, last_name, telephone_number, date_of_employment)VALUES (275, "Greger", "Viklund", "060-071671", NOW());
INSERT INTO assistant_nurse (employeeid) VALUES (275);
INSERT INTO employee (employeeid, first_name, last_name, telephone_number, date_of_employment)VALUES (276, "Hernan", "Lindholm", "035-776720", NOW());
INSERT INTO assistant_nurse (employeeid) VALUES (276);
INSERT INTO employee (employeeid, first_name, last_name, telephone_number, date_of_employment)VALUES (277, "Noomi", "Sandström", "042-101008", NOW());
INSERT INTO assistant_nurse (employeeid) VALUES (277);
INSERT INTO employee (employeeid, first_name, last_name, telephone_number, date_of_employment)VALUES (278, "Klas", "Ekström", "042-718027", NOW());
INSERT INTO doctor (employeeid) VALUES (278);
INSERT INTO doctor_specialization(employeeid, specializationid) VALUES (278, 3);
INSERT INTO employee (employeeid, first_name, last_name, telephone_number, date_of_employment)VALUES (279, "Martti", "Sjöberg", "070-243744", NOW());
INSERT INTO doctor (employeeid) VALUES (279);
INSERT INTO doctor_specialization(employeeid, specializationid) VALUES (279, 15);
INSERT INTO employee (employeeid, first_name, last_name, telephone_number, date_of_employment)VALUES (280, "Edvard", "Berglund", "023-275172", NOW());
INSERT INTO assistant_nurse (employeeid) VALUES (280);
INSERT INTO employee (employeeid, first_name, last_name, telephone_number, date_of_employment)VALUES (281, "May", "Viklund", "011-266671", NOW());
INSERT INTO nurse (employeeid) VALUES (281);
INSERT INTO nurse_specialization(employee_id, specialization_id) VALUES (281, 8);
INSERT INTO employee (employeeid, first_name, last_name, telephone_number, date_of_employment)VALUES (282, "Charlie", "Olsson", "078-542427", NOW());
INSERT INTO nurse (employeeid) VALUES (282);
INSERT INTO nurse_specialization(employee_id, specialization_id) VALUES (282, 3);
INSERT INTO employee (employeeid, first_name, last_name, telephone_number, date_of_employment)VALUES (283, "Juhani", "Hansen", "031-207853", NOW());
INSERT INTO assistant_nurse (employeeid) VALUES (283);
INSERT INTO employee (employeeid, first_name, last_name, telephone_number, date_of_employment)VALUES (284, "Rafael", "Mattsson", "044-805372", NOW());
INSERT INTO doctor (employeeid) VALUES (284);
INSERT INTO doctor_specialization(employeeid, specializationid) VALUES (284, 14);
INSERT INTO employee (employeeid, first_name, last_name, telephone_number, date_of_employment)VALUES (285, "Manuela", "Engström", "070-543003", NOW());
INSERT INTO doctor (employeeid) VALUES (285);
INSERT INTO doctor_specialization(employeeid, specializationid) VALUES (285, 2);
INSERT INTO employee (employeeid, first_name, last_name, telephone_number, date_of_employment)VALUES (286, "Martti", "Nordström", "036-876081", NOW());
INSERT INTO nurse (employeeid) VALUES (286);

INSERT INTO employee (employeeid, first_name, last_name, telephone_number, date_of_employment)VALUES (287, "Gunder", "Holmgren", "076-820664", NOW());
INSERT INTO assistant_nurse (employeeid) VALUES (287);
INSERT INTO employee (employeeid, first_name, last_name, telephone_number, date_of_employment)VALUES (288, "Noomi", "Lundström", "031-074057", NOW());
INSERT INTO doctor (employeeid) VALUES (288);
INSERT INTO doctor_specialization(employeeid, specializationid) VALUES (288, 6);
INSERT INTO employee (employeeid, first_name, last_name, telephone_number, date_of_employment)VALUES (289, "Gusti", "Fredriksson", "063-745547", NOW());
INSERT INTO nurse (employeeid) VALUES (289);
INSERT INTO nurse_specialization(employee_id, specialization_id) VALUES (289, 14);
INSERT INTO employee (employeeid, first_name, last_name, telephone_number, date_of_employment)VALUES (290, "Vidar", "Jakobsson", "021-073241", NOW());
INSERT INTO doctor (employeeid) VALUES (290);

INSERT INTO employee (employeeid, first_name, last_name, telephone_number, date_of_employment)VALUES (291, "Annika", "Hedlund", "016-660423", NOW());
INSERT INTO doctor (employeeid) VALUES (291);
INSERT INTO doctor_specialization(employeeid, specializationid) VALUES (291, 1);
INSERT INTO employee (employeeid, first_name, last_name, telephone_number, date_of_employment)VALUES (292, "Hilma", "Nyberg", "023-288657", NOW());
INSERT INTO assistant_nurse (employeeid) VALUES (292);
INSERT INTO employee (employeeid, first_name, last_name, telephone_number, date_of_employment)VALUES (293, "Kasper", "Olsson", "090-704825", NOW());
INSERT INTO assistant_nurse (employeeid) VALUES (293);
INSERT INTO employee (employeeid, first_name, last_name, telephone_number, date_of_employment)VALUES (294, "Paulina", "Nilsson", "018-705571", NOW());
INSERT INTO assistant_nurse (employeeid) VALUES (294);
INSERT INTO employee (employeeid, first_name, last_name, telephone_number, date_of_employment)VALUES (295, "Egon", "Åström", "033-543347", NOW());
INSERT INTO doctor (employeeid) VALUES (295);
INSERT INTO doctor_specialization(employeeid, specializationid) VALUES (295, 16);
INSERT INTO employee (employeeid, first_name, last_name, telephone_number, date_of_employment)VALUES (296, "Göta", "Månsson", "018-212646", NOW());
INSERT INTO nurse (employeeid) VALUES (296);
INSERT INTO nurse_specialization(employee_id, specialization_id) VALUES (296, 3);
INSERT INTO employee (employeeid, first_name, last_name, telephone_number, date_of_employment)VALUES (297, "Georg", "Nordström", "026-664805", NOW());
INSERT INTO nurse (employeeid) VALUES (297);
INSERT INTO nurse_specialization(employee_id, specialization_id) VALUES (297, 1);
INSERT INTO employee (employeeid, first_name, last_name, telephone_number, date_of_employment)VALUES (298, "Jeanne", "Larsson", "011-216282", NOW());
INSERT INTO doctor (employeeid) VALUES (298);
INSERT INTO doctor_specialization(employeeid, specializationid) VALUES (298, 7);
INSERT INTO employee (employeeid, first_name, last_name, telephone_number, date_of_employment)VALUES (299, "Irena", "Holmqvist", "018-870218", NOW());
INSERT INTO assistant_nurse (employeeid) VALUES (299);
INSERT INTO employee (employeeid, first_name, last_name, telephone_number, date_of_employment)VALUES (300, "Torleif", "Lundberg", "060-125741", NOW());
INSERT INTO doctor (employeeid) VALUES (300);
INSERT INTO doctor_specialization(employeeid, specializationid) VALUES (300, 7);
INSERT INTO employee (employeeid, first_name, last_name, telephone_number, date_of_employment)VALUES (301, "Mattis", "Sundqvist", "090-417733", NOW());
INSERT INTO nurse (employeeid) VALUES (301);
INSERT INTO nurse_specialization(employee_id, specialization_id) VALUES (301, 7);
INSERT INTO employee (employeeid, first_name, last_name, telephone_number, date_of_employment)VALUES (302, "Magdalena", "Blom", "042-815878", NOW());
INSERT INTO nurse (employeeid) VALUES (302);

INSERT INTO employee (employeeid, first_name, last_name, telephone_number, date_of_employment)VALUES (303, "Rakel", "Lundqvist", "031-461563", NOW());
INSERT INTO assistant_nurse (employeeid) VALUES (303);
INSERT INTO employee (employeeid, first_name, last_name, telephone_number, date_of_employment)VALUES (304, "Claes", "Sjöberg", "036-272718", NOW());
INSERT INTO doctor (employeeid) VALUES (304);
INSERT INTO doctor_specialization(employeeid, specializationid) VALUES (304, 1);
INSERT INTO employee (employeeid, first_name, last_name, telephone_number, date_of_employment)VALUES (305, "Jeanne", "Sjöberg", "021-550425", NOW());
INSERT INTO nurse (employeeid) VALUES (305);

INSERT INTO employee (employeeid, first_name, last_name, telephone_number, date_of_employment)VALUES (306, "Sissela", "Åkesson", "046-401612", NOW());
INSERT INTO doctor (employeeid) VALUES (306);

INSERT INTO employee (employeeid, first_name, last_name, telephone_number, date_of_employment)VALUES (307, "Janos", "Svensson", "044-524602", NOW());
INSERT INTO nurse (employeeid) VALUES (307);
INSERT INTO nurse_specialization(employee_id, specialization_id) VALUES (307, 11);
INSERT INTO employee (employeeid, first_name, last_name, telephone_number, date_of_employment)VALUES (308, "Emil", "Björklund", "021-853027", NOW());
INSERT INTO assistant_nurse (employeeid) VALUES (308);
INSERT INTO employee (employeeid, first_name, last_name, telephone_number, date_of_employment)VALUES (309, "Elof", "Jönsson", "026-507765", NOW());
INSERT INTO doctor (employeeid) VALUES (309);
INSERT INTO doctor_specialization(employeeid, specializationid) VALUES (309, 7);
INSERT INTO employee (employeeid, first_name, last_name, telephone_number, date_of_employment)VALUES (310, "Adrian", "Jonsson", "021-181244", NOW());
INSERT INTO assistant_nurse (employeeid) VALUES (310);
INSERT INTO employee (employeeid, first_name, last_name, telephone_number, date_of_employment)VALUES (311, "Filippa", "Berggren", "063-807586", NOW());
INSERT INTO nurse (employeeid) VALUES (311);
INSERT INTO nurse_specialization(employee_id, specialization_id) VALUES (311, 9);
INSERT INTO employee (employeeid, first_name, last_name, telephone_number, date_of_employment)VALUES (312, "Linus", "Wallin", "035-712407", NOW());
INSERT INTO doctor (employeeid) VALUES (312);
INSERT INTO doctor_specialization(employeeid, specializationid) VALUES (312, 5);
INSERT INTO employee (employeeid, first_name, last_name, telephone_number, date_of_employment)VALUES (313, "Vivika", "Berggren", "063-183883", NOW());
INSERT INTO doctor (employeeid) VALUES (313);
INSERT INTO doctor_specialization(employeeid, specializationid) VALUES (313, 13);
INSERT INTO employee (employeeid, first_name, last_name, telephone_number, date_of_employment)VALUES (314, "Salomon", "Bergman", "044-555300", NOW());
INSERT INTO assistant_nurse (employeeid) VALUES (314);
INSERT INTO employee (employeeid, first_name, last_name, telephone_number, date_of_employment)VALUES (315, "Anselm", "Bergström", "090-482818", NOW());
INSERT INTO assistant_nurse (employeeid) VALUES (315);
INSERT INTO employee (employeeid, first_name, last_name, telephone_number, date_of_employment)VALUES (316, "Emy", "Nyberg", "075-056435", NOW());
INSERT INTO doctor (employeeid) VALUES (316);
INSERT INTO doctor_specialization(employeeid, specializationid) VALUES (316, 16);
INSERT INTO employee (employeeid, first_name, last_name, telephone_number, date_of_employment)VALUES (317, "Gunny", "Lundin", "070-057151", NOW());
INSERT INTO nurse (employeeid) VALUES (317);
INSERT INTO nurse_specialization(employee_id, specialization_id) VALUES (317, 12);
INSERT INTO employee (employeeid, first_name, last_name, telephone_number, date_of_employment)VALUES (318, "Lea", "Björklund", "090-113176", NOW());
INSERT INTO doctor (employeeid) VALUES (318);
INSERT INTO doctor_specialization(employeeid, specializationid) VALUES (318, 10);
INSERT INTO employee (employeeid, first_name, last_name, telephone_number, date_of_employment)VALUES (319, "Antoni", "Berggren", "063-164423", NOW());
INSERT INTO doctor (employeeid) VALUES (319);
INSERT INTO doctor_specialization(employeeid, specializationid) VALUES (319, 7);
INSERT INTO employee (employeeid, first_name, last_name, telephone_number, date_of_employment)VALUES (320, "Mimmie", "Axelsson", "040-018162", NOW());
INSERT INTO nurse (employeeid) VALUES (320);
INSERT INTO nurse_specialization(employee_id, specialization_id) VALUES (320, 11);
INSERT INTO employee (employeeid, first_name, last_name, telephone_number, date_of_employment)VALUES (321, "Brigitta", "Lindholm", "023-533412", NOW());
INSERT INTO doctor (employeeid) VALUES (321);
INSERT INTO doctor_specialization(employeeid, specializationid) VALUES (321, 7);
INSERT INTO employee (employeeid, first_name, last_name, telephone_number, date_of_employment)VALUES (322, "Pauli", "Abrahamsson", "036-260402", NOW());
INSERT INTO doctor (employeeid) VALUES (322);
INSERT INTO doctor_specialization(employeeid, specializationid) VALUES (322, 14);
INSERT INTO employee (employeeid, first_name, last_name, telephone_number, date_of_employment)VALUES (323, "Regine", "Wikström", "070-458214", NOW());
INSERT INTO nurse (employeeid) VALUES (323);
INSERT INTO nurse_specialization(employee_id, specialization_id) VALUES (323, 6);
INSERT INTO employee (employeeid, first_name, last_name, telephone_number, date_of_employment)VALUES (324, "Mark", "Viklund", "036-304221", NOW());
INSERT INTO nurse (employeeid) VALUES (324);
INSERT INTO nurse_specialization(employee_id, specialization_id) VALUES (324, 6);
INSERT INTO employee (employeeid, first_name, last_name, telephone_number, date_of_employment)VALUES (325, "Giuseppe", "Mattsson", "021-284786", NOW());
INSERT INTO assistant_nurse (employeeid) VALUES (325);
INSERT INTO employee (employeeid, first_name, last_name, telephone_number, date_of_employment)VALUES (326, "Antti", "Nordin", "070-001464", NOW());
INSERT INTO assistant_nurse (employeeid) VALUES (326);
INSERT INTO employee (employeeid, first_name, last_name, telephone_number, date_of_employment)VALUES (327, "Ingar", "Svensson", "035-344328", NOW());
INSERT INTO doctor (employeeid) VALUES (327);
INSERT INTO doctor_specialization(employeeid, specializationid) VALUES (327, 1);
INSERT INTO employee (employeeid, first_name, last_name, telephone_number, date_of_employment)VALUES (328, "Ingo", "Pålsson", "023-554050", NOW());
INSERT INTO assistant_nurse (employeeid) VALUES (328);
INSERT INTO employee (employeeid, first_name, last_name, telephone_number, date_of_employment)VALUES (329, "Nilla", "Olofsson", "021-656163", NOW());
INSERT INTO doctor (employeeid) VALUES (329);
INSERT INTO doctor_specialization(employeeid, specializationid) VALUES (329, 6);
INSERT INTO employee (employeeid, first_name, last_name, telephone_number, date_of_employment)VALUES (330, "Elsa", "Dahlberg", "040-402105", NOW());
INSERT INTO assistant_nurse (employeeid) VALUES (330);
INSERT INTO employee (employeeid, first_name, last_name, telephone_number, date_of_employment)VALUES (331, "Ioannis", "Andersson", "074-171560", NOW());
INSERT INTO assistant_nurse (employeeid) VALUES (331);
INSERT INTO employee (employeeid, first_name, last_name, telephone_number, date_of_employment)VALUES (332, "Kalle", "Lundqvist", "023-878100", NOW());
INSERT INTO doctor (employeeid) VALUES (332);
INSERT INTO doctor_specialization(employeeid, specializationid) VALUES (332, 5);
INSERT INTO employee (employeeid, first_name, last_name, telephone_number, date_of_employment)VALUES (333, "Gudrun", "Gunnarsson", "072-721136", NOW());
INSERT INTO nurse (employeeid) VALUES (333);

INSERT INTO employee (employeeid, first_name, last_name, telephone_number, date_of_employment)VALUES (334, "Dage", "Sjöberg", "023-427085", NOW());
INSERT INTO assistant_nurse (employeeid) VALUES (334);
INSERT INTO employee (employeeid, first_name, last_name, telephone_number, date_of_employment)VALUES (335, "Selmer", "Holmberg", "060-704818", NOW());
INSERT INTO nurse (employeeid) VALUES (335);
INSERT INTO nurse_specialization(employee_id, specialization_id) VALUES (335, 11);
INSERT INTO employee (employeeid, first_name, last_name, telephone_number, date_of_employment)VALUES (336, "Vivi", "Lindström", "090-148217", NOW());
INSERT INTO assistant_nurse (employeeid) VALUES (336);
INSERT INTO employee (employeeid, first_name, last_name, telephone_number, date_of_employment)VALUES (337, "Kasper", "Håkansson", "074-142870", NOW());
INSERT INTO doctor (employeeid) VALUES (337);
INSERT INTO doctor_specialization(employeeid, specializationid) VALUES (337, 16);
INSERT INTO employee (employeeid, first_name, last_name, telephone_number, date_of_employment)VALUES (338, "Antero", "Lund", "023-061754", NOW());
INSERT INTO assistant_nurse (employeeid) VALUES (338);
INSERT INTO employee (employeeid, first_name, last_name, telephone_number, date_of_employment)VALUES (339, "Lena", "Karlsson", "026-045571", NOW());
INSERT INTO assistant_nurse (employeeid) VALUES (339);
INSERT INTO employee (employeeid, first_name, last_name, telephone_number, date_of_employment)VALUES (340, "Ellinor", "Holm", "072-027204", NOW());
INSERT INTO doctor (employeeid) VALUES (340);
INSERT INTO doctor_specialization(employeeid, specializationid) VALUES (340, 16);
INSERT INTO employee (employeeid, first_name, last_name, telephone_number, date_of_employment)VALUES (341, "Sigfrid", "Axelsson", "074-727854", NOW());
INSERT INTO doctor (employeeid) VALUES (341);
INSERT INTO doctor_specialization(employeeid, specializationid) VALUES (341, 15);
INSERT INTO employee (employeeid, first_name, last_name, telephone_number, date_of_employment)VALUES (342, "Benny", "Norberg", "076-232070", NOW());
INSERT INTO assistant_nurse (employeeid) VALUES (342);
INSERT INTO employee (employeeid, first_name, last_name, telephone_number, date_of_employment)VALUES (343, "Fabian", "Sundström", "016-685871", NOW());
INSERT INTO assistant_nurse (employeeid) VALUES (343);
INSERT INTO employee (employeeid, first_name, last_name, telephone_number, date_of_employment)VALUES (344, "Stefanus", "Håkansson", "073-734531", NOW());
INSERT INTO nurse (employeeid) VALUES (344);
INSERT INTO nurse_specialization(employee_id, specialization_id) VALUES (344, 15);
INSERT INTO employee (employeeid, first_name, last_name, telephone_number, date_of_employment)VALUES (345, "Kristin", "Bengtsson", "073-020778", NOW());
INSERT INTO assistant_nurse (employeeid) VALUES (345);
INSERT INTO employee (employeeid, first_name, last_name, telephone_number, date_of_employment)VALUES (346, "Malin", "Fredriksson", "035-550476", NOW());
INSERT INTO doctor (employeeid) VALUES (346);
INSERT INTO doctor_specialization(employeeid, specializationid) VALUES (346, 4);
INSERT INTO employee (employeeid, first_name, last_name, telephone_number, date_of_employment)VALUES (347, "Ivan", "Abrahamsson", "046-454471", NOW());
INSERT INTO assistant_nurse (employeeid) VALUES (347);
INSERT INTO employee (employeeid, first_name, last_name, telephone_number, date_of_employment)VALUES (348, "Halvor", "Hedlund", "077-275824", NOW());
INSERT INTO doctor (employeeid) VALUES (348);
INSERT INTO doctor_specialization(employeeid, specializationid) VALUES (348, 3);
INSERT INTO employee (employeeid, first_name, last_name, telephone_number, date_of_employment)VALUES (349, "Aino", "Berg", "046-177438", NOW());
INSERT INTO assistant_nurse (employeeid) VALUES (349);
INSERT INTO employee (employeeid, first_name, last_name, telephone_number, date_of_employment)VALUES (350, "Birgit", "Hermansson", "063-406001", NOW());
INSERT INTO doctor (employeeid) VALUES (350);
INSERT INTO doctor_specialization(employeeid, specializationid) VALUES (350, 15);
INSERT INTO employee (employeeid, first_name, last_name, telephone_number, date_of_employment)VALUES (351, "Tori", "Lindgren", "070-178304", NOW());
INSERT INTO doctor (employeeid) VALUES (351);
INSERT INTO doctor_specialization(employeeid, specializationid) VALUES (351, 10);
INSERT INTO employee (employeeid, first_name, last_name, telephone_number, date_of_employment)VALUES (352, "Jannie", "Hansen", "078-172435", NOW());
INSERT INTO doctor (employeeid) VALUES (352);
INSERT INTO doctor_specialization(employeeid, specializationid) VALUES (352, 5);
INSERT INTO employee (employeeid, first_name, last_name, telephone_number, date_of_employment)VALUES (353, "Brigitte", "Mårtensson", "072-720702", NOW());
INSERT INTO assistant_nurse (employeeid) VALUES (353);
INSERT INTO employee (employeeid, first_name, last_name, telephone_number, date_of_employment)VALUES (354, "Git", "Lundgren", "044-757814", NOW());
INSERT INTO doctor (employeeid) VALUES (354);
INSERT INTO doctor_specialization(employeeid, specializationid) VALUES (354, 11);
INSERT INTO employee (employeeid, first_name, last_name, telephone_number, date_of_employment)VALUES (355, "Anita", "Lindgren", "031-212646", NOW());
INSERT INTO nurse (employeeid) VALUES (355);

INSERT INTO employee (employeeid, first_name, last_name, telephone_number, date_of_employment)VALUES (356, "Sigrid", "Norberg", "090-537810", NOW());
INSERT INTO assistant_nurse (employeeid) VALUES (356);
INSERT INTO employee (employeeid, first_name, last_name, telephone_number, date_of_employment)VALUES (357, "Lucia", "Holmqvist", "063-337888", NOW());
INSERT INTO assistant_nurse (employeeid) VALUES (357);
INSERT INTO employee (employeeid, first_name, last_name, telephone_number, date_of_employment)VALUES (358, "Benni", "Bergman", "042-140054", NOW());
INSERT INTO assistant_nurse (employeeid) VALUES (358);
INSERT INTO employee (employeeid, first_name, last_name, telephone_number, date_of_employment)VALUES (359, "Mariella", "Holmgren", "018-550425", NOW());
INSERT INTO doctor (employeeid) VALUES (359);
INSERT INTO doctor_specialization(employeeid, specializationid) VALUES (359, 10);
INSERT INTO employee (employeeid, first_name, last_name, telephone_number, date_of_employment)VALUES (360, "Herman", "Fredriksson", "074-400635", NOW());
INSERT INTO assistant_nurse (employeeid) VALUES (360);
INSERT INTO employee (employeeid, first_name, last_name, telephone_number, date_of_employment)VALUES (361, "Ellen", "Björklund", "026-554050", NOW());
INSERT INTO nurse (employeeid) VALUES (361);
INSERT INTO nurse_specialization(employee_id, specialization_id) VALUES (361, 9);
INSERT INTO employee (employeeid, first_name, last_name, telephone_number, date_of_employment)VALUES (362, "Lou", "Blom", "016-737611", NOW());
INSERT INTO doctor (employeeid) VALUES (362);
INSERT INTO doctor_specialization(employeeid, specializationid) VALUES (362, 16);
INSERT INTO employee (employeeid, first_name, last_name, telephone_number, date_of_employment)VALUES (363, "Francesca", "Söderberg", "019-122526", NOW());
INSERT INTO doctor (employeeid) VALUES (363);
INSERT INTO doctor_specialization(employeeid, specializationid) VALUES (363, 7);
INSERT INTO employee (employeeid, first_name, last_name, telephone_number, date_of_employment)VALUES (364, "Federico", "Isaksson", "035-327458", NOW());
INSERT INTO nurse (employeeid) VALUES (364);
INSERT INTO nurse_specialization(employee_id, specialization_id) VALUES (364, 15);
INSERT INTO employee (employeeid, first_name, last_name, telephone_number, date_of_employment)VALUES (365, "Anita", "Danielsson", "044-765354", NOW());
INSERT INTO doctor (employeeid) VALUES (365);
INSERT INTO doctor_specialization(employeeid, specializationid) VALUES (365, 14);
INSERT INTO employee (employeeid, first_name, last_name, telephone_number, date_of_employment)VALUES (366, "Carole", "Eklund", "036-454471", NOW());
INSERT INTO doctor (employeeid) VALUES (366);
INSERT INTO doctor_specialization(employeeid, specializationid) VALUES (366, 1);
INSERT INTO employee (employeeid, first_name, last_name, telephone_number, date_of_employment)VALUES (367, "Inga", "Ek", "077-755303", NOW());
INSERT INTO assistant_nurse (employeeid) VALUES (367);
INSERT INTO employee (employeeid, first_name, last_name, telephone_number, date_of_employment)VALUES (368, "Laurina", "Sjögren", "035-760438", NOW());
INSERT INTO doctor (employeeid) VALUES (368);
INSERT INTO doctor_specialization(employeeid, specializationid) VALUES (368, 3);
INSERT INTO employee (employeeid, first_name, last_name, telephone_number, date_of_employment)VALUES (369, "Jill", "Engström", "060-544428", NOW());
INSERT INTO doctor (employeeid) VALUES (369);
INSERT INTO doctor_specialization(employeeid, specializationid) VALUES (369, 5);
INSERT INTO employee (employeeid, first_name, last_name, telephone_number, date_of_employment)VALUES (370, "Paulus", "Abrahamsson", "031-704084", NOW());
INSERT INTO assistant_nurse (employeeid) VALUES (370);
INSERT INTO employee (employeeid, first_name, last_name, telephone_number, date_of_employment)VALUES (371, "Henrik", "Berglund", "019-060767", NOW());
INSERT INTO assistant_nurse (employeeid) VALUES (371);
INSERT INTO employee (employeeid, first_name, last_name, telephone_number, date_of_employment)VALUES (372, "Edla", "Ekström", "021-138686", NOW());
INSERT INTO doctor (employeeid) VALUES (372);
INSERT INTO doctor_specialization(employeeid, specializationid) VALUES (372, 11);
INSERT INTO employee (employeeid, first_name, last_name, telephone_number, date_of_employment)VALUES (373, "Ragnar", "Olsson", "070-065523", NOW());
INSERT INTO assistant_nurse (employeeid) VALUES (373);
INSERT INTO employee (employeeid, first_name, last_name, telephone_number, date_of_employment)VALUES (374, "Signar", "Strömberg", "060-343360", NOW());
INSERT INTO doctor (employeeid) VALUES (374);
INSERT INTO doctor_specialization(employeeid, specializationid) VALUES (374, 11);
INSERT INTO employee (employeeid, first_name, last_name, telephone_number, date_of_employment)VALUES (375, "Edit", "Lundberg", "077-774771", NOW());
INSERT INTO doctor (employeeid) VALUES (375);
INSERT INTO doctor_specialization(employeeid, specializationid) VALUES (375, 12);
INSERT INTO employee (employeeid, first_name, last_name, telephone_number, date_of_employment)VALUES (376, "Signhild", "Ström", "042-033407", NOW());
INSERT INTO assistant_nurse (employeeid) VALUES (376);
INSERT INTO employee (employeeid, first_name, last_name, telephone_number, date_of_employment)VALUES (377, "Sigga", "Dahlberg", "063-176383", NOW());
INSERT INTO nurse (employeeid) VALUES (377);
INSERT INTO nurse_specialization(employee_id, specialization_id) VALUES (377, 13);
INSERT INTO employee (employeeid, first_name, last_name, telephone_number, date_of_employment)VALUES (378, "Mikko", "Ström", "070-065050", NOW());
INSERT INTO nurse (employeeid) VALUES (378);
INSERT INTO nurse_specialization(employee_id, specialization_id) VALUES (378, 2);
INSERT INTO employee (employeeid, first_name, last_name, telephone_number, date_of_employment)VALUES (379, "Salli", "Andersson", "073-172466", NOW());
INSERT INTO nurse (employeeid) VALUES (379);
INSERT INTO nurse_specialization(employee_id, specialization_id) VALUES (379, 14);
INSERT INTO employee (employeeid, first_name, last_name, telephone_number, date_of_employment)VALUES (380, "Adla", "Nyström", "070-830807", NOW());
INSERT INTO nurse (employeeid) VALUES (380);
INSERT INTO nurse_specialization(employee_id, specialization_id) VALUES (380, 12);
INSERT INTO employee (employeeid, first_name, last_name, telephone_number, date_of_employment)VALUES (381, "Jonas", "Sjögren", "021-167783", NOW());
INSERT INTO nurse (employeeid) VALUES (381);
INSERT INTO nurse_specialization(employee_id, specialization_id) VALUES (381, 10);
INSERT INTO employee (employeeid, first_name, last_name, telephone_number, date_of_employment)VALUES (382, "Gabriel", "Viklund", "073-220783", NOW());
INSERT INTO assistant_nurse (employeeid) VALUES (382);
INSERT INTO employee (employeeid, first_name, last_name, telephone_number, date_of_employment)VALUES (383, "Amalia", "Wikström", "072-824626", NOW());
INSERT INTO assistant_nurse (employeeid) VALUES (383);
INSERT INTO employee (employeeid, first_name, last_name, telephone_number, date_of_employment)VALUES (384, "Karin", "Persson", "070-206132", NOW());
INSERT INTO nurse (employeeid) VALUES (384);

INSERT INTO employee (employeeid, first_name, last_name, telephone_number, date_of_employment)VALUES (385, "Hillevi", "Lundgren", "075-807336", NOW());
INSERT INTO nurse (employeeid) VALUES (385);

INSERT INTO employee (employeeid, first_name, last_name, telephone_number, date_of_employment)VALUES (386, "Otto", "Pettersson", "036-862762", NOW());
INSERT INTO assistant_nurse (employeeid) VALUES (386);
INSERT INTO employee (employeeid, first_name, last_name, telephone_number, date_of_employment)VALUES (387, "Ritva", "Sundberg", "063-142851", NOW());
INSERT INTO nurse (employeeid) VALUES (387);
INSERT INTO nurse_specialization(employee_id, specialization_id) VALUES (387, 1);
INSERT INTO employee (employeeid, first_name, last_name, telephone_number, date_of_employment)VALUES (388, "Lilian", "Holmberg", "078-454644", NOW());
INSERT INTO nurse (employeeid) VALUES (388);

INSERT INTO employee (employeeid, first_name, last_name, telephone_number, date_of_employment)VALUES (389, "Torbjörn", "Fredriksson", "023-166748", NOW());
INSERT INTO nurse (employeeid) VALUES (389);
INSERT INTO nurse_specialization(employee_id, specialization_id) VALUES (389, 4);
INSERT INTO employee (employeeid, first_name, last_name, telephone_number, date_of_employment)VALUES (390, "Franco", "Jönsson", "031-324304", NOW());
INSERT INTO nurse (employeeid) VALUES (390);
INSERT INTO nurse_specialization(employee_id, specialization_id) VALUES (390, 9);
INSERT INTO employee (employeeid, first_name, last_name, telephone_number, date_of_employment)VALUES (391, "Mimmi", "Sandberg", "026-006804", NOW());
INSERT INTO nurse (employeeid) VALUES (391);
INSERT INTO nurse_specialization(employee_id, specialization_id) VALUES (391, 15);
INSERT INTO employee (employeeid, first_name, last_name, telephone_number, date_of_employment)VALUES (392, "Adolfina", "Bergström", "033-177254", NOW());
INSERT INTO assistant_nurse (employeeid) VALUES (392);
INSERT INTO employee (employeeid, first_name, last_name, telephone_number, date_of_employment)VALUES (393, "Alvar", "Eriksson", "070-308434", NOW());
INSERT INTO assistant_nurse (employeeid) VALUES (393);
INSERT INTO employee (employeeid, first_name, last_name, telephone_number, date_of_employment)VALUES (394, "Lago", "Lundin", "090-458305", NOW());
INSERT INTO assistant_nurse (employeeid) VALUES (394);
INSERT INTO employee (employeeid, first_name, last_name, telephone_number, date_of_employment)VALUES (395, "Eve", "Hansson", "074-035717", NOW());
INSERT INTO assistant_nurse (employeeid) VALUES (395);
INSERT INTO employee (employeeid, first_name, last_name, telephone_number, date_of_employment)VALUES (396, "Tilda", "Danielsson", "033-624748", NOW());
INSERT INTO nurse (employeeid) VALUES (396);
INSERT INTO nurse_specialization(employee_id, specialization_id) VALUES (396, 2);
INSERT INTO employee (employeeid, first_name, last_name, telephone_number, date_of_employment)VALUES (397, "Åke", "Henriksson", "033-177254", NOW());
INSERT INTO doctor (employeeid) VALUES (397);
INSERT INTO doctor_specialization(employeeid, specializationid) VALUES (397, 5);
INSERT INTO employee (employeeid, first_name, last_name, telephone_number, date_of_employment)VALUES (398, "Valle", "Åkesson", "076-632266", NOW());
INSERT INTO nurse (employeeid) VALUES (398);
INSERT INTO nurse_specialization(employee_id, specialization_id) VALUES (398, 16);
INSERT INTO employee (employeeid, first_name, last_name, telephone_number, date_of_employment)VALUES (399, "Ottilia", "Holmberg", "018-142870", NOW());
INSERT INTO assistant_nurse (employeeid) VALUES (399);
INSERT INTO employee (employeeid, first_name, last_name, telephone_number, date_of_employment)VALUES (400, "Enrique", "Olofsson", "036-463833", NOW());
INSERT INTO assistant_nurse (employeeid) VALUES (400);
INSERT INTO employee (employeeid, first_name, last_name, telephone_number, date_of_employment)VALUES (401, "Bina", "Sundström", "044-462735", NOW());
INSERT INTO doctor (employeeid) VALUES (401);
INSERT INTO doctor_specialization(employeeid, specializationid) VALUES (401, 15);
INSERT INTO employee (employeeid, first_name, last_name, telephone_number, date_of_employment)VALUES (402, "Ester", "Gunnarsson", "023-425522", NOW());
INSERT INTO doctor (employeeid) VALUES (402);
INSERT INTO doctor_specialization(employeeid, specializationid) VALUES (402, 8);
INSERT INTO employee (employeeid, first_name, last_name, telephone_number, date_of_employment)VALUES (403, "Gaby", "Pettersson", "075-076407", NOW());
INSERT INTO assistant_nurse (employeeid) VALUES (403);
INSERT INTO employee (employeeid, first_name, last_name, telephone_number, date_of_employment)VALUES (404, "Karolin", "Pettersson", "040-211340", NOW());
INSERT INTO nurse (employeeid) VALUES (404);
INSERT INTO nurse_specialization(employee_id, specialization_id) VALUES (404, 16);
INSERT INTO employee (employeeid, first_name, last_name, telephone_number, date_of_employment)VALUES (405, "Peter", "Ekström", "060-454868", NOW());
INSERT INTO assistant_nurse (employeeid) VALUES (405);
INSERT INTO employee (employeeid, first_name, last_name, telephone_number, date_of_employment)VALUES (406, "Marietta", "Hansson", "063-150085", NOW());
INSERT INTO assistant_nurse (employeeid) VALUES (406);
INSERT INTO employee (employeeid, first_name, last_name, telephone_number, date_of_employment)VALUES (407, "Björner", "Holmberg", "042-614602", NOW());
INSERT INTO nurse (employeeid) VALUES (407);
INSERT INTO nurse_specialization(employee_id, specialization_id) VALUES (407, 1);
INSERT INTO employee (employeeid, first_name, last_name, telephone_number, date_of_employment)VALUES (408, "Vera", "Danielsson", "031-242855", NOW());
INSERT INTO assistant_nurse (employeeid) VALUES (408);
INSERT INTO employee (employeeid, first_name, last_name, telephone_number, date_of_employment)VALUES (409, "Heine", "Lindberg", "072-083740", NOW());
INSERT INTO assistant_nurse (employeeid) VALUES (409);
INSERT INTO employee (employeeid, first_name, last_name, telephone_number, date_of_employment)VALUES (410, "Regine", "Henriksson", "073-517021", NOW());
INSERT INTO nurse (employeeid) VALUES (410);
INSERT INTO nurse_specialization(employee_id, specialization_id) VALUES (410, 15);
INSERT INTO employee (employeeid, first_name, last_name, telephone_number, date_of_employment)VALUES (411, "Milda", "Abrahamsson", "035-245853", NOW());
INSERT INTO nurse (employeeid) VALUES (411);

INSERT INTO employee (employeeid, first_name, last_name, telephone_number, date_of_employment)VALUES (412, "Emanuel", "Andersson", "073-426888", NOW());
INSERT INTO doctor (employeeid) VALUES (412);
INSERT INTO doctor_specialization(employeeid, specializationid) VALUES (412, 6);
INSERT INTO employee (employeeid, first_name, last_name, telephone_number, date_of_employment)VALUES (413, "Jussi", "Söderberg", "046-426888", NOW());
INSERT INTO nurse (employeeid) VALUES (413);
INSERT INTO nurse_specialization(employee_id, specialization_id) VALUES (413, 6);
INSERT INTO employee (employeeid, first_name, last_name, telephone_number, date_of_employment)VALUES (414, "Francesco", "Jonasson", "011-146720", NOW());
INSERT INTO doctor (employeeid) VALUES (414);
INSERT INTO doctor_specialization(employeeid, specializationid) VALUES (414, 10);
INSERT INTO employee (employeeid, first_name, last_name, telephone_number, date_of_employment)VALUES (415, "Solveig", "Öberg", "074-677376", NOW());
INSERT INTO assistant_nurse (employeeid) VALUES (415);
INSERT INTO employee (employeeid, first_name, last_name, telephone_number, date_of_employment)VALUES (416, "Hampus", "Sandberg", "018-458305", NOW());
INSERT INTO nurse (employeeid) VALUES (416);

INSERT INTO employee (employeeid, first_name, last_name, telephone_number, date_of_employment)VALUES (417, "Wolf", "Hellström", "011-048364", NOW());
INSERT INTO nurse (employeeid) VALUES (417);
INSERT INTO nurse_specialization(employee_id, specialization_id) VALUES (417, 7);
INSERT INTO employee (employeeid, first_name, last_name, telephone_number, date_of_employment)VALUES (418, "Ernst", "Forsberg", "044-220783", NOW());
INSERT INTO doctor (employeeid) VALUES (418);
INSERT INTO doctor_specialization(employeeid, specializationid) VALUES (418, 16);
INSERT INTO employee (employeeid, first_name, last_name, telephone_number, date_of_employment)VALUES (419, "Luis", "Gunnarsson", "040-042215", NOW());
INSERT INTO assistant_nurse (employeeid) VALUES (419);
INSERT INTO employee (employeeid, first_name, last_name, telephone_number, date_of_employment)VALUES (420, "Hedvig", "Ekström", "044-083740", NOW());
INSERT INTO assistant_nurse (employeeid) VALUES (420);
INSERT INTO employee (employeeid, first_name, last_name, telephone_number, date_of_employment)VALUES (421, "Lottie", "Sandberg", "072-416536", NOW());
INSERT INTO doctor (employeeid) VALUES (421);
INSERT INTO doctor_specialization(employeeid, specializationid) VALUES (421, 9);
INSERT INTO employee (employeeid, first_name, last_name, telephone_number, date_of_employment)VALUES (422, "Georg", "Lundin", "090-234615", NOW());
INSERT INTO nurse (employeeid) VALUES (422);

INSERT INTO employee (employeeid, first_name, last_name, telephone_number, date_of_employment)VALUES (423, "Gilbert", "Ström", "018-841621", NOW());
INSERT INTO nurse (employeeid) VALUES (423);
INSERT INTO nurse_specialization(employee_id, specialization_id) VALUES (423, 4);
INSERT INTO employee (employeeid, first_name, last_name, telephone_number, date_of_employment)VALUES (424, "Matilda", "Berggren", "023-712373", NOW());
INSERT INTO nurse (employeeid) VALUES (424);
INSERT INTO nurse_specialization(employee_id, specialization_id) VALUES (424, 4);
INSERT INTO employee (employeeid, first_name, last_name, telephone_number, date_of_employment)VALUES (425, "Emil", "Åström", "077-234624", NOW());
INSERT INTO doctor (employeeid) VALUES (425);

INSERT INTO employee (employeeid, first_name, last_name, telephone_number, date_of_employment)VALUES (426, "Magnus", "Åström", "023-874204", NOW());
INSERT INTO nurse (employeeid) VALUES (426);
INSERT INTO nurse_specialization(employee_id, specialization_id) VALUES (426, 14);
INSERT INTO employee (employeeid, first_name, last_name, telephone_number, date_of_employment)VALUES (427, "Magdalena", "Holmqvist", "077-653456", NOW());
INSERT INTO doctor (employeeid) VALUES (427);

INSERT INTO employee (employeeid, first_name, last_name, telephone_number, date_of_employment)VALUES (428, "Kerstin", "Nordin", "042-707171", NOW());
INSERT INTO assistant_nurse (employeeid) VALUES (428);
INSERT INTO employee (employeeid, first_name, last_name, telephone_number, date_of_employment)VALUES (429, "Mona", "Jansson", "033-315410", NOW());
INSERT INTO assistant_nurse (employeeid) VALUES (429);
INSERT INTO employee (employeeid, first_name, last_name, telephone_number, date_of_employment)VALUES (430, "Linn", "Lundberg", "018-042815", NOW());
INSERT INTO assistant_nurse (employeeid) VALUES (430);
INSERT INTO employee (employeeid, first_name, last_name, telephone_number, date_of_employment)VALUES (431, "Esbjörn", "Sjöberg", "078-304713", NOW());
INSERT INTO assistant_nurse (employeeid) VALUES (431);
INSERT INTO employee (employeeid, first_name, last_name, telephone_number, date_of_employment)VALUES (432, "Eberhard", "Ström", "046-280381", NOW());
INSERT INTO assistant_nurse (employeeid) VALUES (432);
INSERT INTO employee (employeeid, first_name, last_name, telephone_number, date_of_employment)VALUES (433, "Ruben", "Karlsson", "016-882253", NOW());
INSERT INTO nurse (employeeid) VALUES (433);
INSERT INTO nurse_specialization(employee_id, specialization_id) VALUES (433, 2);
INSERT INTO employee (employeeid, first_name, last_name, telephone_number, date_of_employment)VALUES (434, "Sivert", "Åkesson", "021-048538", NOW());
INSERT INTO assistant_nurse (employeeid) VALUES (434);
INSERT INTO employee (employeeid, first_name, last_name, telephone_number, date_of_employment)VALUES (435, "Jannika", "Andersson", "026-487726", NOW());
INSERT INTO nurse (employeeid) VALUES (435);
INSERT INTO nurse_specialization(employee_id, specialization_id) VALUES (435, 7);
INSERT INTO employee (employeeid, first_name, last_name, telephone_number, date_of_employment)VALUES (436, "Jörn", "Håkansson", "016-135253", NOW());
INSERT INTO doctor (employeeid) VALUES (436);
INSERT INTO doctor_specialization(employeeid, specializationid) VALUES (436, 12);
INSERT INTO employee (employeeid, first_name, last_name, telephone_number, date_of_employment)VALUES (437, "Irena", "Söderberg", "018-733680", NOW());
INSERT INTO assistant_nurse (employeeid) VALUES (437);
INSERT INTO employee (employeeid, first_name, last_name, telephone_number, date_of_employment)VALUES (438, "Mary", "Bergström", "019-347276", NOW());
INSERT INTO assistant_nurse (employeeid) VALUES (438);
INSERT INTO employee (employeeid, first_name, last_name, telephone_number, date_of_employment)VALUES (439, "Severin", "Ekström", "063-736138", NOW());
INSERT INTO nurse (employeeid) VALUES (439);

INSERT INTO employee (employeeid, first_name, last_name, telephone_number, date_of_employment)VALUES (440, "Elfriede", "Ek", "016-833646", NOW());
INSERT INTO doctor (employeeid) VALUES (440);

INSERT INTO employee (employeeid, first_name, last_name, telephone_number, date_of_employment)VALUES (441, "Isabelle", "Ek", "026-876425", NOW());
INSERT INTO assistant_nurse (employeeid) VALUES (441);
INSERT INTO employee (employeeid, first_name, last_name, telephone_number, date_of_employment)VALUES (442, "Molly", "Holmqvist", "046-616084", NOW());
INSERT INTO doctor (employeeid) VALUES (442);
INSERT INTO doctor_specialization(employeeid, specializationid) VALUES (442, 5);
INSERT INTO employee (employeeid, first_name, last_name, telephone_number, date_of_employment)VALUES (443, "Ansgarius", "Bergman", "019-284786", NOW());
INSERT INTO assistant_nurse (employeeid) VALUES (443);
INSERT INTO employee (employeeid, first_name, last_name, telephone_number, date_of_employment)VALUES (444, "Ingeborg", "Lindqvist", "033-660871", NOW());
INSERT INTO assistant_nurse (employeeid) VALUES (444);
INSERT INTO employee (employeeid, first_name, last_name, telephone_number, date_of_employment)VALUES (445, "Jerker", "Holmgren", "076-462735", NOW());
INSERT INTO doctor (employeeid) VALUES (445);
INSERT INTO doctor_specialization(employeeid, specializationid) VALUES (445, 8);
INSERT INTO employee (employeeid, first_name, last_name, telephone_number, date_of_employment)VALUES (446, "Bettina", "Jansson", "078-105406", NOW());
INSERT INTO assistant_nurse (employeeid) VALUES (446);
INSERT INTO employee (employeeid, first_name, last_name, telephone_number, date_of_employment)VALUES (447, "Max", "Olofsson", "016-545238", NOW());
INSERT INTO doctor (employeeid) VALUES (447);
INSERT INTO doctor_specialization(employeeid, specializationid) VALUES (447, 6);
INSERT INTO employee (employeeid, first_name, last_name, telephone_number, date_of_employment)VALUES (448, "Majvor", "Lundström", "074-781210", NOW());
INSERT INTO assistant_nurse (employeeid) VALUES (448);
INSERT INTO employee (employeeid, first_name, last_name, telephone_number, date_of_employment)VALUES (449, "Östen", "Ström", "023-632168", NOW());
INSERT INTO nurse (employeeid) VALUES (449);
INSERT INTO nurse_specialization(employee_id, specialization_id) VALUES (449, 7);
INSERT INTO employee (employeeid, first_name, last_name, telephone_number, date_of_employment)VALUES (450, "Kaja", "Mårtensson", "074-417110", NOW());
INSERT INTO doctor (employeeid) VALUES (450);
INSERT INTO doctor_specialization(employeeid, specializationid) VALUES (450, 16);
INSERT INTO employee (employeeid, first_name, last_name, telephone_number, date_of_employment)VALUES (451, "Elsy", "Lindqvist", "073-406612", NOW());
INSERT INTO nurse (employeeid) VALUES (451);
INSERT INTO nurse_specialization(employee_id, specialization_id) VALUES (451, 9);
INSERT INTO employee (employeeid, first_name, last_name, telephone_number, date_of_employment)VALUES (452, "Angelika", "Ström", "063-810200", NOW());
INSERT INTO nurse (employeeid) VALUES (452);
INSERT INTO nurse_specialization(employee_id, specialization_id) VALUES (452, 2);
INSERT INTO employee (employeeid, first_name, last_name, telephone_number, date_of_employment)VALUES (453, "Agata", "Pettersson", "044-071568", NOW());
INSERT INTO doctor (employeeid) VALUES (453);
INSERT INTO doctor_specialization(employeeid, specializationid) VALUES (453, 5);
INSERT INTO employee (employeeid, first_name, last_name, telephone_number, date_of_employment)VALUES (454, "Börje", "Holmqvist", "035-484441", NOW());
INSERT INTO doctor (employeeid) VALUES (454);

INSERT INTO employee (employeeid, first_name, last_name, telephone_number, date_of_employment)VALUES (455, "Gunder", "Nordström", "042-432230", NOW());
INSERT INTO nurse (employeeid) VALUES (455);

INSERT INTO employee (employeeid, first_name, last_name, telephone_number, date_of_employment)VALUES (456, "Gerd", "Lindström", "070-577466", NOW());
INSERT INTO nurse (employeeid) VALUES (456);
INSERT INTO nurse_specialization(employee_id, specialization_id) VALUES (456, 5);
INSERT INTO employee (employeeid, first_name, last_name, telephone_number, date_of_employment)VALUES (457, "Josef", "Berg", "031-270603", NOW());
INSERT INTO assistant_nurse (employeeid) VALUES (457);
INSERT INTO employee (employeeid, first_name, last_name, telephone_number, date_of_employment)VALUES (458, "Rika", "Jonasson", "077-180211", NOW());
INSERT INTO assistant_nurse (employeeid) VALUES (458);
INSERT INTO employee (employeeid, first_name, last_name, telephone_number, date_of_employment)VALUES (459, "Marta", "Åberg", "073-623856", NOW());
INSERT INTO nurse (employeeid) VALUES (459);
INSERT INTO nurse_specialization(employee_id, specialization_id) VALUES (459, 14);
INSERT INTO employee (employeeid, first_name, last_name, telephone_number, date_of_employment)VALUES (460, "Carol", "Eliasson", "060-118535", NOW());
INSERT INTO assistant_nurse (employeeid) VALUES (460);
INSERT INTO employee (employeeid, first_name, last_name, telephone_number, date_of_employment)VALUES (461, "Gerti", "Ström", "076-577466", NOW());
INSERT INTO assistant_nurse (employeeid) VALUES (461);
INSERT INTO employee (employeeid, first_name, last_name, telephone_number, date_of_employment)VALUES (462, "Harold", "Åström", "031-502364", NOW());
INSERT INTO nurse (employeeid) VALUES (462);
INSERT INTO nurse_specialization(employee_id, specialization_id) VALUES (462, 10);
INSERT INTO employee (employeeid, first_name, last_name, telephone_number, date_of_employment)VALUES (463, "Olof", "Lindström", "073-620068", NOW());
INSERT INTO nurse (employeeid) VALUES (463);
INSERT INTO nurse_specialization(employee_id, specialization_id) VALUES (463, 4);
INSERT INTO employee (employeeid, first_name, last_name, telephone_number, date_of_employment)VALUES (464, "Jeff", "Larsson", "090-262571", NOW());
INSERT INTO doctor (employeeid) VALUES (464);

INSERT INTO employee (employeeid, first_name, last_name, telephone_number, date_of_employment)VALUES (465, "Louis", "Olsson", "077-333664", NOW());
INSERT INTO nurse (employeeid) VALUES (465);
INSERT INTO nurse_specialization(employee_id, specialization_id) VALUES (465, 15);
INSERT INTO employee (employeeid, first_name, last_name, telephone_number, date_of_employment)VALUES (466, "Ben", "Viklund", "042-720702", NOW());
INSERT INTO nurse (employeeid) VALUES (466);
INSERT INTO nurse_specialization(employee_id, specialization_id) VALUES (466, 2);
INSERT INTO employee (employeeid, first_name, last_name, telephone_number, date_of_employment)VALUES (467, "Pauli", "Olsson", "078-562461", NOW());
INSERT INTO assistant_nurse (employeeid) VALUES (467);
INSERT INTO employee (employeeid, first_name, last_name, telephone_number, date_of_employment)VALUES (468, "Emily", "Holm", "077-052040", NOW());
INSERT INTO doctor (employeeid) VALUES (468);
INSERT INTO doctor_specialization(employeeid, specializationid) VALUES (468, 12);
INSERT INTO employee (employeeid, first_name, last_name, telephone_number, date_of_employment)VALUES (469, "Sone", "Lund", "046-134111", NOW());
INSERT INTO doctor (employeeid) VALUES (469);
INSERT INTO doctor_specialization(employeeid, specializationid) VALUES (469, 13);
INSERT INTO employee (employeeid, first_name, last_name, telephone_number, date_of_employment)VALUES (470, "Neta", "Sjöberg", "072-148217", NOW());
INSERT INTO assistant_nurse (employeeid) VALUES (470);
INSERT INTO employee (employeeid, first_name, last_name, telephone_number, date_of_employment)VALUES (471, "Gisela", "Ivarsson", "072-071671", NOW());
INSERT INTO assistant_nurse (employeeid) VALUES (471);
INSERT INTO employee (employeeid, first_name, last_name, telephone_number, date_of_employment)VALUES (472, "Edvard", "Hedlund", "021-820664", NOW());
INSERT INTO nurse (employeeid) VALUES (472);
INSERT INTO nurse_specialization(employee_id, specialization_id) VALUES (472, 2);
INSERT INTO employee (employeeid, first_name, last_name, telephone_number, date_of_employment)VALUES (473, "Johan", "Dahlberg", "076-404017", NOW());
INSERT INTO assistant_nurse (employeeid) VALUES (473);
INSERT INTO employee (employeeid, first_name, last_name, telephone_number, date_of_employment)VALUES (474, "Amanda", "Jönsson", "073-167783", NOW());
INSERT INTO assistant_nurse (employeeid) VALUES (474);
INSERT INTO employee (employeeid, first_name, last_name, telephone_number, date_of_employment)VALUES (475, "Birte", "Eliasson", "035-263604", NOW());
INSERT INTO nurse (employeeid) VALUES (475);
INSERT INTO nurse_specialization(employee_id, specialization_id) VALUES (475, 2);
INSERT INTO employee (employeeid, first_name, last_name, telephone_number, date_of_employment)VALUES (476, "Yrjö", "Fransson", "031-128815", NOW());
INSERT INTO assistant_nurse (employeeid) VALUES (476);
INSERT INTO employee (employeeid, first_name, last_name, telephone_number, date_of_employment)VALUES (477, "Manne", "Hermansson", "077-420807", NOW());
INSERT INTO doctor (employeeid) VALUES (477);

INSERT INTO employee (employeeid, first_name, last_name, telephone_number, date_of_employment)VALUES (478, "Helen", "Holmberg", "072-700326", NOW());
INSERT INTO assistant_nurse (employeeid) VALUES (478);
INSERT INTO employee (employeeid, first_name, last_name, telephone_number, date_of_employment)VALUES (479, "Brigitte", "Holm", "023-255865", NOW());
INSERT INTO nurse (employeeid) VALUES (479);
INSERT INTO nurse_specialization(employee_id, specialization_id) VALUES (479, 10);
INSERT INTO employee (employeeid, first_name, last_name, telephone_number, date_of_employment)VALUES (480, "Lawrence", "Lindholm", "033-616554", NOW());
INSERT INTO nurse (employeeid) VALUES (480);
INSERT INTO nurse_specialization(employee_id, specialization_id) VALUES (480, 9);
INSERT INTO employee (employeeid, first_name, last_name, telephone_number, date_of_employment)VALUES (481, "Eivor", "Jonasson", "044-378837", NOW());
INSERT INTO assistant_nurse (employeeid) VALUES (481);
INSERT INTO employee (employeeid, first_name, last_name, telephone_number, date_of_employment)VALUES (482, "Jaime", "Gunnarsson", "035-174273", NOW());
INSERT INTO nurse (employeeid) VALUES (482);

INSERT INTO employee (employeeid, first_name, last_name, telephone_number, date_of_employment)VALUES (483, "Erling", "Björk", "073-225727", NOW());
INSERT INTO doctor (employeeid) VALUES (483);
INSERT INTO doctor_specialization(employeeid, specializationid) VALUES (483, 1);
INSERT INTO employee (employeeid, first_name, last_name, telephone_number, date_of_employment)VALUES (484, "Gabriel", "Öberg", "075-746244", NOW());
INSERT INTO doctor (employeeid) VALUES (484);
INSERT INTO doctor_specialization(employeeid, specializationid) VALUES (484, 12);
INSERT INTO employee (employeeid, first_name, last_name, telephone_number, date_of_employment)VALUES (485, "Kristian", "Hansson", "016-533210", NOW());
INSERT INTO doctor (employeeid) VALUES (485);

INSERT INTO employee (employeeid, first_name, last_name, telephone_number, date_of_employment)VALUES (486, "Hella", "Sundström", "090-775807", NOW());
INSERT INTO nurse (employeeid) VALUES (486);
INSERT INTO nurse_specialization(employee_id, specialization_id) VALUES (486, 9);
INSERT INTO employee (employeeid, first_name, last_name, telephone_number, date_of_employment)VALUES (487, "Lotta", "Sundqvist", "033-530502", NOW());
INSERT INTO doctor (employeeid) VALUES (487);

INSERT INTO employee (employeeid, first_name, last_name, telephone_number, date_of_employment)VALUES (488, "Beda", "Dahlberg", "011-650342", NOW());
INSERT INTO nurse (employeeid) VALUES (488);
INSERT INTO nurse_specialization(employee_id, specialization_id) VALUES (488, 2);
INSERT INTO employee (employeeid, first_name, last_name, telephone_number, date_of_employment)VALUES (489, "Vilhelmina", "Sjöberg", "076-148222", NOW());
INSERT INTO assistant_nurse (employeeid) VALUES (489);
INSERT INTO employee (employeeid, first_name, last_name, telephone_number, date_of_employment)VALUES (490, "Tony", "Pålsson", "035-670023", NOW());
INSERT INTO nurse (employeeid) VALUES (490);
INSERT INTO nurse_specialization(employee_id, specialization_id) VALUES (490, 13);
INSERT INTO employee (employeeid, first_name, last_name, telephone_number, date_of_employment)VALUES (491, "Magne", "Holmberg", "076-736071", NOW());
INSERT INTO doctor (employeeid) VALUES (491);

INSERT INTO employee (employeeid, first_name, last_name, telephone_number, date_of_employment)VALUES (492, "Hulda", "Lund", "073-142013", NOW());
INSERT INTO nurse (employeeid) VALUES (492);
INSERT INTO nurse_specialization(employee_id, specialization_id) VALUES (492, 11);
INSERT INTO employee (employeeid, first_name, last_name, telephone_number, date_of_employment)VALUES (493, "Gulli", "Holmberg", "075-043650", NOW());
INSERT INTO assistant_nurse (employeeid) VALUES (493);
INSERT INTO employee (employeeid, first_name, last_name, telephone_number, date_of_employment)VALUES (494, "Augusta", "Jonasson", "019-438511", NOW());
INSERT INTO doctor (employeeid) VALUES (494);

INSERT INTO employee (employeeid, first_name, last_name, telephone_number, date_of_employment)VALUES (495, "Rosita", "Johansson", "021-030406", NOW());
INSERT INTO nurse (employeeid) VALUES (495);
INSERT INTO nurse_specialization(employee_id, specialization_id) VALUES (495, 11);
INSERT INTO employee (employeeid, first_name, last_name, telephone_number, date_of_employment)VALUES (496, "Eli", "Lund", "074-466455", NOW());
INSERT INTO assistant_nurse (employeeid) VALUES (496);
INSERT INTO employee (employeeid, first_name, last_name, telephone_number, date_of_employment)VALUES (497, "Asser", "Lindholm", "090-576147", NOW());
INSERT INTO doctor (employeeid) VALUES (497);

INSERT INTO employee (employeeid, first_name, last_name, telephone_number, date_of_employment)VALUES (498, "Silvia", "Bergström", "063-600665", NOW());
INSERT INTO doctor (employeeid) VALUES (498);

INSERT INTO employee (employeeid, first_name, last_name, telephone_number, date_of_employment)VALUES (499, "Björn", "Danielsson", "021-216725", NOW());
INSERT INTO nurse (employeeid) VALUES (499);
INSERT INTO nurse_specialization(employee_id, specialization_id) VALUES (499, 10);
INSERT INTO employee (employeeid, first_name, last_name, telephone_number, date_of_employment)VALUES (500, "Francesco", "Holmberg", "090-675580", NOW());
INSERT INTO assistant_nurse (employeeid) VALUES (500);
INSERT INTO employee (employeeid, first_name, last_name, telephone_number, date_of_employment)VALUES (501, "Fritz", "Strömberg", "070-744811", NOW());
INSERT INTO assistant_nurse (employeeid) VALUES (501);
INSERT INTO employee (employeeid, first_name, last_name, telephone_number, date_of_employment)VALUES (502, "Betty", "Pålsson", "060-064727", NOW());
INSERT INTO assistant_nurse (employeeid) VALUES (502);
INSERT INTO employee (employeeid, first_name, last_name, telephone_number, date_of_employment)VALUES (503, "Hanna", "Björk", "077-231247", NOW());
INSERT INTO nurse (employeeid) VALUES (503);
INSERT INTO nurse_specialization(employee_id, specialization_id) VALUES (503, 2);
INSERT INTO employee (employeeid, first_name, last_name, telephone_number, date_of_employment)VALUES (504, "Mirja", "Persson", "023-211850", NOW());
INSERT INTO assistant_nurse (employeeid) VALUES (504);
INSERT INTO employee (employeeid, first_name, last_name, telephone_number, date_of_employment)VALUES (505, "Elna", "Forsberg", "035-786025", NOW());
INSERT INTO nurse (employeeid) VALUES (505);
INSERT INTO nurse_specialization(employee_id, specialization_id) VALUES (505, 11);
INSERT INTO employee (employeeid, first_name, last_name, telephone_number, date_of_employment)VALUES (506, "Ylva", "Lind", "044-858581", NOW());
INSERT INTO assistant_nurse (employeeid) VALUES (506);
INSERT INTO employee (employeeid, first_name, last_name, telephone_number, date_of_employment)VALUES (507, "Lise", "Bergman", "042-461784", NOW());
INSERT INTO doctor (employeeid) VALUES (507);
INSERT INTO doctor_specialization(employeeid, specializationid) VALUES (507, 16);
INSERT INTO employee (employeeid, first_name, last_name, telephone_number, date_of_employment)VALUES (508, "Freddie", "Nyberg", "077-362336", NOW());
INSERT INTO doctor (employeeid) VALUES (508);
INSERT INTO doctor_specialization(employeeid, specializationid) VALUES (508, 12);
INSERT INTO employee (employeeid, first_name, last_name, telephone_number, date_of_employment)VALUES (509, "Paulinus", "Olsson", "016-304713", NOW());
INSERT INTO assistant_nurse (employeeid) VALUES (509);
INSERT INTO employee (employeeid, first_name, last_name, telephone_number, date_of_employment)VALUES (510, "Inez", "Hedlund", "044-181244", NOW());
INSERT INTO doctor (employeeid) VALUES (510);
INSERT INTO doctor_specialization(employeeid, specializationid) VALUES (510, 13);
INSERT INTO employee (employeeid, first_name, last_name, telephone_number, date_of_employment)VALUES (511, "Ingar", "Holm", "070-461563", NOW());
INSERT INTO doctor (employeeid) VALUES (511);
INSERT INTO doctor_specialization(employeeid, specializationid) VALUES (511, 15);
INSERT INTO employee (employeeid, first_name, last_name, telephone_number, date_of_employment)VALUES (512, "Ilona", "Samuelsson", "072-738846", NOW());
INSERT INTO doctor (employeeid) VALUES (512);
INSERT INTO doctor_specialization(employeeid, specializationid) VALUES (512, 12);
INSERT INTO employee (employeeid, first_name, last_name, telephone_number, date_of_employment)VALUES (513, "Maisie", "Jonasson", "074-312237", NOW());
INSERT INTO assistant_nurse (employeeid) VALUES (513);
INSERT INTO employee (employeeid, first_name, last_name, telephone_number, date_of_employment)VALUES (514, "Kristina", "Samuelsson", "075-433063", NOW());
INSERT INTO doctor (employeeid) VALUES (514);
INSERT INTO doctor_specialization(employeeid, specializationid) VALUES (514, 10);
INSERT INTO employee (employeeid, first_name, last_name, telephone_number, date_of_employment)VALUES (515, "Louis", "Mattsson", "075-133004", NOW());
INSERT INTO assistant_nurse (employeeid) VALUES (515);
INSERT INTO employee (employeeid, first_name, last_name, telephone_number, date_of_employment)VALUES (516, "Yrsa", "Håkansson", "044-177254", NOW());
INSERT INTO assistant_nurse (employeeid) VALUES (516);
INSERT INTO employee (employeeid, first_name, last_name, telephone_number, date_of_employment)VALUES (517, "Ulla", "Ivarsson", "019-710010", NOW());
INSERT INTO assistant_nurse (employeeid) VALUES (517);
INSERT INTO employee (employeeid, first_name, last_name, telephone_number, date_of_employment)VALUES (518, "Martinus", "Bergman", "044-143158", NOW());
INSERT INTO assistant_nurse (employeeid) VALUES (518);
INSERT INTO employee (employeeid, first_name, last_name, telephone_number, date_of_employment)VALUES (519, "Gotthard", "Claesson", "075-506102", NOW());
INSERT INTO assistant_nurse (employeeid) VALUES (519);
INSERT INTO employee (employeeid, first_name, last_name, telephone_number, date_of_employment)VALUES (520, "Moa", "Andreasson", "026-744887", NOW());
INSERT INTO assistant_nurse (employeeid) VALUES (520);
INSERT INTO employee (employeeid, first_name, last_name, telephone_number, date_of_employment)VALUES (521, "Ninni", "Berggren", "070-381281", NOW());
INSERT INTO assistant_nurse (employeeid) VALUES (521);
INSERT INTO employee (employeeid, first_name, last_name, telephone_number, date_of_employment)VALUES (522, "Helmy", "Lundberg", "075-520555", NOW());
INSERT INTO doctor (employeeid) VALUES (522);
INSERT INTO doctor_specialization(employeeid, specializationid) VALUES (522, 5);
INSERT INTO employee (employeeid, first_name, last_name, telephone_number, date_of_employment)VALUES (523, "Lena", "Nordström", "077-372268", NOW());
INSERT INTO nurse (employeeid) VALUES (523);
INSERT INTO nurse_specialization(employee_id, specialization_id) VALUES (523, 7);
INSERT INTO employee (employeeid, first_name, last_name, telephone_number, date_of_employment)VALUES (524, "Paavo", "Löfgren", "042-448800", NOW());
INSERT INTO doctor (employeeid) VALUES (524);
INSERT INTO doctor_specialization(employeeid, specializationid) VALUES (524, 5);
INSERT INTO employee (employeeid, first_name, last_name, telephone_number, date_of_employment)VALUES (525, "Jesper", "Wallin", "075-410334", NOW());
INSERT INTO doctor (employeeid) VALUES (525);
INSERT INTO doctor_specialization(employeeid, specializationid) VALUES (525, 2);
INSERT INTO employee (employeeid, first_name, last_name, telephone_number, date_of_employment)VALUES (526, "Åke", "Nyberg", "074-736811", NOW());
INSERT INTO assistant_nurse (employeeid) VALUES (526);
INSERT INTO employee (employeeid, first_name, last_name, telephone_number, date_of_employment)VALUES (527, "Frans", "Lundin", "019-731170", NOW());
INSERT INTO doctor (employeeid) VALUES (527);
INSERT INTO doctor_specialization(employeeid, specializationid) VALUES (527, 4);
INSERT INTO employee (employeeid, first_name, last_name, telephone_number, date_of_employment)VALUES (528, "Naimi", "Hedlund", "078-712373", NOW());
INSERT INTO assistant_nurse (employeeid) VALUES (528);
INSERT INTO employee (employeeid, first_name, last_name, telephone_number, date_of_employment)VALUES (529, "Luisa", "Öberg", "077-064727", NOW());
INSERT INTO nurse (employeeid) VALUES (529);
INSERT INTO nurse_specialization(employee_id, specialization_id) VALUES (529, 16);
INSERT INTO employee (employeeid, first_name, last_name, telephone_number, date_of_employment)VALUES (530, "Mandis", "Forsberg", "078-316773", NOW());
INSERT INTO assistant_nurse (employeeid) VALUES (530);
INSERT INTO employee (employeeid, first_name, last_name, telephone_number, date_of_employment)VALUES (531, "Franklin", "Andreasson", "073-527786", NOW());
INSERT INTO assistant_nurse (employeeid) VALUES (531);
INSERT INTO employee (employeeid, first_name, last_name, telephone_number, date_of_employment)VALUES (532, "Ida", "Andreasson", "076-561773", NOW());
INSERT INTO doctor (employeeid) VALUES (532);
INSERT INTO doctor_specialization(employeeid, specializationid) VALUES (532, 1);
INSERT INTO employee (employeeid, first_name, last_name, telephone_number, date_of_employment)VALUES (533, "Tori", "Hansson", "021-161547", NOW());
INSERT INTO assistant_nurse (employeeid) VALUES (533);
INSERT INTO employee (employeeid, first_name, last_name, telephone_number, date_of_employment)VALUES (534, "Gully", "Jakobsson", "042-033776", NOW());
INSERT INTO assistant_nurse (employeeid) VALUES (534);
INSERT INTO employee (employeeid, first_name, last_name, telephone_number, date_of_employment)VALUES (535, "Agnes", "Lindgren", "021-500377", NOW());
INSERT INTO nurse (employeeid) VALUES (535);
INSERT INTO nurse_specialization(employee_id, specialization_id) VALUES (535, 11);
INSERT INTO employee (employeeid, first_name, last_name, telephone_number, date_of_employment)VALUES (536, "Tommy", "Eriksson", "026-135764", NOW());
INSERT INTO assistant_nurse (employeeid) VALUES (536);
INSERT INTO employee (employeeid, first_name, last_name, telephone_number, date_of_employment)VALUES (537, "Carlo", "Jonsson", "063-661831", NOW());
INSERT INTO doctor (employeeid) VALUES (537);

INSERT INTO employee (employeeid, first_name, last_name, telephone_number, date_of_employment)VALUES (538, "Desirée", "Lund", "042-707860", NOW());
INSERT INTO assistant_nurse (employeeid) VALUES (538);
INSERT INTO employee (employeeid, first_name, last_name, telephone_number, date_of_employment)VALUES (539, "Carlos", "Samuelsson", "019-475068", NOW());
INSERT INTO assistant_nurse (employeeid) VALUES (539);
INSERT INTO employee (employeeid, first_name, last_name, telephone_number, date_of_employment)VALUES (540, "Pierre", "Fransson", "073-778325", NOW());
INSERT INTO nurse (employeeid) VALUES (540);
INSERT INTO nurse_specialization(employee_id, specialization_id) VALUES (540, 5);
INSERT INTO employee (employeeid, first_name, last_name, telephone_number, date_of_employment)VALUES (541, "Sofi", "Hellström", "036-581563", NOW());
INSERT INTO doctor (employeeid) VALUES (541);
INSERT INTO doctor_specialization(employeeid, specializationid) VALUES (541, 16);
INSERT INTO employee (employeeid, first_name, last_name, telephone_number, date_of_employment)VALUES (542, "Silva", "Jansson", "077-813323", NOW());
INSERT INTO doctor (employeeid) VALUES (542);

INSERT INTO employee (employeeid, first_name, last_name, telephone_number, date_of_employment)VALUES (543, "Holmfrid", "Gunnarsson", "035-506810", NOW());
INSERT INTO doctor (employeeid) VALUES (543);
INSERT INTO doctor_specialization(employeeid, specializationid) VALUES (543, 5);
INSERT INTO employee (employeeid, first_name, last_name, telephone_number, date_of_employment)VALUES (544, "Johnnie", "Blom", "044-855018", NOW());
INSERT INTO nurse (employeeid) VALUES (544);
INSERT INTO nurse_specialization(employee_id, specialization_id) VALUES (544, 7);
INSERT INTO employee (employeeid, first_name, last_name, telephone_number, date_of_employment)VALUES (545, "Sissa", "Hellström", "031-670752", NOW());
INSERT INTO nurse (employeeid) VALUES (545);
INSERT INTO nurse_specialization(employee_id, specialization_id) VALUES (545, 2);
INSERT INTO employee (employeeid, first_name, last_name, telephone_number, date_of_employment)VALUES (546, "Kjell", "Olofsson", "074-852421", NOW());
INSERT INTO assistant_nurse (employeeid) VALUES (546);
INSERT INTO employee (employeeid, first_name, last_name, telephone_number, date_of_employment)VALUES (547, "Edgard", "Larsson", "033-232585", NOW());
INSERT INTO nurse (employeeid) VALUES (547);
INSERT INTO nurse_specialization(employee_id, specialization_id) VALUES (547, 7);
INSERT INTO employee (employeeid, first_name, last_name, telephone_number, date_of_employment)VALUES (548, "Bonde", "Hansen", "072-268376", NOW());
INSERT INTO nurse (employeeid) VALUES (548);

INSERT INTO employee (employeeid, first_name, last_name, telephone_number, date_of_employment)VALUES (549, "Agneta", "Hansen", "060-014016", NOW());
INSERT INTO nurse (employeeid) VALUES (549);
INSERT INTO nurse_specialization(employee_id, specialization_id) VALUES (549, 14);
INSERT INTO employee (employeeid, first_name, last_name, telephone_number, date_of_employment)VALUES (550, "Rolf", "Nyberg", "078-237331", NOW());
INSERT INTO doctor (employeeid) VALUES (550);
INSERT INTO doctor_specialization(employeeid, specializationid) VALUES (550, 16);
INSERT INTO employee (employeeid, first_name, last_name, telephone_number, date_of_employment)VALUES (551, "Ulrika", "Lundqvist", "090-105635", NOW());
INSERT INTO nurse (employeeid) VALUES (551);
INSERT INTO nurse_specialization(employee_id, specialization_id) VALUES (551, 10);
INSERT INTO employee (employeeid, first_name, last_name, telephone_number, date_of_employment)VALUES (552, "Gittan", "Abrahamsson", "078-416470", NOW());
INSERT INTO assistant_nurse (employeeid) VALUES (552);
INSERT INTO employee (employeeid, first_name, last_name, telephone_number, date_of_employment)VALUES (553, "Betsy", "Lundberg", "074-672280", NOW());
INSERT INTO assistant_nurse (employeeid) VALUES (553);
INSERT INTO employee (employeeid, first_name, last_name, telephone_number, date_of_employment)VALUES (554, "Dagny", "Mårtensson", "031-567450", NOW());
INSERT INTO assistant_nurse (employeeid) VALUES (554);
INSERT INTO employee (employeeid, first_name, last_name, telephone_number, date_of_employment)VALUES (555, "Mattias", "Bergström", "078-663320", NOW());
INSERT INTO assistant_nurse (employeeid) VALUES (555);
INSERT INTO employee (employeeid, first_name, last_name, telephone_number, date_of_employment)VALUES (556, "Gunni", "Ström", "019-032441", NOW());
INSERT INTO assistant_nurse (employeeid) VALUES (556);
INSERT INTO employee (employeeid, first_name, last_name, telephone_number, date_of_employment)VALUES (557, "Josefine", "Bengtsson", "078-074441", NOW());
INSERT INTO nurse (employeeid) VALUES (557);
INSERT INTO nurse_specialization(employee_id, specialization_id) VALUES (557, 14);
INSERT INTO employee (employeeid, first_name, last_name, telephone_number, date_of_employment)VALUES (558, "Mattis", "Berglund", "090-880100", NOW());
INSERT INTO doctor (employeeid) VALUES (558);
INSERT INTO doctor_specialization(employeeid, specializationid) VALUES (558, 8);
INSERT INTO employee (employeeid, first_name, last_name, telephone_number, date_of_employment)VALUES (559, "Juhani", "Andreasson", "078-050501", NOW());
INSERT INTO doctor (employeeid) VALUES (559);

INSERT INTO employee (employeeid, first_name, last_name, telephone_number, date_of_employment)VALUES (560, "Björner", "Viklund", "075-004366", NOW());
INSERT INTO assistant_nurse (employeeid) VALUES (560);
INSERT INTO employee (employeeid, first_name, last_name, telephone_number, date_of_employment)VALUES (561, "Regine", "Lindberg", "060-578450", NOW());
INSERT INTO assistant_nurse (employeeid) VALUES (561);
INSERT INTO employee (employeeid, first_name, last_name, telephone_number, date_of_employment)VALUES (562, "Maria", "Axelsson", "040-744856", NOW());
INSERT INTO doctor (employeeid) VALUES (562);

INSERT INTO employee (employeeid, first_name, last_name, telephone_number, date_of_employment)VALUES (563, "Jonatan", "Månsson", "046-164423", NOW());
INSERT INTO nurse (employeeid) VALUES (563);

INSERT INTO employee (employeeid, first_name, last_name, telephone_number, date_of_employment)VALUES (564, "Vera", "Bergqvist", "011-632266", NOW());
INSERT INTO doctor (employeeid) VALUES (564);
INSERT INTO doctor_specialization(employeeid, specializationid) VALUES (564, 14);
INSERT INTO employee (employeeid, first_name, last_name, telephone_number, date_of_employment)VALUES (565, "Lydia", "Henriksson", "072-661266", NOW());
INSERT INTO assistant_nurse (employeeid) VALUES (565);
INSERT INTO employee (employeeid, first_name, last_name, telephone_number, date_of_employment)VALUES (566, "Claus", "Jakobsson", "035-858338", NOW());
INSERT INTO assistant_nurse (employeeid) VALUES (566);
INSERT INTO employee (employeeid, first_name, last_name, telephone_number, date_of_employment)VALUES (567, "Hampus", "Falk", "023-231158", NOW());
INSERT INTO assistant_nurse (employeeid) VALUES (567);
INSERT INTO employee (employeeid, first_name, last_name, telephone_number, date_of_employment)VALUES (568, "Margrete", "Jansson", "046-871071", NOW());
INSERT INTO doctor (employeeid) VALUES (568);

INSERT INTO employee (employeeid, first_name, last_name, telephone_number, date_of_employment)VALUES (569, "Bent", "Karlsson", "016-625506", NOW());
INSERT INTO doctor (employeeid) VALUES (569);
INSERT INTO doctor_specialization(employeeid, specializationid) VALUES (569, 10);
INSERT INTO employee (employeeid, first_name, last_name, telephone_number, date_of_employment)VALUES (570, "Antti", "Åberg", "073-015060", NOW());
INSERT INTO assistant_nurse (employeeid) VALUES (570);
INSERT INTO employee (employeeid, first_name, last_name, telephone_number, date_of_employment)VALUES (571, "Betsy", "Löfgren", "021-556407", NOW());
INSERT INTO assistant_nurse (employeeid) VALUES (571);
INSERT INTO employee (employeeid, first_name, last_name, telephone_number, date_of_employment)VALUES (572, "Jen", "Lund", "031-776368", NOW());
INSERT INTO doctor (employeeid) VALUES (572);
INSERT INTO doctor_specialization(employeeid, specializationid) VALUES (572, 8);
INSERT INTO employee (employeeid, first_name, last_name, telephone_number, date_of_employment)VALUES (573, "Signar", "Bergman", "044-501823", NOW());
INSERT INTO doctor (employeeid) VALUES (573);
INSERT INTO doctor_specialization(employeeid, specializationid) VALUES (573, 16);
INSERT INTO employee (employeeid, first_name, last_name, telephone_number, date_of_employment)VALUES (574, "Gusti", "Berg", "046-054468", NOW());
INSERT INTO assistant_nurse (employeeid) VALUES (574);
INSERT INTO employee (employeeid, first_name, last_name, telephone_number, date_of_employment)VALUES (575, "Martine", "Nilsson", "018-376541", NOW());
INSERT INTO nurse (employeeid) VALUES (575);
INSERT INTO nurse_specialization(employee_id, specialization_id) VALUES (575, 5);
INSERT INTO employee (employeeid, first_name, last_name, telephone_number, date_of_employment)VALUES (576, "Maren", "Lund", "033-810252", NOW());
INSERT INTO nurse (employeeid) VALUES (576);
INSERT INTO nurse_specialization(employee_id, specialization_id) VALUES (576, 8);
INSERT INTO employee (employeeid, first_name, last_name, telephone_number, date_of_employment)VALUES (577, "Laurens", "Åkesson", "072-086137", NOW());
INSERT INTO assistant_nurse (employeeid) VALUES (577);
INSERT INTO employee (employeeid, first_name, last_name, telephone_number, date_of_employment)VALUES (578, "Karoly", "Lindberg", "063-231734", NOW());
INSERT INTO doctor (employeeid) VALUES (578);

INSERT INTO employee (employeeid, first_name, last_name, telephone_number, date_of_employment)VALUES (579, "Fredrik", "Martinsson", "078-813813", NOW());
INSERT INTO nurse (employeeid) VALUES (579);
INSERT INTO nurse_specialization(employee_id, specialization_id) VALUES (579, 2);
INSERT INTO employee (employeeid, first_name, last_name, telephone_number, date_of_employment)VALUES (580, "Halvard", "Holm", "046-556886", NOW());
INSERT INTO assistant_nurse (employeeid) VALUES (580);
INSERT INTO employee (employeeid, first_name, last_name, telephone_number, date_of_employment)VALUES (581, "Fingal", "Blomqvist", "021-228303", NOW());
INSERT INTO assistant_nurse (employeeid) VALUES (581);
INSERT INTO employee (employeeid, first_name, last_name, telephone_number, date_of_employment)VALUES (582, "Selma", "Holmqvist", "031-863782", NOW());
INSERT INTO doctor (employeeid) VALUES (582);
INSERT INTO doctor_specialization(employeeid, specializationid) VALUES (582, 5);
INSERT INTO employee (employeeid, first_name, last_name, telephone_number, date_of_employment)VALUES (583, "Heinrich", "Lundgren", "011-283640", NOW());
INSERT INTO doctor (employeeid) VALUES (583);
INSERT INTO doctor_specialization(employeeid, specializationid) VALUES (583, 16);
INSERT INTO employee (employeeid, first_name, last_name, telephone_number, date_of_employment)VALUES (584, "Jonatan", "Sjögren", "075-847278", NOW());
INSERT INTO nurse (employeeid) VALUES (584);
INSERT INTO nurse_specialization(employee_id, specialization_id) VALUES (584, 12);
INSERT INTO employee (employeeid, first_name, last_name, telephone_number, date_of_employment)VALUES (585, "Calla", "Sandström", "018-450134", NOW());
INSERT INTO assistant_nurse (employeeid) VALUES (585);
INSERT INTO employee (employeeid, first_name, last_name, telephone_number, date_of_employment)VALUES (586, "Alejandra", "Sundberg", "019-458305", NOW());
INSERT INTO nurse (employeeid) VALUES (586);
INSERT INTO nurse_specialization(employee_id, specialization_id) VALUES (586, 4);
INSERT INTO employee (employeeid, first_name, last_name, telephone_number, date_of_employment)VALUES (587, "Lauri", "Löfgren", "060-604158", NOW());
INSERT INTO nurse (employeeid) VALUES (587);
INSERT INTO nurse_specialization(employee_id, specialization_id) VALUES (587, 15);
INSERT INTO employee (employeeid, first_name, last_name, telephone_number, date_of_employment)VALUES (588, "Maud", "Olofsson", "075-463833", NOW());
INSERT INTO doctor (employeeid) VALUES (588);
INSERT INTO doctor_specialization(employeeid, specializationid) VALUES (588, 13);
INSERT INTO employee (employeeid, first_name, last_name, telephone_number, date_of_employment)VALUES (589, "Alf", "Pettersson", "033-413105", NOW());
INSERT INTO doctor (employeeid) VALUES (589);
INSERT INTO doctor_specialization(employeeid, specializationid) VALUES (589, 2);
INSERT INTO employee (employeeid, first_name, last_name, telephone_number, date_of_employment)VALUES (590, "Henry", "Hansson", "023-216725", NOW());
INSERT INTO nurse (employeeid) VALUES (590);

INSERT INTO employee (employeeid, first_name, last_name, telephone_number, date_of_employment)VALUES (591, "Lave", "Lundgren", "076-207724", NOW());
INSERT INTO doctor (employeeid) VALUES (591);
INSERT INTO doctor_specialization(employeeid, specializationid) VALUES (591, 4);
INSERT INTO employee (employeeid, first_name, last_name, telephone_number, date_of_employment)VALUES (592, "Alejandro", "Martinsson", "011-255865", NOW());
INSERT INTO doctor (employeeid) VALUES (592);
INSERT INTO doctor_specialization(employeeid, specializationid) VALUES (592, 8);
INSERT INTO employee (employeeid, first_name, last_name, telephone_number, date_of_employment)VALUES (593, "Botilda", "Danielsson", "046-800161", NOW());
INSERT INTO assistant_nurse (employeeid) VALUES (593);
INSERT INTO employee (employeeid, first_name, last_name, telephone_number, date_of_employment)VALUES (594, "Ante", "Sjögren", "046-871658", NOW());
INSERT INTO doctor (employeeid) VALUES (594);

INSERT INTO employee (employeeid, first_name, last_name, telephone_number, date_of_employment)VALUES (595, "Björner", "Magnusson", "019-808135", NOW());
INSERT INTO nurse (employeeid) VALUES (595);
INSERT INTO nurse_specialization(employee_id, specialization_id) VALUES (595, 15);
INSERT INTO employee (employeeid, first_name, last_name, telephone_number, date_of_employment)VALUES (596, "Eero", "Axelsson", "063-585583", NOW());
INSERT INTO nurse (employeeid) VALUES (596);
INSERT INTO nurse_specialization(employee_id, specialization_id) VALUES (596, 7);
INSERT INTO employee (employeeid, first_name, last_name, telephone_number, date_of_employment)VALUES (597, "Chris", "Gustafsson", "070-085062", NOW());
INSERT INTO assistant_nurse (employeeid) VALUES (597);
INSERT INTO employee (employeeid, first_name, last_name, telephone_number, date_of_employment)VALUES (598, "Tori", "Bergqvist", "021-854180", NOW());
INSERT INTO doctor (employeeid) VALUES (598);
INSERT INTO doctor_specialization(employeeid, specializationid) VALUES (598, 6);
INSERT INTO employee (employeeid, first_name, last_name, telephone_number, date_of_employment)VALUES (599, "Esa", "Abrahamsson", "035-841205", NOW());
INSERT INTO assistant_nurse (employeeid) VALUES (599);
INSERT INTO employee (employeeid, first_name, last_name, telephone_number, date_of_employment)VALUES (600, "Kasper", "Sundqvist", "090-047741", NOW());
INSERT INTO nurse (employeeid) VALUES (600);
INSERT INTO nurse_specialization(employee_id, specialization_id) VALUES (600, 8);
INSERT INTO employee (employeeid, first_name, last_name, telephone_number, date_of_employment)VALUES (601, "Kasper", "Claesson", "021-277267", NOW());
INSERT INTO assistant_nurse (employeeid) VALUES (601);
INSERT INTO employee (employeeid, first_name, last_name, telephone_number, date_of_employment)VALUES (602, "Dana", "Holmberg", "060-876700", NOW());
INSERT INTO doctor (employeeid) VALUES (602);
INSERT INTO doctor_specialization(employeeid, specializationid) VALUES (602, 13);
INSERT INTO employee (employeeid, first_name, last_name, telephone_number, date_of_employment)VALUES (603, "Felicia", "Abrahamsson", "042-215168", NOW());
INSERT INTO assistant_nurse (employeeid) VALUES (603);
INSERT INTO employee (employeeid, first_name, last_name, telephone_number, date_of_employment)VALUES (604, "Hasse", "Sundqvist", "021-705571", NOW());
INSERT INTO assistant_nurse (employeeid) VALUES (604);
INSERT INTO employee (employeeid, first_name, last_name, telephone_number, date_of_employment)VALUES (605, "Jockum", "Claesson", "016-688805", NOW());
INSERT INTO doctor (employeeid) VALUES (605);
INSERT INTO doctor_specialization(employeeid, specializationid) VALUES (605, 3);
INSERT INTO employee (employeeid, first_name, last_name, telephone_number, date_of_employment)VALUES (606, "Marlen", "Bergström", "042-170537", NOW());
INSERT INTO doctor (employeeid) VALUES (606);

INSERT INTO employee (employeeid, first_name, last_name, telephone_number, date_of_employment)VALUES (607, "Ted", "Abrahamsson", "090-058580", NOW());
INSERT INTO assistant_nurse (employeeid) VALUES (607);
INSERT INTO employee (employeeid, first_name, last_name, telephone_number, date_of_employment)VALUES (608, "Juho", "Blom", "033-263476", NOW());
INSERT INTO doctor (employeeid) VALUES (608);
INSERT INTO doctor_specialization(employeeid, specializationid) VALUES (608, 1);
INSERT INTO employee (employeeid, first_name, last_name, telephone_number, date_of_employment)VALUES (609, "Manja", "Lindström", "042-705571", NOW());
INSERT INTO assistant_nurse (employeeid) VALUES (609);
INSERT INTO employee (employeeid, first_name, last_name, telephone_number, date_of_employment)VALUES (610, "Viola", "Larsson", "077-857787", NOW());
INSERT INTO nurse (employeeid) VALUES (610);
INSERT INTO nurse_specialization(employee_id, specialization_id) VALUES (610, 16);
INSERT INTO employee (employeeid, first_name, last_name, telephone_number, date_of_employment)VALUES (611, "Rosa", "Engström", "077-856075", NOW());
INSERT INTO assistant_nurse (employeeid) VALUES (611);
INSERT INTO employee (employeeid, first_name, last_name, telephone_number, date_of_employment)VALUES (612, "Josef", "Håkansson", "021-630807", NOW());
INSERT INTO nurse (employeeid) VALUES (612);
INSERT INTO nurse_specialization(employee_id, specialization_id) VALUES (612, 1);
INSERT INTO employee (employeeid, first_name, last_name, telephone_number, date_of_employment)VALUES (613, "Giovanni", "Larsson", "035-727854", NOW());
INSERT INTO assistant_nurse (employeeid) VALUES (613);
INSERT INTO employee (employeeid, first_name, last_name, telephone_number, date_of_employment)VALUES (614, "Francesco", "Lindström", "016-428748", NOW());
INSERT INTO doctor (employeeid) VALUES (614);
INSERT INTO doctor_specialization(employeeid, specializationid) VALUES (614, 8);
INSERT INTO employee (employeeid, first_name, last_name, telephone_number, date_of_employment)VALUES (615, "Sune", "Gustafsson", "060-745536", NOW());
INSERT INTO nurse (employeeid) VALUES (615);
INSERT INTO nurse_specialization(employee_id, specialization_id) VALUES (615, 6);
INSERT INTO employee (employeeid, first_name, last_name, telephone_number, date_of_employment)VALUES (616, "Fridolf", "Henriksson", "031-327458", NOW());
INSERT INTO doctor (employeeid) VALUES (616);
INSERT INTO doctor_specialization(employeeid, specializationid) VALUES (616, 5);
INSERT INTO employee (employeeid, first_name, last_name, telephone_number, date_of_employment)VALUES (617, "Betty", "Dahlberg", "019-866651", NOW());
INSERT INTO doctor (employeeid) VALUES (617);
INSERT INTO doctor_specialization(employeeid, specializationid) VALUES (617, 11);
INSERT INTO employee (employeeid, first_name, last_name, telephone_number, date_of_employment)VALUES (618, "Charlotte", "Nilsson", "036-148436", NOW());
INSERT INTO nurse (employeeid) VALUES (618);
INSERT INTO nurse_specialization(employee_id, specialization_id) VALUES (618, 3);
INSERT INTO employee (employeeid, first_name, last_name, telephone_number, date_of_employment)VALUES (619, "Daniela", "Sjögren", "036-303788", NOW());
INSERT INTO doctor (employeeid) VALUES (619);
INSERT INTO doctor_specialization(employeeid, specializationid) VALUES (619, 10);
INSERT INTO employee (employeeid, first_name, last_name, telephone_number, date_of_employment)VALUES (620, "Lizzy", "Sundberg", "090-623721", NOW());
INSERT INTO nurse (employeeid) VALUES (620);

INSERT INTO employee (employeeid, first_name, last_name, telephone_number, date_of_employment)VALUES (621, "Amalie", "Jakobsson", "019-454644", NOW());
INSERT INTO nurse (employeeid) VALUES (621);
INSERT INTO nurse_specialization(employee_id, specialization_id) VALUES (621, 13);
INSERT INTO employee (employeeid, first_name, last_name, telephone_number, date_of_employment)VALUES (622, "Julius", "Blomqvist", "044-640244", NOW());
INSERT INTO nurse (employeeid) VALUES (622);
INSERT INTO nurse_specialization(employee_id, specialization_id) VALUES (622, 9);
INSERT INTO employee (employeeid, first_name, last_name, telephone_number, date_of_employment)VALUES (623, "Bartolomeus", "Nilsson", "035-400635", NOW());
INSERT INTO doctor (employeeid) VALUES (623);

INSERT INTO employee (employeeid, first_name, last_name, telephone_number, date_of_employment)VALUES (624, "Lage", "Sandberg", "019-187265", NOW());
INSERT INTO assistant_nurse (employeeid) VALUES (624);
INSERT INTO employee (employeeid, first_name, last_name, telephone_number, date_of_employment)VALUES (625, "Viva", "Eklund", "078-052581", NOW());
INSERT INTO assistant_nurse (employeeid) VALUES (625);
INSERT INTO employee (employeeid, first_name, last_name, telephone_number, date_of_employment)VALUES (626, "Inkeri", "Engström", "018-581140", NOW());
INSERT INTO nurse (employeeid) VALUES (626);
INSERT INTO nurse_specialization(employee_id, specialization_id) VALUES (626, 9);
INSERT INTO employee (employeeid, first_name, last_name, telephone_number, date_of_employment)VALUES (627, "Ursula", "Claesson", "026-185745", NOW());
INSERT INTO nurse (employeeid) VALUES (627);

INSERT INTO employee (employeeid, first_name, last_name, telephone_number, date_of_employment)VALUES (628, "Hilly", "Gustafsson", "036-108033", NOW());
INSERT INTO assistant_nurse (employeeid) VALUES (628);
INSERT INTO employee (employeeid, first_name, last_name, telephone_number, date_of_employment)VALUES (629, "Edgard", "Lindgren", "076-303788", NOW());
INSERT INTO assistant_nurse (employeeid) VALUES (629);
INSERT INTO employee (employeeid, first_name, last_name, telephone_number, date_of_employment)VALUES (630, "Lissi", "Fransson", "031-631581", NOW());
INSERT INTO assistant_nurse (employeeid) VALUES (630);
INSERT INTO employee (employeeid, first_name, last_name, telephone_number, date_of_employment)VALUES (631, "Agne", "Lundberg", "074-362336", NOW());
INSERT INTO assistant_nurse (employeeid) VALUES (631);
INSERT INTO employee (employeeid, first_name, last_name, telephone_number, date_of_employment)VALUES (632, "Arild", "Bergström", "077-126277", NOW());
INSERT INTO assistant_nurse (employeeid) VALUES (632);
INSERT INTO employee (employeeid, first_name, last_name, telephone_number, date_of_employment)VALUES (633, "Natanael", "Bergman", "063-550476", NOW());
INSERT INTO nurse (employeeid) VALUES (633);
INSERT INTO nurse_specialization(employee_id, specialization_id) VALUES (633, 3);
INSERT INTO employee (employeeid, first_name, last_name, telephone_number, date_of_employment)VALUES (634, "Magnus", "Fransson", "016-433063", NOW());
INSERT INTO doctor (employeeid) VALUES (634);
INSERT INTO doctor_specialization(employeeid, specializationid) VALUES (634, 10);
INSERT INTO employee (employeeid, first_name, last_name, telephone_number, date_of_employment)VALUES (635, "Ursula", "Olsson", "070-600665", NOW());
INSERT INTO doctor (employeeid) VALUES (635);
INSERT INTO doctor_specialization(employeeid, specializationid) VALUES (635, 4);
INSERT INTO employee (employeeid, first_name, last_name, telephone_number, date_of_employment)VALUES (636, "Leon", "Axelsson", "031-288657", NOW());
INSERT INTO nurse (employeeid) VALUES (636);
INSERT INTO nurse_specialization(employee_id, specialization_id) VALUES (636, 3);
INSERT INTO employee (employeeid, first_name, last_name, telephone_number, date_of_employment)VALUES (637, "Madeleine", "Falk", "063-325203", NOW());
INSERT INTO assistant_nurse (employeeid) VALUES (637);
INSERT INTO employee (employeeid, first_name, last_name, telephone_number, date_of_employment)VALUES (638, "Solveig", "Svensson", "074-304713", NOW());
INSERT INTO doctor (employeeid) VALUES (638);

INSERT INTO employee (employeeid, first_name, last_name, telephone_number, date_of_employment)VALUES (639, "Elsy", "Nordin", "035-775783", NOW());
INSERT INTO doctor (employeeid) VALUES (639);

INSERT INTO employee (employeeid, first_name, last_name, telephone_number, date_of_employment)VALUES (640, "Bob", "Karlsson", "060-727010", NOW());
INSERT INTO nurse (employeeid) VALUES (640);
INSERT INTO nurse_specialization(employee_id, specialization_id) VALUES (640, 4);
INSERT INTO employee (employeeid, first_name, last_name, telephone_number, date_of_employment)VALUES (641, "Juho", "Lind", "023-518657", NOW());
INSERT INTO assistant_nurse (employeeid) VALUES (641);
INSERT INTO employee (employeeid, first_name, last_name, telephone_number, date_of_employment)VALUES (642, "Iren", "Hansson", "075-032125", NOW());
INSERT INTO doctor (employeeid) VALUES (642);
INSERT INTO doctor_specialization(employeeid, specializationid) VALUES (642, 16);
INSERT INTO employee (employeeid, first_name, last_name, telephone_number, date_of_employment)VALUES (643, "Angelika", "Lund", "023-711261", NOW());
INSERT INTO doctor (employeeid) VALUES (643);
INSERT INTO doctor_specialization(employeeid, specializationid) VALUES (643, 16);
INSERT INTO employee (employeeid, first_name, last_name, telephone_number, date_of_employment)VALUES (644, "Douglas", "Holmberg", "046-857477", NOW());
INSERT INTO assistant_nurse (employeeid) VALUES (644);
INSERT INTO employee (employeeid, first_name, last_name, telephone_number, date_of_employment)VALUES (645, "Jutta", "Norberg", "040-254836", NOW());
INSERT INTO doctor (employeeid) VALUES (645);
INSERT INTO doctor_specialization(employeeid, specializationid) VALUES (645, 3);
INSERT INTO employee (employeeid, first_name, last_name, telephone_number, date_of_employment)VALUES (646, "Ilse", "Lundström", "023-451174", NOW());
INSERT INTO nurse (employeeid) VALUES (646);
INSERT INTO nurse_specialization(employee_id, specialization_id) VALUES (646, 11);
INSERT INTO employee (employeeid, first_name, last_name, telephone_number, date_of_employment)VALUES (647, "Lauritz", "Samuelsson", "042-651344", NOW());
INSERT INTO nurse (employeeid) VALUES (647);
INSERT INTO nurse_specialization(employee_id, specialization_id) VALUES (647, 7);
INSERT INTO employee (employeeid, first_name, last_name, telephone_number, date_of_employment)VALUES (648, "Sofie", "Lund", "036-647726", NOW());
INSERT INTO doctor (employeeid) VALUES (648);
INSERT INTO doctor_specialization(employeeid, specializationid) VALUES (648, 7);
INSERT INTO employee (employeeid, first_name, last_name, telephone_number, date_of_employment)VALUES (649, "Stefanus", "Ek", "016-830146", NOW());
INSERT INTO assistant_nurse (employeeid) VALUES (649);
INSERT INTO employee (employeeid, first_name, last_name, telephone_number, date_of_employment)VALUES (650, "Kettil", "Claesson", "035-605830", NOW());
INSERT INTO assistant_nurse (employeeid) VALUES (650);
INSERT INTO employee (employeeid, first_name, last_name, telephone_number, date_of_employment)VALUES (651, "Sissela", "Söderberg", "023-048527", NOW());
INSERT INTO nurse (employeeid) VALUES (651);
INSERT INTO nurse_specialization(employee_id, specialization_id) VALUES (651, 12);
INSERT INTO employee (employeeid, first_name, last_name, telephone_number, date_of_employment)VALUES (652, "Marjo", "Bergström", "073-252842", NOW());
INSERT INTO doctor (employeeid) VALUES (652);
INSERT INTO doctor_specialization(employeeid, specializationid) VALUES (652, 1);
INSERT INTO employee (employeeid, first_name, last_name, telephone_number, date_of_employment)VALUES (653, "Lina", "Bergman", "063-056404", NOW());
INSERT INTO nurse (employeeid) VALUES (653);

INSERT INTO employee (employeeid, first_name, last_name, telephone_number, date_of_employment)VALUES (654, "Salli", "Åström", "072-181244", NOW());
INSERT INTO nurse (employeeid) VALUES (654);
INSERT INTO nurse_specialization(employee_id, specialization_id) VALUES (654, 12);
INSERT INTO employee (employeeid, first_name, last_name, telephone_number, date_of_employment)VALUES (655, "Eivor", "Lindholm", "033-105406", NOW());
INSERT INTO nurse (employeeid) VALUES (655);
INSERT INTO nurse_specialization(employee_id, specialization_id) VALUES (655, 5);
INSERT INTO employee (employeeid, first_name, last_name, telephone_number, date_of_employment)VALUES (656, "Rebecka", "Björklund", "019-363554", NOW());
INSERT INTO assistant_nurse (employeeid) VALUES (656);
INSERT INTO employee (employeeid, first_name, last_name, telephone_number, date_of_employment)VALUES (657, "Roy", "Fransson", "076-451084", NOW());
INSERT INTO nurse (employeeid) VALUES (657);

INSERT INTO employee (employeeid, first_name, last_name, telephone_number, date_of_employment)VALUES (658, "Yvonne", "Lindholm", "060-464770", NOW());
INSERT INTO assistant_nurse (employeeid) VALUES (658);
INSERT INTO employee (employeeid, first_name, last_name, telephone_number, date_of_employment)VALUES (659, "Lene", "Ekström", "023-017835", NOW());
INSERT INTO assistant_nurse (employeeid) VALUES (659);
INSERT INTO employee (employeeid, first_name, last_name, telephone_number, date_of_employment)VALUES (660, "Pelle", "Lindberg", "031-117726", NOW());
INSERT INTO doctor (employeeid) VALUES (660);
INSERT INTO doctor_specialization(employeeid, specializationid) VALUES (660, 7);
INSERT INTO employee (employeeid, first_name, last_name, telephone_number, date_of_employment)VALUES (661, "Sally", "Eriksson", "042-606288", NOW());
INSERT INTO doctor (employeeid) VALUES (661);
INSERT INTO doctor_specialization(employeeid, specializationid) VALUES (661, 11);
INSERT INTO employee (employeeid, first_name, last_name, telephone_number, date_of_employment)VALUES (662, "Dick", "Claesson", "011-707234", NOW());
INSERT INTO doctor (employeeid) VALUES (662);
INSERT INTO doctor_specialization(employeeid, specializationid) VALUES (662, 3);
INSERT INTO employee (employeeid, first_name, last_name, telephone_number, date_of_employment)VALUES (663, "Alrik", "Karlsson", "019-275824", NOW());
INSERT INTO doctor (employeeid) VALUES (663);
INSERT INTO doctor_specialization(employeeid, specializationid) VALUES (663, 16);
INSERT INTO employee (employeeid, first_name, last_name, telephone_number, date_of_employment)VALUES (664, "Veronika", "Berggren", "074-236538", NOW());
INSERT INTO assistant_nurse (employeeid) VALUES (664);
INSERT INTO employee (employeeid, first_name, last_name, telephone_number, date_of_employment)VALUES (665, "Elf", "Hellström", "074-331623", NOW());
INSERT INTO doctor (employeeid) VALUES (665);
INSERT INTO doctor_specialization(employeeid, specializationid) VALUES (665, 9);
INSERT INTO employee (employeeid, first_name, last_name, telephone_number, date_of_employment)VALUES (666, "Maja", "Ek", "031-137727", NOW());
INSERT INTO assistant_nurse (employeeid) VALUES (666);
INSERT INTO employee (employeeid, first_name, last_name, telephone_number, date_of_employment)VALUES (667, "Manuel", "Lind", "044-877201", NOW());
INSERT INTO assistant_nurse (employeeid) VALUES (667);
INSERT INTO employee (employeeid, first_name, last_name, telephone_number, date_of_employment)VALUES (668, "Fritz", "Henriksson", "072-156331", NOW());
INSERT INTO nurse (employeeid) VALUES (668);

INSERT INTO employee (employeeid, first_name, last_name, telephone_number, date_of_employment)VALUES (669, "Andris", "Sundberg", "016-462320", NOW());
INSERT INTO doctor (employeeid) VALUES (669);

INSERT INTO employee (employeeid, first_name, last_name, telephone_number, date_of_employment)VALUES (670, "Bert", "Henriksson", "072-282452", NOW());
INSERT INTO assistant_nurse (employeeid) VALUES (670);
INSERT INTO employee (employeeid, first_name, last_name, telephone_number, date_of_employment)VALUES (671, "Moje", "Åström", "035-006640", NOW());
INSERT INTO nurse (employeeid) VALUES (671);

INSERT INTO employee (employeeid, first_name, last_name, telephone_number, date_of_employment)VALUES (672, "Arnold", "Jakobsson", "074-853027", NOW());
INSERT INTO nurse (employeeid) VALUES (672);
INSERT INTO nurse_specialization(employee_id, specialization_id) VALUES (672, 13);
INSERT INTO employee (employeeid, first_name, last_name, telephone_number, date_of_employment)VALUES (673, "Arne", "Hedlund", "076-617736", NOW());
INSERT INTO assistant_nurse (employeeid) VALUES (673);
INSERT INTO employee (employeeid, first_name, last_name, telephone_number, date_of_employment)VALUES (674, "Pekka", "Samuelsson", "016-442722", NOW());
INSERT INTO nurse (employeeid) VALUES (674);
INSERT INTO nurse_specialization(employee_id, specialization_id) VALUES (674, 14);
INSERT INTO employee (employeeid, first_name, last_name, telephone_number, date_of_employment)VALUES (675, "Pauline", "Lund", "077-034553", NOW());
INSERT INTO doctor (employeeid) VALUES (675);
INSERT INTO doctor_specialization(employeeid, specializationid) VALUES (675, 15);
INSERT INTO employee (employeeid, first_name, last_name, telephone_number, date_of_employment)VALUES (676, "Osvald", "Dahlberg", "042-011707", NOW());
INSERT INTO nurse (employeeid) VALUES (676);

INSERT INTO employee (employeeid, first_name, last_name, telephone_number, date_of_employment)VALUES (677, "Eina", "Bengtsson", "074-387485", NOW());
INSERT INTO assistant_nurse (employeeid) VALUES (677);
INSERT INTO employee (employeeid, first_name, last_name, telephone_number, date_of_employment)VALUES (678, "Paulina", "Falk", "023-506102", NOW());
INSERT INTO assistant_nurse (employeeid) VALUES (678);
INSERT INTO employee (employeeid, first_name, last_name, telephone_number, date_of_employment)VALUES (679, "Gilbert", "Jonasson", "023-521551", NOW());
INSERT INTO assistant_nurse (employeeid) VALUES (679);
INSERT INTO employee (employeeid, first_name, last_name, telephone_number, date_of_employment)VALUES (680, "Birgit", "Andreasson", "072-413311", NOW());
INSERT INTO assistant_nurse (employeeid) VALUES (680);
INSERT INTO employee (employeeid, first_name, last_name, telephone_number, date_of_employment)VALUES (681, "Jen", "Holmberg", "074-261463", NOW());
INSERT INTO doctor (employeeid) VALUES (681);
INSERT INTO doctor_specialization(employeeid, specializationid) VALUES (681, 1);
INSERT INTO employee (employeeid, first_name, last_name, telephone_number, date_of_employment)VALUES (682, "Vilhelmina", "Blom", "021-501823", NOW());
INSERT INTO doctor (employeeid) VALUES (682);
INSERT INTO doctor_specialization(employeeid, specializationid) VALUES (682, 8);
INSERT INTO employee (employeeid, first_name, last_name, telephone_number, date_of_employment)VALUES (683, "Janne", "Persson", "035-755718", NOW());
INSERT INTO nurse (employeeid) VALUES (683);
INSERT INTO nurse_specialization(employee_id, specialization_id) VALUES (683, 14);
INSERT INTO employee (employeeid, first_name, last_name, telephone_number, date_of_employment)VALUES (684, "Marjo", "Mårtensson", "040-151703", NOW());
INSERT INTO nurse (employeeid) VALUES (684);
INSERT INTO nurse_specialization(employee_id, specialization_id) VALUES (684, 6);
INSERT INTO employee (employeeid, first_name, last_name, telephone_number, date_of_employment)VALUES (685, "Halvard", "Abrahamsson", "077-235067", NOW());
INSERT INTO assistant_nurse (employeeid) VALUES (685);
INSERT INTO employee (employeeid, first_name, last_name, telephone_number, date_of_employment)VALUES (686, "Toni", "Ekström", "046-423706", NOW());
INSERT INTO assistant_nurse (employeeid) VALUES (686);
INSERT INTO employee (employeeid, first_name, last_name, telephone_number, date_of_employment)VALUES (687, "Douglas", "Berggren", "011-183601", NOW());
INSERT INTO assistant_nurse (employeeid) VALUES (687);
INSERT INTO employee (employeeid, first_name, last_name, telephone_number, date_of_employment)VALUES (688, "Stefanus", "Bergman", "033-301333", NOW());
INSERT INTO assistant_nurse (employeeid) VALUES (688);
INSERT INTO employee (employeeid, first_name, last_name, telephone_number, date_of_employment)VALUES (689, "Enar", "Gustafsson", "074-552463", NOW());
INSERT INTO doctor (employeeid) VALUES (689);
INSERT INTO doctor_specialization(employeeid, specializationid) VALUES (689, 12);
INSERT INTO employee (employeeid, first_name, last_name, telephone_number, date_of_employment)VALUES (690, "Giuseppe", "Gunnarsson", "070-387255", NOW());
INSERT INTO doctor (employeeid) VALUES (690);
INSERT INTO doctor_specialization(employeeid, specializationid) VALUES (690, 16);
INSERT INTO employee (employeeid, first_name, last_name, telephone_number, date_of_employment)VALUES (691, "Heinz", "Sundqvist", "072-740750", NOW());
INSERT INTO assistant_nurse (employeeid) VALUES (691);
INSERT INTO employee (employeeid, first_name, last_name, telephone_number, date_of_employment)VALUES (692, "Lola", "Söderberg", "070-350100", NOW());
INSERT INTO nurse (employeeid) VALUES (692);
INSERT INTO nurse_specialization(employee_id, specialization_id) VALUES (692, 8);
INSERT INTO employee (employeeid, first_name, last_name, telephone_number, date_of_employment)VALUES (693, "Frej", "Jönsson", "070-428256", NOW());
INSERT INTO nurse (employeeid) VALUES (693);
INSERT INTO nurse_specialization(employee_id, specialization_id) VALUES (693, 2);
INSERT INTO employee (employeeid, first_name, last_name, telephone_number, date_of_employment)VALUES (694, "Henny", "Norberg", "046-606288", NOW());
INSERT INTO assistant_nurse (employeeid) VALUES (694);
INSERT INTO employee (employeeid, first_name, last_name, telephone_number, date_of_employment)VALUES (695, "Christa", "Björk", "033-334828", NOW());
INSERT INTO doctor (employeeid) VALUES (695);
INSERT INTO doctor_specialization(employeeid, specializationid) VALUES (695, 15);
INSERT INTO employee (employeeid, first_name, last_name, telephone_number, date_of_employment)VALUES (696, "Kerttu", "Jonasson", "040-373604", NOW());
INSERT INTO assistant_nurse (employeeid) VALUES (696);
INSERT INTO employee (employeeid, first_name, last_name, telephone_number, date_of_employment)VALUES (697, "Harriet", "Sundqvist", "036-148226", NOW());
INSERT INTO assistant_nurse (employeeid) VALUES (697);
INSERT INTO employee (employeeid, first_name, last_name, telephone_number, date_of_employment)VALUES (698, "Bengta", "Nilsson", "033-724427", NOW());
INSERT INTO doctor (employeeid) VALUES (698);
INSERT INTO doctor_specialization(employeeid, specializationid) VALUES (698, 1);
INSERT INTO employee (employeeid, first_name, last_name, telephone_number, date_of_employment)VALUES (699, "Johan", "Sundqvist", "011-106412", NOW());
INSERT INTO nurse (employeeid) VALUES (699);
INSERT INTO nurse_specialization(employee_id, specialization_id) VALUES (699, 5);
INSERT INTO employee (employeeid, first_name, last_name, telephone_number, date_of_employment)VALUES (700, "Meit", "Nordström", "044-485436", NOW());
INSERT INTO doctor (employeeid) VALUES (700);
INSERT INTO doctor_specialization(employeeid, specializationid) VALUES (700, 12);
INSERT INTO employee (employeeid, first_name, last_name, telephone_number, date_of_employment)VALUES (701, "Evy", "Mårtensson", "021-478541", NOW());
INSERT INTO assistant_nurse (employeeid) VALUES (701);
INSERT INTO employee (employeeid, first_name, last_name, telephone_number, date_of_employment)VALUES (702, "Dordi", "Hedlund", "046-822387", NOW());
INSERT INTO assistant_nurse (employeeid) VALUES (702);
INSERT INTO employee (employeeid, first_name, last_name, telephone_number, date_of_employment)VALUES (703, "Noomi", "Engström", "046-050501", NOW());
INSERT INTO doctor (employeeid) VALUES (703);

INSERT INTO employee (employeeid, first_name, last_name, telephone_number, date_of_employment)VALUES (704, "Kicki", "Karlsson", "033-421112", NOW());
INSERT INTO doctor (employeeid) VALUES (704);
INSERT INTO doctor_specialization(employeeid, specializationid) VALUES (704, 14);
INSERT INTO employee (employeeid, first_name, last_name, telephone_number, date_of_employment)VALUES (705, "Kettil", "Bergqvist", "031-745421", NOW());
INSERT INTO doctor (employeeid) VALUES (705);
INSERT INTO doctor_specialization(employeeid, specializationid) VALUES (705, 15);
INSERT INTO employee (employeeid, first_name, last_name, telephone_number, date_of_employment)VALUES (706, "Dorotea", "Lundberg", "016-353635", NOW());
INSERT INTO nurse (employeeid) VALUES (706);

INSERT INTO employee (employeeid, first_name, last_name, telephone_number, date_of_employment)VALUES (707, "Inkeri", "Nordström", "075-024357", NOW());
INSERT INTO assistant_nurse (employeeid) VALUES (707);
INSERT INTO employee (employeeid, first_name, last_name, telephone_number, date_of_employment)VALUES (708, "Dan", "Björklund", "090-206212", NOW());
INSERT INTO doctor (employeeid) VALUES (708);

INSERT INTO employee (employeeid, first_name, last_name, telephone_number, date_of_employment)VALUES (709, "Ragni", "Isaksson", "035-608868", NOW());
INSERT INTO assistant_nurse (employeeid) VALUES (709);
INSERT INTO employee (employeeid, first_name, last_name, telephone_number, date_of_employment)VALUES (710, "Knut", "Forsberg", "072-685063", NOW());
INSERT INTO nurse (employeeid) VALUES (710);
INSERT INTO nurse_specialization(employee_id, specialization_id) VALUES (710, 8);
INSERT INTO employee (employeeid, first_name, last_name, telephone_number, date_of_employment)VALUES (711, "Pia", "Eriksson", "042-821676", NOW());
INSERT INTO nurse (employeeid) VALUES (711);
INSERT INTO nurse_specialization(employee_id, specialization_id) VALUES (711, 2);
INSERT INTO employee (employeeid, first_name, last_name, telephone_number, date_of_employment)VALUES (712, "Lisette", "Sandberg", "090-852534", NOW());
INSERT INTO doctor (employeeid) VALUES (712);
INSERT INTO doctor_specialization(employeeid, specializationid) VALUES (712, 16);
INSERT INTO employee (employeeid, first_name, last_name, telephone_number, date_of_employment)VALUES (713, "Karla", "Abrahamsson", "044-747523", NOW());
INSERT INTO doctor (employeeid) VALUES (713);
INSERT INTO doctor_specialization(employeeid, specializationid) VALUES (713, 14);
INSERT INTO employee (employeeid, first_name, last_name, telephone_number, date_of_employment)VALUES (714, "Mattis", "Isaksson", "075-060071", NOW());
INSERT INTO nurse (employeeid) VALUES (714);
INSERT INTO nurse_specialization(employee_id, specialization_id) VALUES (714, 3);
INSERT INTO employee (employeeid, first_name, last_name, telephone_number, date_of_employment)VALUES (715, "Gusten", "Lindgren", "033-875618", NOW());
INSERT INTO nurse (employeeid) VALUES (715);
INSERT INTO nurse_specialization(employee_id, specialization_id) VALUES (715, 10);
INSERT INTO employee (employeeid, first_name, last_name, telephone_number, date_of_employment)VALUES (716, "Marietta", "Isaksson", "078-034553", NOW());
INSERT INTO assistant_nurse (employeeid) VALUES (716);
INSERT INTO employee (employeeid, first_name, last_name, telephone_number, date_of_employment)VALUES (717, "Risto", "Jönsson", "074-214845", NOW());
INSERT INTO nurse (employeeid) VALUES (717);
INSERT INTO nurse_specialization(employee_id, specialization_id) VALUES (717, 15);
INSERT INTO employee (employeeid, first_name, last_name, telephone_number, date_of_employment)VALUES (718, "Kari", "Lundin", "073-676128", NOW());
INSERT INTO doctor (employeeid) VALUES (718);
INSERT INTO doctor_specialization(employeeid, specializationid) VALUES (718, 13);
INSERT INTO employee (employeeid, first_name, last_name, telephone_number, date_of_employment)VALUES (719, "Östen", "Berg", "074-577010", NOW());
INSERT INTO nurse (employeeid) VALUES (719);
INSERT INTO nurse_specialization(employee_id, specialization_id) VALUES (719, 7);
INSERT INTO employee (employeeid, first_name, last_name, telephone_number, date_of_employment)VALUES (720, "Frank", "Berg", "044-872785", NOW());
INSERT INTO doctor (employeeid) VALUES (720);

INSERT INTO employee (employeeid, first_name, last_name, telephone_number, date_of_employment)VALUES (721, "Francesca", "Åberg", "018-623523", NOW());
INSERT INTO doctor (employeeid) VALUES (721);
INSERT INTO doctor_specialization(employeeid, specializationid) VALUES (721, 11);
INSERT INTO employee (employeeid, first_name, last_name, telephone_number, date_of_employment)VALUES (722, "Britten", "Lindgren", "036-214870", NOW());
INSERT INTO doctor (employeeid) VALUES (722);
INSERT INTO doctor_specialization(employeeid, specializationid) VALUES (722, 14);
INSERT INTO employee (employeeid, first_name, last_name, telephone_number, date_of_employment)VALUES (723, "Adelia", "Öberg", "076-083125", NOW());
INSERT INTO nurse (employeeid) VALUES (723);
INSERT INTO nurse_specialization(employee_id, specialization_id) VALUES (723, 7);
INSERT INTO employee (employeeid, first_name, last_name, telephone_number, date_of_employment)VALUES (724, "Harri", "Karlsson", "075-356520", NOW());
INSERT INTO assistant_nurse (employeeid) VALUES (724);
INSERT INTO employee (employeeid, first_name, last_name, telephone_number, date_of_employment)VALUES (725, "Gustav", "Andreasson", "026-015425", NOW());
INSERT INTO doctor (employeeid) VALUES (725);
INSERT INTO doctor_specialization(employeeid, specializationid) VALUES (725, 5);
INSERT INTO employee (employeeid, first_name, last_name, telephone_number, date_of_employment)VALUES (726, "Kettil", "Ivarsson", "031-678333", NOW());
INSERT INTO doctor (employeeid) VALUES (726);
INSERT INTO doctor_specialization(employeeid, specializationid) VALUES (726, 10);
INSERT INTO employee (employeeid, first_name, last_name, telephone_number, date_of_employment)VALUES (727, "Otelia", "Norberg", "070-317314", NOW());
INSERT INTO assistant_nurse (employeeid) VALUES (727);
INSERT INTO employee (employeeid, first_name, last_name, telephone_number, date_of_employment)VALUES (728, "Ioannis", "Wikström", "060-586551", NOW());
INSERT INTO assistant_nurse (employeeid) VALUES (728);
INSERT INTO employee (employeeid, first_name, last_name, telephone_number, date_of_employment)VALUES (729, "Bartolomeus", "Sundberg", "076-854703", NOW());
INSERT INTO nurse (employeeid) VALUES (729);
INSERT INTO nurse_specialization(employee_id, specialization_id) VALUES (729, 13);
INSERT INTO employee (employeeid, first_name, last_name, telephone_number, date_of_employment)VALUES (730, "Kajsa", "Månsson", "023-557730", NOW());
INSERT INTO doctor (employeeid) VALUES (730);
INSERT INTO doctor_specialization(employeeid, specializationid) VALUES (730, 5);
INSERT INTO employee (employeeid, first_name, last_name, telephone_number, date_of_employment)VALUES (731, "Kajsa", "Bergman", "044-616010", NOW());
INSERT INTO assistant_nurse (employeeid) VALUES (731);
INSERT INTO employee (employeeid, first_name, last_name, telephone_number, date_of_employment)VALUES (732, "John", "Lundqvist", "072-420436", NOW());
INSERT INTO assistant_nurse (employeeid) VALUES (732);
INSERT INTO employee (employeeid, first_name, last_name, telephone_number, date_of_employment)VALUES (733, "Herman", "Hansson", "073-815878", NOW());
INSERT INTO assistant_nurse (employeeid) VALUES (733);
INSERT INTO employee (employeeid, first_name, last_name, telephone_number, date_of_employment)VALUES (734, "Gustav", "Pålsson", "035-484482", NOW());
INSERT INTO nurse (employeeid) VALUES (734);
INSERT INTO nurse_specialization(employee_id, specialization_id) VALUES (734, 6);
INSERT INTO employee (employeeid, first_name, last_name, telephone_number, date_of_employment)VALUES (735, "Emanuel", "Holmgren", "077-464770", NOW());
INSERT INTO assistant_nurse (employeeid) VALUES (735);
INSERT INTO employee (employeeid, first_name, last_name, telephone_number, date_of_employment)VALUES (736, "György", "Lindholm", "021-734531", NOW());
INSERT INTO nurse (employeeid) VALUES (736);
INSERT INTO nurse_specialization(employee_id, specialization_id) VALUES (736, 16);
INSERT INTO employee (employeeid, first_name, last_name, telephone_number, date_of_employment)VALUES (737, "Martina", "Dahlberg", "011-555300", NOW());
INSERT INTO assistant_nurse (employeeid) VALUES (737);
INSERT INTO employee (employeeid, first_name, last_name, telephone_number, date_of_employment)VALUES (738, "Verner", "Månsson", "063-688805", NOW());
INSERT INTO doctor (employeeid) VALUES (738);
INSERT INTO doctor_specialization(employeeid, specializationid) VALUES (738, 8);
INSERT INTO employee (employeeid, first_name, last_name, telephone_number, date_of_employment)VALUES (739, "Sylvie", "Löfgren", "070-561773", NOW());
INSERT INTO assistant_nurse (employeeid) VALUES (739);
INSERT INTO employee (employeeid, first_name, last_name, telephone_number, date_of_employment)VALUES (740, "Bojan", "Åkesson", "060-416536", NOW());
INSERT INTO assistant_nurse (employeeid) VALUES (740);
INSERT INTO employee (employeeid, first_name, last_name, telephone_number, date_of_employment)VALUES (741, "Hannes", "Holmgren", "060-024357", NOW());
INSERT INTO nurse (employeeid) VALUES (741);
INSERT INTO nurse_specialization(employee_id, specialization_id) VALUES (741, 1);
INSERT INTO employee (employeeid, first_name, last_name, telephone_number, date_of_employment)VALUES (742, "Brigitta", "Nyström", "074-470772", NOW());
INSERT INTO assistant_nurse (employeeid) VALUES (742);
INSERT INTO employee (employeeid, first_name, last_name, telephone_number, date_of_employment)VALUES (743, "Märit", "Hermansson", "077-877201", NOW());
INSERT INTO assistant_nurse (employeeid) VALUES (743);
INSERT INTO employee (employeeid, first_name, last_name, telephone_number, date_of_employment)VALUES (744, "Irmelin", "Jonasson", "076-401612", NOW());
INSERT INTO assistant_nurse (employeeid) VALUES (744);
INSERT INTO employee (employeeid, first_name, last_name, telephone_number, date_of_employment)VALUES (745, "Irina", "Lindström", "074-507587", NOW());
INSERT INTO assistant_nurse (employeeid) VALUES (745);
INSERT INTO employee (employeeid, first_name, last_name, telephone_number, date_of_employment)VALUES (746, "Natali", "Eliasson", "018-214845", NOW());
INSERT INTO assistant_nurse (employeeid) VALUES (746);
INSERT INTO employee (employeeid, first_name, last_name, telephone_number, date_of_employment)VALUES (747, "Jennie", "Olofsson", "011-738300", NOW());
INSERT INTO doctor (employeeid) VALUES (747);
INSERT INTO doctor_specialization(employeeid, specializationid) VALUES (747, 3);
INSERT INTO employee (employeeid, first_name, last_name, telephone_number, date_of_employment)VALUES (748, "Gurly", "Magnusson", "046-437655", NOW());
INSERT INTO nurse (employeeid) VALUES (748);

INSERT INTO employee (employeeid, first_name, last_name, telephone_number, date_of_employment)VALUES (749, "Gerd", "Dahlberg", "073-333744", NOW());
INSERT INTO doctor (employeeid) VALUES (749);
INSERT INTO doctor_specialization(employeeid, specializationid) VALUES (749, 9);
INSERT INTO employee (employeeid, first_name, last_name, telephone_number, date_of_employment)VALUES (750, "Fingal", "Gunnarsson", "026-444444", NOW());
INSERT INTO nurse (employeeid) VALUES (750);
INSERT INTO nurse_specialization(employee_id, specialization_id) VALUES (750, 15);
INSERT INTO employee (employeeid, first_name, last_name, telephone_number, date_of_employment)VALUES (751, "Arvo", "Hermansson", "046-500377", NOW());
INSERT INTO assistant_nurse (employeeid) VALUES (751);
INSERT INTO employee (employeeid, first_name, last_name, telephone_number, date_of_employment)VALUES (752, "Freddy", "Forsberg", "011-084588", NOW());
INSERT INTO assistant_nurse (employeeid) VALUES (752);
INSERT INTO employee (employeeid, first_name, last_name, telephone_number, date_of_employment)VALUES (753, "Neta", "Danielsson", "018-181260", NOW());
INSERT INTO doctor (employeeid) VALUES (753);
INSERT INTO doctor_specialization(employeeid, specializationid) VALUES (753, 6);
INSERT INTO employee (employeeid, first_name, last_name, telephone_number, date_of_employment)VALUES (754, "Karen", "Sjöberg", "060-828028", NOW());
INSERT INTO assistant_nurse (employeeid) VALUES (754);
INSERT INTO employee (employeeid, first_name, last_name, telephone_number, date_of_employment)VALUES (755, "Iren", "Lundgren", "042-256514", NOW());
INSERT INTO assistant_nurse (employeeid) VALUES (755);
INSERT INTO employee (employeeid, first_name, last_name, telephone_number, date_of_employment)VALUES (756, "Amanda", "Ström", "035-718145", NOW());
INSERT INTO nurse (employeeid) VALUES (756);
INSERT INTO nurse_specialization(employee_id, specialization_id) VALUES (756, 1);
INSERT INTO employee (employeeid, first_name, last_name, telephone_number, date_of_employment)VALUES (757, "Aline", "Samuelsson", "046-226120", NOW());
INSERT INTO doctor (employeeid) VALUES (757);
INSERT INTO doctor_specialization(employeeid, specializationid) VALUES (757, 10);
INSERT INTO employee (employeeid, first_name, last_name, telephone_number, date_of_employment)VALUES (758, "Rosina", "Johansson", "033-578605", NOW());
INSERT INTO doctor (employeeid) VALUES (758);

INSERT INTO employee (employeeid, first_name, last_name, telephone_number, date_of_employment)VALUES (759, "May", "Strömberg", "046-270730", NOW());
INSERT INTO assistant_nurse (employeeid) VALUES (759);
INSERT INTO employee (employeeid, first_name, last_name, telephone_number, date_of_employment)VALUES (760, "Pieter", "Ek", "036-048168", NOW());
INSERT INTO doctor (employeeid) VALUES (760);
INSERT INTO doctor_specialization(employeeid, specializationid) VALUES (760, 8);
INSERT INTO employee (employeeid, first_name, last_name, telephone_number, date_of_employment)VALUES (761, "Franklin", "Eklund", "018-508050", NOW());
INSERT INTO doctor (employeeid) VALUES (761);
INSERT INTO doctor_specialization(employeeid, specializationid) VALUES (761, 16);
INSERT INTO employee (employeeid, first_name, last_name, telephone_number, date_of_employment)VALUES (762, "Magnus", "Dahlberg", "026-318305", NOW());
INSERT INTO doctor (employeeid) VALUES (762);
INSERT INTO doctor_specialization(employeeid, specializationid) VALUES (762, 3);
INSERT INTO employee (employeeid, first_name, last_name, telephone_number, date_of_employment)VALUES (763, "Hannu", "Hellström", "076-275201", NOW());
INSERT INTO nurse (employeeid) VALUES (763);
INSERT INTO nurse_specialization(employee_id, specialization_id) VALUES (763, 2);
INSERT INTO employee (employeeid, first_name, last_name, telephone_number, date_of_employment)VALUES (764, "Karoly", "Nordström", "033-807038", NOW());
INSERT INTO doctor (employeeid) VALUES (764);
INSERT INTO doctor_specialization(employeeid, specializationid) VALUES (764, 12);
INSERT INTO employee (employeeid, first_name, last_name, telephone_number, date_of_employment)VALUES (765, "Botilda", "Öberg", "018-807038", NOW());
INSERT INTO assistant_nurse (employeeid) VALUES (765);
INSERT INTO employee (employeeid, first_name, last_name, telephone_number, date_of_employment)VALUES (766, "Svea", "Sundberg", "074-403887", NOW());
INSERT INTO doctor (employeeid) VALUES (766);
INSERT INTO doctor_specialization(employeeid, specializationid) VALUES (766, 5);
INSERT INTO employee (employeeid, first_name, last_name, telephone_number, date_of_employment)VALUES (767, "Jutta", "Söderberg", "063-232070", NOW());
INSERT INTO nurse (employeeid) VALUES (767);
INSERT INTO nurse_specialization(employee_id, specialization_id) VALUES (767, 1);
INSERT INTO employee (employeeid, first_name, last_name, telephone_number, date_of_employment)VALUES (768, "Johan", "Sundqvist", "031-813813", NOW());
INSERT INTO assistant_nurse (employeeid) VALUES (768);
INSERT INTO employee (employeeid, first_name, last_name, telephone_number, date_of_employment)VALUES (769, "Håkan", "Henriksson", "023-181706", NOW());
INSERT INTO assistant_nurse (employeeid) VALUES (769);
INSERT INTO employee (employeeid, first_name, last_name, telephone_number, date_of_employment)VALUES (770, "Tilly", "Sundström", "074-868740", NOW());
INSERT INTO assistant_nurse (employeeid) VALUES (770);
INSERT INTO employee (employeeid, first_name, last_name, telephone_number, date_of_employment)VALUES (771, "Agata", "Berggren", "070-463166", NOW());
INSERT INTO doctor (employeeid) VALUES (771);

INSERT INTO employee (employeeid, first_name, last_name, telephone_number, date_of_employment)VALUES (772, "Abraham", "Karlsson", "023-330832", NOW());
INSERT INTO nurse (employeeid) VALUES (772);

INSERT INTO employee (employeeid, first_name, last_name, telephone_number, date_of_employment)VALUES (773, "Jannika", "Abrahamsson", "040-461773", NOW());
INSERT INTO assistant_nurse (employeeid) VALUES (773);
INSERT INTO employee (employeeid, first_name, last_name, telephone_number, date_of_employment)VALUES (774, "Esa", "Pettersson", "063-811073", NOW());
INSERT INTO assistant_nurse (employeeid) VALUES (774);
INSERT INTO employee (employeeid, first_name, last_name, telephone_number, date_of_employment)VALUES (775, "Lis", "Lundgren", "072-806257", NOW());
INSERT INTO assistant_nurse (employeeid) VALUES (775);
INSERT INTO employee (employeeid, first_name, last_name, telephone_number, date_of_employment)VALUES (776, "Astrid", "Engström", "072-887658", NOW());
INSERT INTO nurse (employeeid) VALUES (776);
INSERT INTO nurse_specialization(employee_id, specialization_id) VALUES (776, 5);
INSERT INTO employee (employeeid, first_name, last_name, telephone_number, date_of_employment)VALUES (777, "Gunnie", "Wikström", "063-728665", NOW());
INSERT INTO doctor (employeeid) VALUES (777);
INSERT INTO doctor_specialization(employeeid, specializationid) VALUES (777, 7);
INSERT INTO employee (employeeid, first_name, last_name, telephone_number, date_of_employment)VALUES (778, "Constance", "Engström", "046-384526", NOW());
INSERT INTO nurse (employeeid) VALUES (778);
INSERT INTO nurse_specialization(employee_id, specialization_id) VALUES (778, 7);
INSERT INTO employee (employeeid, first_name, last_name, telephone_number, date_of_employment)VALUES (779, "Sofie", "Fransson", "019-425522", NOW());
INSERT INTO assistant_nurse (employeeid) VALUES (779);
INSERT INTO employee (employeeid, first_name, last_name, telephone_number, date_of_employment)VALUES (780, "Mikael", "Eriksson", "063-282452", NOW());
INSERT INTO assistant_nurse (employeeid) VALUES (780);
INSERT INTO employee (employeeid, first_name, last_name, telephone_number, date_of_employment)VALUES (781, "Teodora", "Lundin", "016-045351", NOW());
INSERT INTO doctor (employeeid) VALUES (781);

INSERT INTO employee (employeeid, first_name, last_name, telephone_number, date_of_employment)VALUES (782, "Esko", "Sandberg", "046-180211", NOW());
INSERT INTO assistant_nurse (employeeid) VALUES (782);
INSERT INTO employee (employeeid, first_name, last_name, telephone_number, date_of_employment)VALUES (783, "Boris", "Isaksson", "021-425452", NOW());
INSERT INTO doctor (employeeid) VALUES (783);

INSERT INTO employee (employeeid, first_name, last_name, telephone_number, date_of_employment)VALUES (784, "Ketty", "Lindström", "090-778348", NOW());
INSERT INTO assistant_nurse (employeeid) VALUES (784);
INSERT INTO employee (employeeid, first_name, last_name, telephone_number, date_of_employment)VALUES (785, "Adolf", "Åström", "078-624051", NOW());
INSERT INTO assistant_nurse (employeeid) VALUES (785);
INSERT INTO employee (employeeid, first_name, last_name, telephone_number, date_of_employment)VALUES (786, "Uno", "Pettersson", "073-832166", NOW());
INSERT INTO assistant_nurse (employeeid) VALUES (786);
INSERT INTO employee (employeeid, first_name, last_name, telephone_number, date_of_employment)VALUES (787, "Maud", "Åström", "042-128815", NOW());
INSERT INTO nurse (employeeid) VALUES (787);
INSERT INTO nurse_specialization(employee_id, specialization_id) VALUES (787, 15);
INSERT INTO employee (employeeid, first_name, last_name, telephone_number, date_of_employment)VALUES (788, "Sissel", "Lindholm", "074-728665", NOW());
INSERT INTO assistant_nurse (employeeid) VALUES (788);
INSERT INTO employee (employeeid, first_name, last_name, telephone_number, date_of_employment)VALUES (789, "Sofie", "Jonsson", "074-757814", NOW());
INSERT INTO doctor (employeeid) VALUES (789);
INSERT INTO doctor_specialization(employeeid, specializationid) VALUES (789, 15);
INSERT INTO employee (employeeid, first_name, last_name, telephone_number, date_of_employment)VALUES (790, "Jaime", "Månsson", "044-018162", NOW());
INSERT INTO nurse (employeeid) VALUES (790);
INSERT INTO nurse_specialization(employee_id, specialization_id) VALUES (790, 15);
INSERT INTO employee (employeeid, first_name, last_name, telephone_number, date_of_employment)VALUES (791, "Lissie", "Wallin", "090-388364", NOW());
INSERT INTO nurse (employeeid) VALUES (791);
INSERT INTO nurse_specialization(employee_id, specialization_id) VALUES (791, 1);
INSERT INTO employee (employeeid, first_name, last_name, telephone_number, date_of_employment)VALUES (792, "Jens", "Engström", "077-451340", NOW());
INSERT INTO doctor (employeeid) VALUES (792);
INSERT INTO doctor_specialization(employeeid, specializationid) VALUES (792, 9);
INSERT INTO employee (employeeid, first_name, last_name, telephone_number, date_of_employment)VALUES (793, "Ida", "Ekström", "021-003062", NOW());
INSERT INTO assistant_nurse (employeeid) VALUES (793);
INSERT INTO employee (employeeid, first_name, last_name, telephone_number, date_of_employment)VALUES (794, "Alice", "Björk", "023-411546", NOW());
INSERT INTO assistant_nurse (employeeid) VALUES (794);
INSERT INTO employee (employeeid, first_name, last_name, telephone_number, date_of_employment)VALUES (795, "Tommie", "Forsberg", "046-370738", NOW());
INSERT INTO doctor (employeeid) VALUES (795);

INSERT INTO employee (employeeid, first_name, last_name, telephone_number, date_of_employment)VALUES (796, "Nelly", "Pettersson", "078-072212", NOW());
INSERT INTO doctor (employeeid) VALUES (796);
INSERT INTO doctor_specialization(employeeid, specializationid) VALUES (796, 9);
INSERT INTO employee (employeeid, first_name, last_name, telephone_number, date_of_employment)VALUES (797, "Love", "Sjöberg", "026-372268", NOW());
INSERT INTO assistant_nurse (employeeid) VALUES (797);
INSERT INTO employee (employeeid, first_name, last_name, telephone_number, date_of_employment)VALUES (798, "Hella", "Öberg", "078-712216", NOW());
INSERT INTO assistant_nurse (employeeid) VALUES (798);
INSERT INTO employee (employeeid, first_name, last_name, telephone_number, date_of_employment)VALUES (799, "Halvor", "Berggren", "018-277267", NOW());
INSERT INTO assistant_nurse (employeeid) VALUES (799);
INSERT INTO employee (employeeid, first_name, last_name, telephone_number, date_of_employment)VALUES (800, "Charlotte", "Eliasson", "075-501823", NOW());
INSERT INTO assistant_nurse (employeeid) VALUES (800);
INSERT INTO employee (employeeid, first_name, last_name, telephone_number, date_of_employment)VALUES (801, "Dagny", "Holm", "072-181584", NOW());
INSERT INTO doctor (employeeid) VALUES (801);
INSERT INTO doctor_specialization(employeeid, specializationid) VALUES (801, 11);
INSERT INTO employee (employeeid, first_name, last_name, telephone_number, date_of_employment)VALUES (802, "Julie", "Håkansson", "033-808135", NOW());
INSERT INTO nurse (employeeid) VALUES (802);
INSERT INTO nurse_specialization(employee_id, specialization_id) VALUES (802, 1);
INSERT INTO employee (employeeid, first_name, last_name, telephone_number, date_of_employment)VALUES (803, "Alexandra", "Sandberg", "073-144106", NOW());
INSERT INTO assistant_nurse (employeeid) VALUES (803);
INSERT INTO employee (employeeid, first_name, last_name, telephone_number, date_of_employment)VALUES (804, "Mirja", "Ekström", "076-500020", NOW());
INSERT INTO assistant_nurse (employeeid) VALUES (804);
INSERT INTO employee (employeeid, first_name, last_name, telephone_number, date_of_employment)VALUES (805, "Sissa", "Olofsson", "073-157313", NOW());
INSERT INTO assistant_nurse (employeeid) VALUES (805);
INSERT INTO employee (employeeid, first_name, last_name, telephone_number, date_of_employment)VALUES (806, "Salomon", "Blom", "026-456078", NOW());
INSERT INTO doctor (employeeid) VALUES (806);

INSERT INTO employee (employeeid, first_name, last_name, telephone_number, date_of_employment)VALUES (807, "Kristoffer", "Johansson", "035-360776", NOW());
INSERT INTO doctor (employeeid) VALUES (807);
INSERT INTO doctor_specialization(employeeid, specializationid) VALUES (807, 7);
INSERT INTO employee (employeeid, first_name, last_name, telephone_number, date_of_employment)VALUES (808, "Viljo", "Andersson", "044-624661", NOW());
INSERT INTO doctor (employeeid) VALUES (808);
INSERT INTO doctor_specialization(employeeid, specializationid) VALUES (808, 14);
INSERT INTO employee (employeeid, first_name, last_name, telephone_number, date_of_employment)VALUES (809, "Merit", "Berglund", "035-115210", NOW());
INSERT INTO doctor (employeeid) VALUES (809);
INSERT INTO doctor_specialization(employeeid, specializationid) VALUES (809, 4);
INSERT INTO employee (employeeid, first_name, last_name, telephone_number, date_of_employment)VALUES (810, "Benjamin", "Fransson", "023-855018", NOW());
INSERT INTO doctor (employeeid) VALUES (810);
INSERT INTO doctor_specialization(employeeid, specializationid) VALUES (810, 14);
INSERT INTO employee (employeeid, first_name, last_name, telephone_number, date_of_employment)VALUES (811, "Solvig", "Sundström", "073-056404", NOW());
INSERT INTO doctor (employeeid) VALUES (811);

INSERT INTO employee (employeeid, first_name, last_name, telephone_number, date_of_employment)VALUES (812, "Valborg", "Bergman", "090-360776", NOW());
INSERT INTO nurse (employeeid) VALUES (812);
INSERT INTO nurse_specialization(employee_id, specialization_id) VALUES (812, 9);
INSERT INTO employee (employeeid, first_name, last_name, telephone_number, date_of_employment)VALUES (813, "Leopold", "Sjögren", "036-577877", NOW());
INSERT INTO assistant_nurse (employeeid) VALUES (813);
INSERT INTO employee (employeeid, first_name, last_name, telephone_number, date_of_employment)VALUES (814, "Edgard", "Pettersson", "078-125201", NOW());
INSERT INTO assistant_nurse (employeeid) VALUES (814);
INSERT INTO employee (employeeid, first_name, last_name, telephone_number, date_of_employment)VALUES (815, "Lise", "Lindqvist", "021-254836", NOW());
INSERT INTO doctor (employeeid) VALUES (815);

INSERT INTO employee (employeeid, first_name, last_name, telephone_number, date_of_employment)VALUES (816, "Heine", "Lindqvist", "046-882022", NOW());
INSERT INTO doctor (employeeid) VALUES (816);
INSERT INTO doctor_specialization(employeeid, specializationid) VALUES (816, 4);
INSERT INTO employee (employeeid, first_name, last_name, telephone_number, date_of_employment)VALUES (817, "Francisco", "Pålsson", "076-084856", NOW());
INSERT INTO doctor (employeeid) VALUES (817);

INSERT INTO employee (employeeid, first_name, last_name, telephone_number, date_of_employment)VALUES (818, "Leonard", "Gustafsson", "072-637531", NOW());
INSERT INTO assistant_nurse (employeeid) VALUES (818);
INSERT INTO employee (employeeid, first_name, last_name, telephone_number, date_of_employment)VALUES (819, "Alba", "Svensson", "023-027084", NOW());
INSERT INTO assistant_nurse (employeeid) VALUES (819);
INSERT INTO employee (employeeid, first_name, last_name, telephone_number, date_of_employment)VALUES (820, "Brynolf", "Nyberg", "070-051288", NOW());
INSERT INTO nurse (employeeid) VALUES (820);
INSERT INTO nurse_specialization(employee_id, specialization_id) VALUES (820, 12);
INSERT INTO employee (employeeid, first_name, last_name, telephone_number, date_of_employment)VALUES (821, "Solvig", "Lundin", "016-282640", NOW());
INSERT INTO nurse (employeeid) VALUES (821);
INSERT INTO nurse_specialization(employee_id, specialization_id) VALUES (821, 9);
INSERT INTO employee (employeeid, first_name, last_name, telephone_number, date_of_employment)VALUES (822, "Emelie", "Mattsson", "090-488820", NOW());
INSERT INTO nurse (employeeid) VALUES (822);

INSERT INTO employee (employeeid, first_name, last_name, telephone_number, date_of_employment)VALUES (823, "Reino", "Söderberg", "046-280381", NOW());
INSERT INTO doctor (employeeid) VALUES (823);
INSERT INTO doctor_specialization(employeeid, specializationid) VALUES (823, 4);
INSERT INTO employee (employeeid, first_name, last_name, telephone_number, date_of_employment)VALUES (824, "Manda", "Olofsson", "076-807586", NOW());
INSERT INTO assistant_nurse (employeeid) VALUES (824);
INSERT INTO employee (employeeid, first_name, last_name, telephone_number, date_of_employment)VALUES (825, "Gunhild", "Hansson", "019-858581", NOW());
INSERT INTO assistant_nurse (employeeid) VALUES (825);
INSERT INTO employee (employeeid, first_name, last_name, telephone_number, date_of_employment)VALUES (826, "Sissi", "Wikström", "026-802374", NOW());
INSERT INTO nurse (employeeid) VALUES (826);
INSERT INTO nurse_specialization(employee_id, specialization_id) VALUES (826, 1);
INSERT INTO employee (employeeid, first_name, last_name, telephone_number, date_of_employment)VALUES (827, "Jörn", "Hansen", "021-886334", NOW());
INSERT INTO doctor (employeeid) VALUES (827);
INSERT INTO doctor_specialization(employeeid, specializationid) VALUES (827, 12);
INSERT INTO employee (employeeid, first_name, last_name, telephone_number, date_of_employment)VALUES (828, "Britta", "Ekström", "031-852421", NOW());
INSERT INTO assistant_nurse (employeeid) VALUES (828);
INSERT INTO employee (employeeid, first_name, last_name, telephone_number, date_of_employment)VALUES (829, "Pieter", "Söderberg", "018-660871", NOW());
INSERT INTO doctor (employeeid) VALUES (829);
INSERT INTO doctor_specialization(employeeid, specializationid) VALUES (829, 3);
INSERT INTO employee (employeeid, first_name, last_name, telephone_number, date_of_employment)VALUES (830, "Albrekt", "Jonasson", "063-773162", NOW());
INSERT INTO assistant_nurse (employeeid) VALUES (830);
INSERT INTO employee (employeeid, first_name, last_name, telephone_number, date_of_employment)VALUES (831, "Janna", "Claesson", "060-117882", NOW());
INSERT INTO nurse (employeeid) VALUES (831);

INSERT INTO employee (employeeid, first_name, last_name, telephone_number, date_of_employment)VALUES (832, "Gregorius", "Axelsson", "077-115267", NOW());
INSERT INTO assistant_nurse (employeeid) VALUES (832);
INSERT INTO employee (employeeid, first_name, last_name, telephone_number, date_of_employment)VALUES (833, "Roy", "Åkesson", "070-428256", NOW());
INSERT INTO nurse (employeeid) VALUES (833);
INSERT INTO nurse_specialization(employee_id, specialization_id) VALUES (833, 5);
INSERT INTO employee (employeeid, first_name, last_name, telephone_number, date_of_employment)VALUES (834, "Elena", "Blomqvist", "074-704084", NOW());
INSERT INTO doctor (employeeid) VALUES (834);
INSERT INTO doctor_specialization(employeeid, specializationid) VALUES (834, 3);
INSERT INTO employee (employeeid, first_name, last_name, telephone_number, date_of_employment)VALUES (835, "Alvina", "Holmberg", "090-584530", NOW());
INSERT INTO nurse (employeeid) VALUES (835);
INSERT INTO nurse_specialization(employee_id, specialization_id) VALUES (835, 8);
INSERT INTO employee (employeeid, first_name, last_name, telephone_number, date_of_employment)VALUES (836, "Jennifer", "Ivarsson", "042-732082", NOW());
INSERT INTO doctor (employeeid) VALUES (836);

INSERT INTO employee (employeeid, first_name, last_name, telephone_number, date_of_employment)VALUES (837, "Tiburtius", "Lindqvist", "035-617117", NOW());
INSERT INTO doctor (employeeid) VALUES (837);

INSERT INTO employee (employeeid, first_name, last_name, telephone_number, date_of_employment)VALUES (838, "Vivianne", "Hansson", "035-008072", NOW());
INSERT INTO nurse (employeeid) VALUES (838);
INSERT INTO nurse_specialization(employee_id, specialization_id) VALUES (838, 6);
INSERT INTO employee (employeeid, first_name, last_name, telephone_number, date_of_employment)VALUES (839, "Irena", "Sundqvist", "023-287185", NOW());
INSERT INTO assistant_nurse (employeeid) VALUES (839);
INSERT INTO employee (employeeid, first_name, last_name, telephone_number, date_of_employment)VALUES (840, "Ingrid", "Johansson", "042-238827", NOW());
INSERT INTO nurse (employeeid) VALUES (840);
INSERT INTO nurse_specialization(employee_id, specialization_id) VALUES (840, 15);
INSERT INTO employee (employeeid, first_name, last_name, telephone_number, date_of_employment)VALUES (841, "Beth", "Åkesson", "019-733421", NOW());
INSERT INTO assistant_nurse (employeeid) VALUES (841);
INSERT INTO employee (employeeid, first_name, last_name, telephone_number, date_of_employment)VALUES (842, "Reino", "Berg", "036-844235", NOW());
INSERT INTO assistant_nurse (employeeid) VALUES (842);
INSERT INTO employee (employeeid, first_name, last_name, telephone_number, date_of_employment)VALUES (843, "Torben", "Forsberg", "035-242855", NOW());
INSERT INTO assistant_nurse (employeeid) VALUES (843);
INSERT INTO employee (employeeid, first_name, last_name, telephone_number, date_of_employment)VALUES (844, "Inez", "Åström", "070-404017", NOW());
INSERT INTO nurse (employeeid) VALUES (844);
INSERT INTO nurse_specialization(employee_id, specialization_id) VALUES (844, 13);
INSERT INTO employee (employeeid, first_name, last_name, telephone_number, date_of_employment)VALUES (845, "Natasha", "Axelsson", "073-711384", NOW());
INSERT INTO doctor (employeeid) VALUES (845);
INSERT INTO doctor_specialization(employeeid, specializationid) VALUES (845, 10);
INSERT INTO employee (employeeid, first_name, last_name, telephone_number, date_of_employment)VALUES (846, "Ritva", "Eklund", "046-021123", NOW());
INSERT INTO doctor (employeeid) VALUES (846);
INSERT INTO doctor_specialization(employeeid, specializationid) VALUES (846, 16);
INSERT INTO employee (employeeid, first_name, last_name, telephone_number, date_of_employment)VALUES (847, "Gudmund", "Hellström", "023-146230", NOW());
INSERT INTO assistant_nurse (employeeid) VALUES (847);
INSERT INTO employee (employeeid, first_name, last_name, telephone_number, date_of_employment)VALUES (848, "August", "Viklund", "026-632020", NOW());
INSERT INTO assistant_nurse (employeeid) VALUES (848);
INSERT INTO employee (employeeid, first_name, last_name, telephone_number, date_of_employment)VALUES (849, "Carlos", "Andreasson", "011-258683", NOW());
INSERT INTO nurse (employeeid) VALUES (849);
INSERT INTO nurse_specialization(employee_id, specialization_id) VALUES (849, 15);
INSERT INTO employee (employeeid, first_name, last_name, telephone_number, date_of_employment)VALUES (850, "Irene", "Holm", "078-052040", NOW());
INSERT INTO assistant_nurse (employeeid) VALUES (850);
INSERT INTO employee (employeeid, first_name, last_name, telephone_number, date_of_employment)VALUES (851, "Matilde", "Blomqvist", "021-444113", NOW());
INSERT INTO nurse (employeeid) VALUES (851);
INSERT INTO nurse_specialization(employee_id, specialization_id) VALUES (851, 2);
INSERT INTO employee (employeeid, first_name, last_name, telephone_number, date_of_employment)VALUES (852, "John", "Sjöberg", "078-285828", NOW());
INSERT INTO assistant_nurse (employeeid) VALUES (852);
INSERT INTO employee (employeeid, first_name, last_name, telephone_number, date_of_employment)VALUES (853, "Lovisa", "Jonsson", "063-662646", NOW());
INSERT INTO assistant_nurse (employeeid) VALUES (853);
INSERT INTO employee (employeeid, first_name, last_name, telephone_number, date_of_employment)VALUES (854, "Harriet", "Lindgren", "090-484541", NOW());
INSERT INTO nurse (employeeid) VALUES (854);
INSERT INTO nurse_specialization(employee_id, specialization_id) VALUES (854, 5);
INSERT INTO employee (employeeid, first_name, last_name, telephone_number, date_of_employment)VALUES (855, "Elfrida", "Berglund", "070-647726", NOW());
INSERT INTO nurse (employeeid) VALUES (855);
INSERT INTO nurse_specialization(employee_id, specialization_id) VALUES (855, 10);
INSERT INTO employee (employeeid, first_name, last_name, telephone_number, date_of_employment)VALUES (856, "Helgo", "Falk", "040-632168", NOW());
INSERT INTO doctor (employeeid) VALUES (856);

INSERT INTO employee (employeeid, first_name, last_name, telephone_number, date_of_employment)VALUES (857, "Laurentia", "Öberg", "076-061685", NOW());
INSERT INTO nurse (employeeid) VALUES (857);
INSERT INTO nurse_specialization(employee_id, specialization_id) VALUES (857, 6);
INSERT INTO employee (employeeid, first_name, last_name, telephone_number, date_of_employment)VALUES (858, "Eleonora", "Sjöberg", "019-411006", NOW());
INSERT INTO nurse (employeeid) VALUES (858);
INSERT INTO nurse_specialization(employee_id, specialization_id) VALUES (858, 4);
INSERT INTO employee (employeeid, first_name, last_name, telephone_number, date_of_employment)VALUES (859, "Turid", "Berggren", "072-616554", NOW());
INSERT INTO assistant_nurse (employeeid) VALUES (859);
INSERT INTO employee (employeeid, first_name, last_name, telephone_number, date_of_employment)VALUES (860, "Laurina", "Holmqvist", "078-515568", NOW());
INSERT INTO assistant_nurse (employeeid) VALUES (860);
INSERT INTO employee (employeeid, first_name, last_name, telephone_number, date_of_employment)VALUES (861, "Benita", "Nyberg", "026-838511", NOW());
INSERT INTO doctor (employeeid) VALUES (861);
INSERT INTO doctor_specialization(employeeid, specializationid) VALUES (861, 1);
INSERT INTO employee (employeeid, first_name, last_name, telephone_number, date_of_employment)VALUES (862, "Charlotta", "Ek", "063-464770", NOW());
INSERT INTO nurse (employeeid) VALUES (862);
INSERT INTO nurse_specialization(employee_id, specialization_id) VALUES (862, 5);
INSERT INTO employee (employeeid, first_name, last_name, telephone_number, date_of_employment)VALUES (863, "Helle", "Andreasson", "070-778325", NOW());
INSERT INTO doctor (employeeid) VALUES (863);
INSERT INTO doctor_specialization(employeeid, specializationid) VALUES (863, 4);
INSERT INTO employee (employeeid, first_name, last_name, telephone_number, date_of_employment)VALUES (864, "Hannes", "Hellström", "077-880100", NOW());
INSERT INTO assistant_nurse (employeeid) VALUES (864);
INSERT INTO employee (employeeid, first_name, last_name, telephone_number, date_of_employment)VALUES (865, "Roland", "Holmgren", "026-543400", NOW());
INSERT INTO doctor (employeeid) VALUES (865);
INSERT INTO doctor_specialization(employeeid, specializationid) VALUES (865, 5);
INSERT INTO employee (employeeid, first_name, last_name, telephone_number, date_of_employment)VALUES (866, "Franco", "Ivarsson", "076-871265", NOW());
INSERT INTO assistant_nurse (employeeid) VALUES (866);
INSERT INTO employee (employeeid, first_name, last_name, telephone_number, date_of_employment)VALUES (867, "Alvar", "Sjöberg", "036-763834", NOW());
INSERT INTO assistant_nurse (employeeid) VALUES (867);
INSERT INTO employee (employeeid, first_name, last_name, telephone_number, date_of_employment)VALUES (868, "Gertrud", "Ivarsson", "021-682377", NOW());
INSERT INTO doctor (employeeid) VALUES (868);

INSERT INTO employee (employeeid, first_name, last_name, telephone_number, date_of_employment)VALUES (869, "Mandis", "Strömberg", "077-276287", NOW());
INSERT INTO assistant_nurse (employeeid) VALUES (869);
INSERT INTO employee (employeeid, first_name, last_name, telephone_number, date_of_employment)VALUES (870, "Amanda", "Nordström", "026-260481", NOW());
INSERT INTO nurse (employeeid) VALUES (870);

INSERT INTO employee (employeeid, first_name, last_name, telephone_number, date_of_employment)VALUES (871, "Ulf", "Nilsson", "075-474330", NOW());
INSERT INTO assistant_nurse (employeeid) VALUES (871);
INSERT INTO employee (employeeid, first_name, last_name, telephone_number, date_of_employment)VALUES (872, "Ted", "Åkesson", "023-177578", NOW());
INSERT INTO assistant_nurse (employeeid) VALUES (872);
INSERT INTO employee (employeeid, first_name, last_name, telephone_number, date_of_employment)VALUES (873, "Herman", "Andreasson", "063-818428", NOW());
INSERT INTO assistant_nurse (employeeid) VALUES (873);
INSERT INTO employee (employeeid, first_name, last_name, telephone_number, date_of_employment)VALUES (874, "Adam", "Sandström", "033-061685", NOW());
INSERT INTO assistant_nurse (employeeid) VALUES (874);
INSERT INTO employee (employeeid, first_name, last_name, telephone_number, date_of_employment)VALUES (875, "Rauni", "Axelsson", "016-150105", NOW());
INSERT INTO doctor (employeeid) VALUES (875);
INSERT INTO doctor_specialization(employeeid, specializationid) VALUES (875, 14);
INSERT INTO employee (employeeid, first_name, last_name, telephone_number, date_of_employment)VALUES (876, "Asta", "Abrahamsson", "077-022086", NOW());
INSERT INTO nurse (employeeid) VALUES (876);
INSERT INTO nurse_specialization(employee_id, specialization_id) VALUES (876, 15);
INSERT INTO employee (employeeid, first_name, last_name, telephone_number, date_of_employment)VALUES (877, "Lennart", "Lind", "072-076723", NOW());
INSERT INTO assistant_nurse (employeeid) VALUES (877);
INSERT INTO employee (employeeid, first_name, last_name, telephone_number, date_of_employment)VALUES (878, "Carol", "Ek", "078-402467", NOW());
INSERT INTO doctor (employeeid) VALUES (878);
INSERT INTO doctor_specialization(employeeid, specializationid) VALUES (878, 7);
INSERT INTO employee (employeeid, first_name, last_name, telephone_number, date_of_employment)VALUES (879, "Ronny", "Berglund", "031-580664", NOW());
INSERT INTO doctor (employeeid) VALUES (879);
INSERT INTO doctor_specialization(employeeid, specializationid) VALUES (879, 10);
INSERT INTO employee (employeeid, first_name, last_name, telephone_number, date_of_employment)VALUES (880, "Rupert", "Nordin", "018-486262", NOW());
INSERT INTO doctor (employeeid) VALUES (880);

INSERT INTO employee (employeeid, first_name, last_name, telephone_number, date_of_employment)VALUES (881, "Lave", "Eriksson", "040-815308", NOW());
INSERT INTO assistant_nurse (employeeid) VALUES (881);
INSERT INTO employee (employeeid, first_name, last_name, telephone_number, date_of_employment)VALUES (882, "Karin", "Andersson", "023-408751", NOW());
INSERT INTO nurse (employeeid) VALUES (882);
INSERT INTO nurse_specialization(employee_id, specialization_id) VALUES (882, 10);
INSERT INTO employee (employeeid, first_name, last_name, telephone_number, date_of_employment)VALUES (883, "Margreta", "Jonasson", "075-625880", NOW());
INSERT INTO doctor (employeeid) VALUES (883);
INSERT INTO doctor_specialization(employeeid, specializationid) VALUES (883, 11);
INSERT INTO employee (employeeid, first_name, last_name, telephone_number, date_of_employment)VALUES (884, "Fridolf", "Jakobsson", "072-631156", NOW());
INSERT INTO nurse (employeeid) VALUES (884);
INSERT INTO nurse_specialization(employee_id, specialization_id) VALUES (884, 6);
INSERT INTO employee (employeeid, first_name, last_name, telephone_number, date_of_employment)VALUES (885, "Pirkko", "Olofsson", "090-881103", NOW());
INSERT INTO doctor (employeeid) VALUES (885);
INSERT INTO doctor_specialization(employeeid, specializationid) VALUES (885, 8);
INSERT INTO employee (employeeid, first_name, last_name, telephone_number, date_of_employment)VALUES (886, "Benjamin", "Eklund", "075-303383", NOW());
INSERT INTO nurse (employeeid) VALUES (886);
INSERT INTO nurse_specialization(employee_id, specialization_id) VALUES (886, 10);
INSERT INTO employee (employeeid, first_name, last_name, telephone_number, date_of_employment)VALUES (887, "Beth", "Gustafsson", "076-855052", NOW());
INSERT INTO doctor (employeeid) VALUES (887);
INSERT INTO doctor_specialization(employeeid, specializationid) VALUES (887, 11);
INSERT INTO employee (employeeid, first_name, last_name, telephone_number, date_of_employment)VALUES (888, "Margita", "Falk", "074-181244", NOW());
INSERT INTO doctor (employeeid) VALUES (888);
INSERT INTO doctor_specialization(employeeid, specializationid) VALUES (888, 12);
INSERT INTO employee (employeeid, first_name, last_name, telephone_number, date_of_employment)VALUES (889, "Hella", "Lundqvist", "077-286045", NOW());
INSERT INTO nurse (employeeid) VALUES (889);
INSERT INTO nurse_specialization(employee_id, specialization_id) VALUES (889, 3);
INSERT INTO employee (employeeid, first_name, last_name, telephone_number, date_of_employment)VALUES (890, "Emily", "Lindberg", "026-778458", NOW());
INSERT INTO doctor (employeeid) VALUES (890);
INSERT INTO doctor_specialization(employeeid, specializationid) VALUES (890, 11);
INSERT INTO employee (employeeid, first_name, last_name, telephone_number, date_of_employment)VALUES (891, "Federico", "Lundström", "046-466861", NOW());
INSERT INTO doctor (employeeid) VALUES (891);
INSERT INTO doctor_specialization(employeeid, specializationid) VALUES (891, 2);
INSERT INTO employee (employeeid, first_name, last_name, telephone_number, date_of_employment)VALUES (892, "Helena", "Åberg", "063-184361", NOW());
INSERT INTO assistant_nurse (employeeid) VALUES (892);
INSERT INTO employee (employeeid, first_name, last_name, telephone_number, date_of_employment)VALUES (893, "Ingo", "Hermansson", "040-867601", NOW());
INSERT INTO nurse (employeeid) VALUES (893);
INSERT INTO nurse_specialization(employee_id, specialization_id) VALUES (893, 15);
INSERT INTO employee (employeeid, first_name, last_name, telephone_number, date_of_employment)VALUES (894, "Pirjo", "Forsberg", "078-620068", NOW());
INSERT INTO nurse (employeeid) VALUES (894);

INSERT INTO employee (employeeid, first_name, last_name, telephone_number, date_of_employment)VALUES (895, "Andrea", "Lindqvist", "074-318578", NOW());
INSERT INTO nurse (employeeid) VALUES (895);
INSERT INTO nurse_specialization(employee_id, specialization_id) VALUES (895, 9);
INSERT INTO employee (employeeid, first_name, last_name, telephone_number, date_of_employment)VALUES (896, "Rutger", "Jakobsson", "019-584257", NOW());
INSERT INTO assistant_nurse (employeeid) VALUES (896);
INSERT INTO employee (employeeid, first_name, last_name, telephone_number, date_of_employment)VALUES (897, "Harald", "Sandström", "076-266715", NOW());
INSERT INTO nurse (employeeid) VALUES (897);
INSERT INTO nurse_specialization(employee_id, specialization_id) VALUES (897, 10);
INSERT INTO employee (employeeid, first_name, last_name, telephone_number, date_of_employment)VALUES (898, "Dordi", "Söderberg", "023-833646", NOW());
INSERT INTO assistant_nurse (employeeid) VALUES (898);
INSERT INTO employee (employeeid, first_name, last_name, telephone_number, date_of_employment)VALUES (899, "Arvid", "Håkansson", "070-566028", NOW());
INSERT INTO doctor (employeeid) VALUES (899);
INSERT INTO doctor_specialization(employeeid, specializationid) VALUES (899, 10);
INSERT INTO employee (employeeid, first_name, last_name, telephone_number, date_of_employment)VALUES (900, "Susanna", "Sandström", "077-112051", NOW());
INSERT INTO doctor (employeeid) VALUES (900);
INSERT INTO doctor_specialization(employeeid, specializationid) VALUES (900, 12);
INSERT INTO employee (employeeid, first_name, last_name, telephone_number, date_of_employment)VALUES (901, "Böret", "Sandström", "046-562461", NOW());
INSERT INTO doctor (employeeid) VALUES (901);
INSERT INTO doctor_specialization(employeeid, specializationid) VALUES (901, 16);
INSERT INTO employee (employeeid, first_name, last_name, telephone_number, date_of_employment)VALUES (902, "Kathy", "Sundberg", "042-152033", NOW());
INSERT INTO doctor (employeeid) VALUES (902);

INSERT INTO employee (employeeid, first_name, last_name, telephone_number, date_of_employment)VALUES (903, "Mark", "Karlsson", "073-682261", NOW());
INSERT INTO nurse (employeeid) VALUES (903);
INSERT INTO nurse_specialization(employee_id, specialization_id) VALUES (903, 4);
INSERT INTO employee (employeeid, first_name, last_name, telephone_number, date_of_employment)VALUES (904, "Asta", "Sundqvist", "046-382302", NOW());
INSERT INTO assistant_nurse (employeeid) VALUES (904);
INSERT INTO employee (employeeid, first_name, last_name, telephone_number, date_of_employment)VALUES (905, "Gunnel", "Eriksson", "026-157418", NOW());
INSERT INTO doctor (employeeid) VALUES (905);
INSERT INTO doctor_specialization(employeeid, specializationid) VALUES (905, 14);
INSERT INTO employee (employeeid, first_name, last_name, telephone_number, date_of_employment)VALUES (906, "Nadja", "Hermansson", "031-115510", NOW());
INSERT INTO assistant_nurse (employeeid) VALUES (906);
INSERT INTO employee (employeeid, first_name, last_name, telephone_number, date_of_employment)VALUES (907, "Maggie", "Nordin", "016-417733", NOW());
INSERT INTO assistant_nurse (employeeid) VALUES (907);
INSERT INTO employee (employeeid, first_name, last_name, telephone_number, date_of_employment)VALUES (908, "Ernesto", "Andersson", "026-255425", NOW());
INSERT INTO nurse (employeeid) VALUES (908);
INSERT INTO nurse_specialization(employee_id, specialization_id) VALUES (908, 15);
INSERT INTO employee (employeeid, first_name, last_name, telephone_number, date_of_employment)VALUES (909, "Kathy", "Fredriksson", "018-036406", NOW());
INSERT INTO doctor (employeeid) VALUES (909);

INSERT INTO employee (employeeid, first_name, last_name, telephone_number, date_of_employment)VALUES (910, "Lizette", "Magnusson", "090-642685", NOW());
INSERT INTO nurse (employeeid) VALUES (910);
INSERT INTO nurse_specialization(employee_id, specialization_id) VALUES (910, 3);
INSERT INTO employee (employeeid, first_name, last_name, telephone_number, date_of_employment)VALUES (911, "Alrik", "Holmqvist", "036-164423", NOW());
INSERT INTO nurse (employeeid) VALUES (911);
INSERT INTO nurse_specialization(employee_id, specialization_id) VALUES (911, 1);
INSERT INTO employee (employeeid, first_name, last_name, telephone_number, date_of_employment)VALUES (912, "Helge", "Lundin", "023-300580", NOW());
INSERT INTO assistant_nurse (employeeid) VALUES (912);
INSERT INTO employee (employeeid, first_name, last_name, telephone_number, date_of_employment)VALUES (913, "Gregor", "Åström", "078-133004", NOW());
INSERT INTO assistant_nurse (employeeid) VALUES (913);
INSERT INTO employee (employeeid, first_name, last_name, telephone_number, date_of_employment)VALUES (914, "Arto", "Lundström", "031-421835", NOW());
INSERT INTO nurse (employeeid) VALUES (914);
INSERT INTO nurse_specialization(employee_id, specialization_id) VALUES (914, 11);
INSERT INTO employee (employeeid, first_name, last_name, telephone_number, date_of_employment)VALUES (915, "Pedro", "Johansson", "078-177553", NOW());
INSERT INTO assistant_nurse (employeeid) VALUES (915);
INSERT INTO employee (employeeid, first_name, last_name, telephone_number, date_of_employment)VALUES (916, "Natasha", "Karlsson", "075-081013", NOW());
INSERT INTO nurse (employeeid) VALUES (916);
INSERT INTO nurse_specialization(employee_id, specialization_id) VALUES (916, 7);
INSERT INTO employee (employeeid, first_name, last_name, telephone_number, date_of_employment)VALUES (917, "Ingeborg", "Lindgren", "073-507277", NOW());
INSERT INTO nurse (employeeid) VALUES (917);

INSERT INTO employee (employeeid, first_name, last_name, telephone_number, date_of_employment)VALUES (918, "Carola", "Jönsson", "035-122421", NOW());
INSERT INTO nurse (employeeid) VALUES (918);
INSERT INTO nurse_specialization(employee_id, specialization_id) VALUES (918, 14);
INSERT INTO employee (employeeid, first_name, last_name, telephone_number, date_of_employment)VALUES (919, "Bror", "Lind", "076-325203", NOW());
INSERT INTO doctor (employeeid) VALUES (919);

INSERT INTO employee (employeeid, first_name, last_name, telephone_number, date_of_employment)VALUES (920, "Albertina", "Jönsson", "090-800823", NOW());
INSERT INTO assistant_nurse (employeeid) VALUES (920);
INSERT INTO employee (employeeid, first_name, last_name, telephone_number, date_of_employment)VALUES (921, "Helna", "Månsson", "033-731546", NOW());
INSERT INTO doctor (employeeid) VALUES (921);
INSERT INTO doctor_specialization(employeeid, specializationid) VALUES (921, 12);
INSERT INTO employee (employeeid, first_name, last_name, telephone_number, date_of_employment)VALUES (922, "Nadja", "Fransson", "072-262571", NOW());
INSERT INTO nurse (employeeid) VALUES (922);

INSERT INTO employee (employeeid, first_name, last_name, telephone_number, date_of_employment)VALUES (923, "Gerd", "Lundström", "076-067613", NOW());
INSERT INTO assistant_nurse (employeeid) VALUES (923);
INSERT INTO employee (employeeid, first_name, last_name, telephone_number, date_of_employment)VALUES (924, "Fritiof", "Jonasson", "035-050501", NOW());
INSERT INTO assistant_nurse (employeeid) VALUES (924);
INSERT INTO employee (employeeid, first_name, last_name, telephone_number, date_of_employment)VALUES (925, "Benedikt", "Nyström", "070-165645", NOW());
INSERT INTO assistant_nurse (employeeid) VALUES (925);
INSERT INTO employee (employeeid, first_name, last_name, telephone_number, date_of_employment)VALUES (926, "Tore", "Jonasson", "023-214870", NOW());
INSERT INTO doctor (employeeid) VALUES (926);
INSERT INTO doctor_specialization(employeeid, specializationid) VALUES (926, 2);
INSERT INTO employee (employeeid, first_name, last_name, telephone_number, date_of_employment)VALUES (927, "Mogens", "Lundin", "063-727118", NOW());
INSERT INTO nurse (employeeid) VALUES (927);
INSERT INTO nurse_specialization(employee_id, specialization_id) VALUES (927, 15);
INSERT INTO employee (employeeid, first_name, last_name, telephone_number, date_of_employment)VALUES (928, "Silva", "Ström", "042-410687", NOW());
INSERT INTO nurse (employeeid) VALUES (928);
INSERT INTO nurse_specialization(employee_id, specialization_id) VALUES (928, 13);
INSERT INTO employee (employeeid, first_name, last_name, telephone_number, date_of_employment)VALUES (929, "Gertrud", "Eriksson", "036-402105", NOW());
INSERT INTO assistant_nurse (employeeid) VALUES (929);
INSERT INTO employee (employeeid, first_name, last_name, telephone_number, date_of_employment)VALUES (930, "Gottfrida", "Hellström", "019-778348", NOW());
INSERT INTO assistant_nurse (employeeid) VALUES (930);
INSERT INTO employee (employeeid, first_name, last_name, telephone_number, date_of_employment)VALUES (931, "Pia", "Åkesson", "036-045351", NOW());
INSERT INTO assistant_nurse (employeeid) VALUES (931);
INSERT INTO employee (employeeid, first_name, last_name, telephone_number, date_of_employment)VALUES (932, "Danny", "Sundqvist", "033-182280", NOW());
INSERT INTO assistant_nurse (employeeid) VALUES (932);
INSERT INTO employee (employeeid, first_name, last_name, telephone_number, date_of_employment)VALUES (933, "Birgit", "Samuelsson", "040-201857", NOW());
INSERT INTO nurse (employeeid) VALUES (933);

INSERT INTO employee (employeeid, first_name, last_name, telephone_number, date_of_employment)VALUES (934, "Heine", "Persson", "021-475068", NOW());
INSERT INTO assistant_nurse (employeeid) VALUES (934);
INSERT INTO employee (employeeid, first_name, last_name, telephone_number, date_of_employment)VALUES (935, "Valentin", "Pettersson", "036-744887", NOW());
INSERT INTO nurse (employeeid) VALUES (935);
INSERT INTO nurse_specialization(employee_id, specialization_id) VALUES (935, 5);
INSERT INTO employee (employeeid, first_name, last_name, telephone_number, date_of_employment)VALUES (936, "Mari", "Sundström", "016-416470", NOW());
INSERT INTO doctor (employeeid) VALUES (936);
INSERT INTO doctor_specialization(employeeid, specializationid) VALUES (936, 3);
INSERT INTO employee (employeeid, first_name, last_name, telephone_number, date_of_employment)VALUES (937, "Diana", "Lindholm", "023-777613", NOW());
INSERT INTO nurse (employeeid) VALUES (937);
INSERT INTO nurse_specialization(employee_id, specialization_id) VALUES (937, 3);
INSERT INTO employee (employeeid, first_name, last_name, telephone_number, date_of_employment)VALUES (938, "Helen", "Lundberg", "033-216813", NOW());
INSERT INTO nurse (employeeid) VALUES (938);
INSERT INTO nurse_specialization(employee_id, specialization_id) VALUES (938, 2);
INSERT INTO employee (employeeid, first_name, last_name, telephone_number, date_of_employment)VALUES (939, "Ronny", "Eriksson", "016-822385", NOW());
INSERT INTO nurse (employeeid) VALUES (939);
INSERT INTO nurse_specialization(employee_id, specialization_id) VALUES (939, 2);
INSERT INTO employee (employeeid, first_name, last_name, telephone_number, date_of_employment)VALUES (940, "Erna", "Pålsson", "036-734253", NOW());
INSERT INTO assistant_nurse (employeeid) VALUES (940);
INSERT INTO employee (employeeid, first_name, last_name, telephone_number, date_of_employment)VALUES (941, "Johannes", "Blom", "036-174273", NOW());
INSERT INTO nurse (employeeid) VALUES (941);
INSERT INTO nurse_specialization(employee_id, specialization_id) VALUES (941, 7);
INSERT INTO employee (employeeid, first_name, last_name, telephone_number, date_of_employment)VALUES (942, "Dagny", "Andersson", "075-665880", NOW());
INSERT INTO assistant_nurse (employeeid) VALUES (942);
INSERT INTO employee (employeeid, first_name, last_name, telephone_number, date_of_employment)VALUES (943, "Marjo", "Åkesson", "026-727854", NOW());
INSERT INTO nurse (employeeid) VALUES (943);
INSERT INTO nurse_specialization(employee_id, specialization_id) VALUES (943, 11);
INSERT INTO employee (employeeid, first_name, last_name, telephone_number, date_of_employment)VALUES (944, "Dorit", "Persson", "042-357070", NOW());
INSERT INTO assistant_nurse (employeeid) VALUES (944);
INSERT INTO employee (employeeid, first_name, last_name, telephone_number, date_of_employment)VALUES (945, "Hjalmar", "Viklund", "072-526732", NOW());
INSERT INTO nurse (employeeid) VALUES (945);
INSERT INTO nurse_specialization(employee_id, specialization_id) VALUES (945, 11);
INSERT INTO employee (employeeid, first_name, last_name, telephone_number, date_of_employment)VALUES (946, "Pentti", "Åström", "042-510515", NOW());
INSERT INTO nurse (employeeid) VALUES (946);
INSERT INTO nurse_specialization(employee_id, specialization_id) VALUES (946, 10);
INSERT INTO employee (employeeid, first_name, last_name, telephone_number, date_of_employment)VALUES (947, "Edmund", "Lundberg", "021-206068", NOW());
INSERT INTO assistant_nurse (employeeid) VALUES (947);
INSERT INTO employee (employeeid, first_name, last_name, telephone_number, date_of_employment)VALUES (948, "Israel", "Eriksson", "040-806266", NOW());
INSERT INTO nurse (employeeid) VALUES (948);

INSERT INTO employee (employeeid, first_name, last_name, telephone_number, date_of_employment)VALUES (949, "Evelin", "Lundberg", "077-587448", NOW());
INSERT INTO nurse (employeeid) VALUES (949);
INSERT INTO nurse_specialization(employee_id, specialization_id) VALUES (949, 7);
INSERT INTO employee (employeeid, first_name, last_name, telephone_number, date_of_employment)VALUES (950, "Moses", "Björklund", "019-587335", NOW());
INSERT INTO nurse (employeeid) VALUES (950);
INSERT INTO nurse_specialization(employee_id, specialization_id) VALUES (950, 11);
INSERT INTO employee (employeeid, first_name, last_name, telephone_number, date_of_employment)VALUES (951, "Ernesto", "Pålsson", "076-422014", NOW());
INSERT INTO assistant_nurse (employeeid) VALUES (951);
INSERT INTO employee (employeeid, first_name, last_name, telephone_number, date_of_employment)VALUES (952, "Klemens", "Magnusson", "016-464770", NOW());
INSERT INTO doctor (employeeid) VALUES (952);
INSERT INTO doctor_specialization(employeeid, specializationid) VALUES (952, 3);
INSERT INTO employee (employeeid, first_name, last_name, telephone_number, date_of_employment)VALUES (953, "Vivika", "Lundin", "040-166748", NOW());
INSERT INTO doctor (employeeid) VALUES (953);
INSERT INTO doctor_specialization(employeeid, specializationid) VALUES (953, 8);
INSERT INTO employee (employeeid, first_name, last_name, telephone_number, date_of_employment)VALUES (954, "Laurentia", "Dahlberg", "070-616432", NOW());
INSERT INTO doctor (employeeid) VALUES (954);
INSERT INTO doctor_specialization(employeeid, specializationid) VALUES (954, 7);
INSERT INTO employee (employeeid, first_name, last_name, telephone_number, date_of_employment)VALUES (955, "Leopold", "Månsson", "016-142870", NOW());
INSERT INTO assistant_nurse (employeeid) VALUES (955);
INSERT INTO employee (employeeid, first_name, last_name, telephone_number, date_of_employment)VALUES (956, "Gunder", "Nilsson", "073-628257", NOW());
INSERT INTO doctor (employeeid) VALUES (956);
INSERT INTO doctor_specialization(employeeid, specializationid) VALUES (956, 1);
INSERT INTO employee (employeeid, first_name, last_name, telephone_number, date_of_employment)VALUES (957, "Leonard", "Andreasson", "070-064053", NOW());
INSERT INTO doctor (employeeid) VALUES (957);
INSERT INTO doctor_specialization(employeeid, specializationid) VALUES (957, 6);
INSERT INTO employee (employeeid, first_name, last_name, telephone_number, date_of_employment)VALUES (958, "Bellis", "Ivarsson", "060-142865", NOW());
INSERT INTO doctor (employeeid) VALUES (958);

INSERT INTO employee (employeeid, first_name, last_name, telephone_number, date_of_employment)VALUES (959, "Olga", "Hansen", "023-754284", NOW());
INSERT INTO nurse (employeeid) VALUES (959);

INSERT INTO employee (employeeid, first_name, last_name, telephone_number, date_of_employment)VALUES (960, "Edit", "Hansson", "060-744254", NOW());
INSERT INTO nurse (employeeid) VALUES (960);
INSERT INTO nurse_specialization(employee_id, specialization_id) VALUES (960, 9);
INSERT INTO employee (employeeid, first_name, last_name, telephone_number, date_of_employment)VALUES (961, "Dorotea", "Gustafsson", "011-086137", NOW());
INSERT INTO assistant_nurse (employeeid) VALUES (961);
INSERT INTO employee (employeeid, first_name, last_name, telephone_number, date_of_employment)VALUES (962, "Heddy", "Lindström", "021-020778", NOW());
INSERT INTO assistant_nurse (employeeid) VALUES (962);
INSERT INTO employee (employeeid, first_name, last_name, telephone_number, date_of_employment)VALUES (963, "Dordi", "Björk", "060-455215", NOW());
INSERT INTO doctor (employeeid) VALUES (963);
INSERT INTO doctor_specialization(employeeid, specializationid) VALUES (963, 5);
INSERT INTO employee (employeeid, first_name, last_name, telephone_number, date_of_employment)VALUES (964, "Elsy", "Lindholm", "044-450674", NOW());
INSERT INTO assistant_nurse (employeeid) VALUES (964);
INSERT INTO employee (employeeid, first_name, last_name, telephone_number, date_of_employment)VALUES (965, "Harry", "Öberg", "077-688805", NOW());
INSERT INTO doctor (employeeid) VALUES (965);
INSERT INTO doctor_specialization(employeeid, specializationid) VALUES (965, 7);
INSERT INTO employee (employeeid, first_name, last_name, telephone_number, date_of_employment)VALUES (966, "Konstantin", "Hermansson", "019-373604", NOW());
INSERT INTO nurse (employeeid) VALUES (966);
INSERT INTO nurse_specialization(employee_id, specialization_id) VALUES (966, 3);
INSERT INTO employee (employeeid, first_name, last_name, telephone_number, date_of_employment)VALUES (967, "Astrid", "Magnusson", "035-763834", NOW());
INSERT INTO assistant_nurse (employeeid) VALUES (967);
INSERT INTO employee (employeeid, first_name, last_name, telephone_number, date_of_employment)VALUES (968, "Istvan", "Lindholm", "018-825280", NOW());
INSERT INTO assistant_nurse (employeeid) VALUES (968);
INSERT INTO employee (employeeid, first_name, last_name, telephone_number, date_of_employment)VALUES (969, "Helli", "Sjögren", "075-788646", NOW());
INSERT INTO doctor (employeeid) VALUES (969);
INSERT INTO doctor_specialization(employeeid, specializationid) VALUES (969, 15);
INSERT INTO employee (employeeid, first_name, last_name, telephone_number, date_of_employment)VALUES (970, "Vidar", "Gustafsson", "016-872855", NOW());
INSERT INTO doctor (employeeid) VALUES (970);
INSERT INTO doctor_specialization(employeeid, specializationid) VALUES (970, 16);
INSERT INTO employee (employeeid, first_name, last_name, telephone_number, date_of_employment)VALUES (971, "Jorge", "Jakobsson", "033-302161", NOW());
INSERT INTO nurse (employeeid) VALUES (971);
INSERT INTO nurse_specialization(employee_id, specialization_id) VALUES (971, 4);
INSERT INTO employee (employeeid, first_name, last_name, telephone_number, date_of_employment)VALUES (972, "Virginia", "Wikström", "036-043601", NOW());
INSERT INTO doctor (employeeid) VALUES (972);
INSERT INTO doctor_specialization(employeeid, specializationid) VALUES (972, 13);
INSERT INTO employee (employeeid, first_name, last_name, telephone_number, date_of_employment)VALUES (973, "Malin", "Viklund", "072-004737", NOW());
INSERT INTO doctor (employeeid) VALUES (973);
INSERT INTO doctor_specialization(employeeid, specializationid) VALUES (973, 2);
INSERT INTO employee (employeeid, first_name, last_name, telephone_number, date_of_employment)VALUES (974, "Sabina", "Lundqvist", "044-127473", NOW());
INSERT INTO nurse (employeeid) VALUES (974);
INSERT INTO nurse_specialization(employee_id, specialization_id) VALUES (974, 15);
INSERT INTO employee (employeeid, first_name, last_name, telephone_number, date_of_employment)VALUES (975, "Hemming", "Nordin", "042-615367", NOW());
INSERT INTO doctor (employeeid) VALUES (975);
INSERT INTO doctor_specialization(employeeid, specializationid) VALUES (975, 9);
INSERT INTO employee (employeeid, first_name, last_name, telephone_number, date_of_employment)VALUES (976, "Anneli", "Samuelsson", "073-156331", NOW());
INSERT INTO assistant_nurse (employeeid) VALUES (976);
INSERT INTO employee (employeeid, first_name, last_name, telephone_number, date_of_employment)VALUES (977, "Frideborg", "Forsberg", "063-416442", NOW());
INSERT INTO doctor (employeeid) VALUES (977);
INSERT INTO doctor_specialization(employeeid, specializationid) VALUES (977, 4);
INSERT INTO employee (employeeid, first_name, last_name, telephone_number, date_of_employment)VALUES (978, "Natan", "Svensson", "023-380500", NOW());
INSERT INTO doctor (employeeid) VALUES (978);
INSERT INTO doctor_specialization(employeeid, specializationid) VALUES (978, 12);
INSERT INTO employee (employeeid, first_name, last_name, telephone_number, date_of_employment)VALUES (979, "Lauritz", "Åström", "073-264767", NOW());
INSERT INTO nurse (employeeid) VALUES (979);
INSERT INTO nurse_specialization(employee_id, specialization_id) VALUES (979, 5);
INSERT INTO employee (employeeid, first_name, last_name, telephone_number, date_of_employment)VALUES (980, "Julio", "Mårtensson", "011-440385", NOW());
INSERT INTO doctor (employeeid) VALUES (980);
INSERT INTO doctor_specialization(employeeid, specializationid) VALUES (980, 14);
INSERT INTO employee (employeeid, first_name, last_name, telephone_number, date_of_employment)VALUES (981, "Nellie", "Söderberg", "018-328766", NOW());
INSERT INTO nurse (employeeid) VALUES (981);
INSERT INTO nurse_specialization(employee_id, specialization_id) VALUES (981, 5);
INSERT INTO employee (employeeid, first_name, last_name, telephone_number, date_of_employment)VALUES (982, "Adrienne", "Berggren", "075-084856", NOW());
INSERT INTO doctor (employeeid) VALUES (982);

INSERT INTO employee (employeeid, first_name, last_name, telephone_number, date_of_employment)VALUES (983, "Henriette", "Bergström", "016-740716", NOW());
INSERT INTO nurse (employeeid) VALUES (983);

INSERT INTO employee (employeeid, first_name, last_name, telephone_number, date_of_employment)VALUES (984, "Evelin", "Holmgren", "023-263558", NOW());
INSERT INTO assistant_nurse (employeeid) VALUES (984);
INSERT INTO employee (employeeid, first_name, last_name, telephone_number, date_of_employment)VALUES (985, "Helmy", "Jakobsson", "072-723718", NOW());
INSERT INTO assistant_nurse (employeeid) VALUES (985);
INSERT INTO employee (employeeid, first_name, last_name, telephone_number, date_of_employment)VALUES (986, "Bent", "Öberg", "046-378442", NOW());
INSERT INTO doctor (employeeid) VALUES (986);
INSERT INTO doctor_specialization(employeeid, specializationid) VALUES (986, 14);
INSERT INTO employee (employeeid, first_name, last_name, telephone_number, date_of_employment)VALUES (987, "Sammy", "Larsson", "070-541042", NOW());
INSERT INTO doctor (employeeid) VALUES (987);

INSERT INTO employee (employeeid, first_name, last_name, telephone_number, date_of_employment)VALUES (988, "Adelina", "Sandström", "018-636134", NOW());
INSERT INTO doctor (employeeid) VALUES (988);
INSERT INTO doctor_specialization(employeeid, specializationid) VALUES (988, 9);
INSERT INTO employee (employeeid, first_name, last_name, telephone_number, date_of_employment)VALUES (989, "Botilda", "Lindgren", "073-004047", NOW());
INSERT INTO assistant_nurse (employeeid) VALUES (989);
INSERT INTO employee (employeeid, first_name, last_name, telephone_number, date_of_employment)VALUES (990, "Ture", "Lindberg", "075-871265", NOW());
INSERT INTO nurse (employeeid) VALUES (990);
INSERT INTO nurse_specialization(employee_id, specialization_id) VALUES (990, 7);
INSERT INTO employee (employeeid, first_name, last_name, telephone_number, date_of_employment)VALUES (991, "Sixten", "Sundström", "074-286045", NOW());
INSERT INTO doctor (employeeid) VALUES (991);
INSERT INTO doctor_specialization(employeeid, specializationid) VALUES (991, 7);
INSERT INTO employee (employeeid, first_name, last_name, telephone_number, date_of_employment)VALUES (992, "Hildur", "Larsson", "072-852534", NOW());
INSERT INTO assistant_nurse (employeeid) VALUES (992);
INSERT INTO employee (employeeid, first_name, last_name, telephone_number, date_of_employment)VALUES (993, "Evald", "Hansen", "035-400841", NOW());
INSERT INTO assistant_nurse (employeeid) VALUES (993);
INSERT INTO employee (employeeid, first_name, last_name, telephone_number, date_of_employment)VALUES (994, "Justina", "Holmgren", "046-834115", NOW());
INSERT INTO doctor (employeeid) VALUES (994);
INSERT INTO doctor_specialization(employeeid, specializationid) VALUES (994, 5);
INSERT INTO employee (employeeid, first_name, last_name, telephone_number, date_of_employment)VALUES (995, "Uno", "Håkansson", "033-858581", NOW());
INSERT INTO assistant_nurse (employeeid) VALUES (995);
INSERT INTO employee (employeeid, first_name, last_name, telephone_number, date_of_employment)VALUES (996, "Rosa", "Andreasson", "033-620266", NOW());
INSERT INTO nurse (employeeid) VALUES (996);

INSERT INTO employee (employeeid, first_name, last_name, telephone_number, date_of_employment)VALUES (997, "Juliette", "Axelsson", "011-071568", NOW());
INSERT INTO nurse (employeeid) VALUES (997);
INSERT INTO nurse_specialization(employee_id, specialization_id) VALUES (997, 1);
INSERT INTO employee (employeeid, first_name, last_name, telephone_number, date_of_employment)VALUES (998, "Margita", "Lindberg", "016-308434", NOW());
INSERT INTO nurse (employeeid) VALUES (998);
INSERT INTO nurse_specialization(employee_id, specialization_id) VALUES (998, 8);
INSERT INTO employee (employeeid, first_name, last_name, telephone_number, date_of_employment)VALUES (999, "Gunda", "Henriksson", "036-620266", NOW());
INSERT INTO doctor (employeeid) VALUES (999);
INSERT INTO doctor_specialization(employeeid, specializationid) VALUES (999, 3);
INSERT INTO employee (employeeid, first_name, last_name, telephone_number, date_of_employment)VALUES (1000, "Pål", "Axelsson", "063-237331", NOW());
INSERT INTO nurse (employeeid) VALUES (1000);
INSERT INTO nurse_specialization(employee_id, specialization_id) VALUES (1000, 5);
INSERT INTO employee (employeeid, first_name, last_name, telephone_number, date_of_employment)VALUES (1001, "Lisa", "Strömberg", "060-515568", NOW());
INSERT INTO doctor (employeeid) VALUES (1001);
INSERT INTO doctor_specialization(employeeid, specializationid) VALUES (1001, 11);
INSERT INTO employee (employeeid, first_name, last_name, telephone_number, date_of_employment)VALUES (1002, "Elly", "Andreasson", "063-381354", NOW());
INSERT INTO doctor (employeeid) VALUES (1002);

INSERT INTO employee (employeeid, first_name, last_name, telephone_number, date_of_employment)VALUES (1003, "Boris", "Sundberg", "075-013418", NOW());
INSERT INTO doctor (employeeid) VALUES (1003);
INSERT INTO doctor_specialization(employeeid, specializationid) VALUES (1003, 8);
INSERT INTO employee (employeeid, first_name, last_name, telephone_number, date_of_employment)VALUES (1004, "Francesco", "Holmberg", "074-710078", NOW());
INSERT INTO assistant_nurse (employeeid) VALUES (1004);
INSERT INTO employee (employeeid, first_name, last_name, telephone_number, date_of_employment)VALUES (1005, "Bo", "Olsson", "016-258338", NOW());
INSERT INTO nurse (employeeid) VALUES (1005);
INSERT INTO nurse_specialization(employee_id, specialization_id) VALUES (1005, 9);
INSERT INTO employee (employeeid, first_name, last_name, telephone_number, date_of_employment)VALUES (1006, "Sigrid", "Gustafsson", "021-555300", NOW());
INSERT INTO doctor (employeeid) VALUES (1006);
INSERT INTO doctor_specialization(employeeid, specializationid) VALUES (1006, 9);
INSERT INTO employee (employeeid, first_name, last_name, telephone_number, date_of_employment)VALUES (1007, "Edvard", "Holmberg", "023-706780", NOW());
INSERT INTO assistant_nurse (employeeid) VALUES (1007);
INSERT INTO employee (employeeid, first_name, last_name, telephone_number, date_of_employment)VALUES (1008, "Otti", "Nordström", "044-013418", NOW());
INSERT INTO assistant_nurse (employeeid) VALUES (1008);
INSERT INTO employee (employeeid, first_name, last_name, telephone_number, date_of_employment)VALUES (1009, "Sissel", "Lindqvist", "033-872245", NOW());
INSERT INTO assistant_nurse (employeeid) VALUES (1009);
INSERT INTO employee (employeeid, first_name, last_name, telephone_number, date_of_employment)VALUES (1010, "Benni", "Lindgren", "011-780223", NOW());
INSERT INTO doctor (employeeid) VALUES (1010);
INSERT INTO doctor_specialization(employeeid, specializationid) VALUES (1010, 8);
INSERT INTO employee (employeeid, first_name, last_name, telephone_number, date_of_employment)VALUES (1011, "Diana", "Söderberg", "011-453415", NOW());
INSERT INTO doctor (employeeid) VALUES (1011);
INSERT INTO doctor_specialization(employeeid, specializationid) VALUES (1011, 7);
INSERT INTO employee (employeeid, first_name, last_name, telephone_number, date_of_employment)VALUES (1012, "Britt", "Jakobsson", "011-100102", NOW());
INSERT INTO doctor (employeeid) VALUES (1012);
INSERT INTO doctor_specialization(employeeid, specializationid) VALUES (1012, 14);
INSERT INTO employee (employeeid, first_name, last_name, telephone_number, date_of_employment)VALUES (1013, "Malkolm", "Jönsson", "035-382302", NOW());
INSERT INTO doctor (employeeid) VALUES (1013);

INSERT INTO employee (employeeid, first_name, last_name, telephone_number, date_of_employment)VALUES (1014, "Raoul", "Henriksson", "074-876425", NOW());
INSERT INTO assistant_nurse (employeeid) VALUES (1014);
INSERT INTO employee (employeeid, first_name, last_name, telephone_number, date_of_employment)VALUES (1015, "Börje", "Håkansson", "060-701025", NOW());
INSERT INTO assistant_nurse (employeeid) VALUES (1015);
INSERT INTO employee (employeeid, first_name, last_name, telephone_number, date_of_employment)VALUES (1016, "Sickan", "Lindqvist", "042-207808", NOW());
INSERT INTO assistant_nurse (employeeid) VALUES (1016);
INSERT INTO employee (employeeid, first_name, last_name, telephone_number, date_of_employment)VALUES (1017, "Lisa", "Ekström", "072-384526", NOW());
INSERT INTO doctor (employeeid) VALUES (1017);
INSERT INTO doctor_specialization(employeeid, specializationid) VALUES (1017, 10);
INSERT INTO employee (employeeid, first_name, last_name, telephone_number, date_of_employment)VALUES (1018, "Dag", "Bergman", "046-263604", NOW());
INSERT INTO doctor (employeeid) VALUES (1018);

INSERT INTO employee (employeeid, first_name, last_name, telephone_number, date_of_employment)VALUES (1019, "Hannu", "Martinsson", "011-512687", NOW());
INSERT INTO doctor (employeeid) VALUES (1019);
INSERT INTO doctor_specialization(employeeid, specializationid) VALUES (1019, 10);
INSERT INTO employee (employeeid, first_name, last_name, telephone_number, date_of_employment)VALUES (1020, "Hasse", "Håkansson", "063-228303", NOW());
INSERT INTO doctor (employeeid) VALUES (1020);

INSERT INTO employee (employeeid, first_name, last_name, telephone_number, date_of_employment)VALUES (1021, "Elisa", "Henriksson", "076-766155", NOW());
INSERT INTO assistant_nurse (employeeid) VALUES (1021);
INSERT INTO employee (employeeid, first_name, last_name, telephone_number, date_of_employment)VALUES (1022, "Francesca", "Axelsson", "042-486774", NOW());
INSERT INTO doctor (employeeid) VALUES (1022);

INSERT INTO employee (employeeid, first_name, last_name, telephone_number, date_of_employment)VALUES (1023, "Carol", "Ivarsson", "019-644008", NOW());
INSERT INTO assistant_nurse (employeeid) VALUES (1023);
INSERT INTO employee (employeeid, first_name, last_name, telephone_number, date_of_employment)VALUES (1024, "Lennie", "Jakobsson", "090-743237", NOW());
INSERT INTO assistant_nurse (employeeid) VALUES (1024);
INSERT INTO employee (employeeid, first_name, last_name, telephone_number, date_of_employment)VALUES (1025, "Ina", "Magnusson", "063-530502", NOW());
INSERT INTO doctor (employeeid) VALUES (1025);
INSERT INTO doctor_specialization(employeeid, specializationid) VALUES (1025, 11);
INSERT INTO employee (employeeid, first_name, last_name, telephone_number, date_of_employment)VALUES (1026, "Rauno", "Lundqvist", "042-520845", NOW());
INSERT INTO doctor (employeeid) VALUES (1026);

INSERT INTO employee (employeeid, first_name, last_name, telephone_number, date_of_employment)VALUES (1027, "Sixten", "Fransson", "076-260018", NOW());
INSERT INTO assistant_nurse (employeeid) VALUES (1027);
INSERT INTO employee (employeeid, first_name, last_name, telephone_number, date_of_employment)VALUES (1028, "Johnny", "Isaksson", "040-517021", NOW());
INSERT INTO doctor (employeeid) VALUES (1028);
INSERT INTO doctor_specialization(employeeid, specializationid) VALUES (1028, 9);
INSERT INTO employee (employeeid, first_name, last_name, telephone_number, date_of_employment)VALUES (1029, "Frideborg", "Ekström", "033-554143", NOW());
INSERT INTO assistant_nurse (employeeid) VALUES (1029);
INSERT INTO employee (employeeid, first_name, last_name, telephone_number, date_of_employment)VALUES (1030, "Runo", "Björklund", "021-422014", NOW());
INSERT INTO assistant_nurse (employeeid) VALUES (1030);
INSERT INTO employee (employeeid, first_name, last_name, telephone_number, date_of_employment)VALUES (1031, "Milly", "Bergström", "073-822387", NOW());
INSERT INTO assistant_nurse (employeeid) VALUES (1031);
INSERT INTO employee (employeeid, first_name, last_name, telephone_number, date_of_employment)VALUES (1032, "Josefin", "Svensson", "074-184361", NOW());
INSERT INTO assistant_nurse (employeeid) VALUES (1032);
INSERT INTO employee (employeeid, first_name, last_name, telephone_number, date_of_employment)VALUES (1033, "Lea", "Sandberg", "077-387177", NOW());
INSERT INTO doctor (employeeid) VALUES (1033);
INSERT INTO doctor_specialization(employeeid, specializationid) VALUES (1033, 11);
INSERT INTO employee (employeeid, first_name, last_name, telephone_number, date_of_employment)VALUES (1034, "George", "Larsson", "060-561773", NOW());
INSERT INTO assistant_nurse (employeeid) VALUES (1034);
INSERT INTO employee (employeeid, first_name, last_name, telephone_number, date_of_employment)VALUES (1035, "Essie", "Viklund", "090-345643", NOW());
INSERT INTO doctor (employeeid) VALUES (1035);

INSERT INTO employee (employeeid, first_name, last_name, telephone_number, date_of_employment)VALUES (1036, "Olav", "Björk", "090-767243", NOW());
INSERT INTO assistant_nurse (employeeid) VALUES (1036);
INSERT INTO employee (employeeid, first_name, last_name, telephone_number, date_of_employment)VALUES (1037, "Adelina", "Sjöberg", "070-231734", NOW());
INSERT INTO doctor (employeeid) VALUES (1037);
INSERT INTO doctor_specialization(employeeid, specializationid) VALUES (1037, 7);
INSERT INTO employee (employeeid, first_name, last_name, telephone_number, date_of_employment)VALUES (1038, "Jen", "Bergqvist", "060-570014", NOW());
INSERT INTO assistant_nurse (employeeid) VALUES (1038);
INSERT INTO employee (employeeid, first_name, last_name, telephone_number, date_of_employment)VALUES (1039, "Adolf", "Nyberg", "073-353181", NOW());
INSERT INTO doctor (employeeid) VALUES (1039);
INSERT INTO doctor_specialization(employeeid, specializationid) VALUES (1039, 13);
INSERT INTO employee (employeeid, first_name, last_name, telephone_number, date_of_employment)VALUES (1040, "Rosi", "Fransson", "078-453415", NOW());
INSERT INTO assistant_nurse (employeeid) VALUES (1040);
INSERT INTO employee (employeeid, first_name, last_name, telephone_number, date_of_employment)VALUES (1041, "Asser", "Olsson", "044-771401", NOW());
INSERT INTO nurse (employeeid) VALUES (1041);
INSERT INTO nurse_specialization(employee_id, specialization_id) VALUES (1041, 13);
INSERT INTO employee (employeeid, first_name, last_name, telephone_number, date_of_employment)VALUES (1042, "Georg", "Hansen", "018-517313", NOW());
INSERT INTO doctor (employeeid) VALUES (1042);
INSERT INTO doctor_specialization(employeeid, specializationid) VALUES (1042, 6);
INSERT INTO employee (employeeid, first_name, last_name, telephone_number, date_of_employment)VALUES (1043, "Ernesto", "Lundberg", "074-743204", NOW());
INSERT INTO doctor (employeeid) VALUES (1043);
INSERT INTO doctor_specialization(employeeid, specializationid) VALUES (1043, 12);
INSERT INTO employee (employeeid, first_name, last_name, telephone_number, date_of_employment)VALUES (1044, "Elsie", "Fransson", "026-623721", NOW());
INSERT INTO doctor (employeeid) VALUES (1044);
INSERT INTO doctor_specialization(employeeid, specializationid) VALUES (1044, 10);
INSERT INTO employee (employeeid, first_name, last_name, telephone_number, date_of_employment)VALUES (1045, "Paula", "Fredriksson", "023-363554", NOW());
INSERT INTO nurse (employeeid) VALUES (1045);
INSERT INTO nurse_specialization(employee_id, specialization_id) VALUES (1045, 13);
INSERT INTO employee (employeeid, first_name, last_name, telephone_number, date_of_employment)VALUES (1046, "Augusta", "Jansson", "078-001133", NOW());
INSERT INTO assistant_nurse (employeeid) VALUES (1046);
INSERT INTO employee (employeeid, first_name, last_name, telephone_number, date_of_employment)VALUES (1047, "Lucie", "Berggren", "036-560582", NOW());
INSERT INTO doctor (employeeid) VALUES (1047);
INSERT INTO doctor_specialization(employeeid, specializationid) VALUES (1047, 3);
INSERT INTO employee (employeeid, first_name, last_name, telephone_number, date_of_employment)VALUES (1048, "Gilbert", "Nordström", "023-177703", NOW());
INSERT INTO assistant_nurse (employeeid) VALUES (1048);
INSERT INTO employee (employeeid, first_name, last_name, telephone_number, date_of_employment)VALUES (1049, "Maret", "Holmqvist", "031-330337", NOW());
INSERT INTO nurse (employeeid) VALUES (1049);
INSERT INTO nurse_specialization(employee_id, specialization_id) VALUES (1049, 1);
INSERT INTO employee (employeeid, first_name, last_name, telephone_number, date_of_employment)VALUES (1050, "Halvor", "Blom", "026-718027", NOW());
INSERT INTO assistant_nurse (employeeid) VALUES (1050);
INSERT INTO employee (employeeid, first_name, last_name, telephone_number, date_of_employment)VALUES (1051, "Raoul", "Engström", "073-541467", NOW());
INSERT INTO assistant_nurse (employeeid) VALUES (1051);
INSERT INTO employee (employeeid, first_name, last_name, telephone_number, date_of_employment)VALUES (1052, "Paula", "Bergman", "042-488538", NOW());
INSERT INTO doctor (employeeid) VALUES (1052);
INSERT INTO doctor_specialization(employeeid, specializationid) VALUES (1052, 10);
INSERT INTO employee (employeeid, first_name, last_name, telephone_number, date_of_employment)VALUES (1053, "Michel", "Johansson", "076-647252", NOW());
INSERT INTO assistant_nurse (employeeid) VALUES (1053);
INSERT INTO employee (employeeid, first_name, last_name, telephone_number, date_of_employment)VALUES (1054, "Eivor", "Berggren", "031-764103", NOW());
INSERT INTO assistant_nurse (employeeid) VALUES (1054);
INSERT INTO employee (employeeid, first_name, last_name, telephone_number, date_of_employment)VALUES (1055, "Mia", "Lundström", "019-252864", NOW());
INSERT INTO assistant_nurse (employeeid) VALUES (1055);
INSERT INTO employee (employeeid, first_name, last_name, telephone_number, date_of_employment)VALUES (1056, "Lilly", "Andreasson", "063-744811", NOW());
INSERT INTO nurse (employeeid) VALUES (1056);
INSERT INTO nurse_specialization(employee_id, specialization_id) VALUES (1056, 16);
INSERT INTO employee (employeeid, first_name, last_name, telephone_number, date_of_employment)VALUES (1057, "Moje", "Berglund", "063-117145", NOW());
INSERT INTO doctor (employeeid) VALUES (1057);

INSERT INTO employee (employeeid, first_name, last_name, telephone_number, date_of_employment)VALUES (1058, "Gulla", "Lundin", "063-805052", NOW());
INSERT INTO doctor (employeeid) VALUES (1058);

INSERT INTO employee (employeeid, first_name, last_name, telephone_number, date_of_employment)VALUES (1059, "Fridolf", "Wallin", "036-342845", NOW());
INSERT INTO assistant_nurse (employeeid) VALUES (1059);
INSERT INTO employee (employeeid, first_name, last_name, telephone_number, date_of_employment)VALUES (1060, "Herman", "Holmberg", "016-002056", NOW());
INSERT INTO assistant_nurse (employeeid) VALUES (1060);
INSERT INTO employee (employeeid, first_name, last_name, telephone_number, date_of_employment)VALUES (1061, "Hervor", "Öberg", "018-123030", NOW());
INSERT INTO assistant_nurse (employeeid) VALUES (1061);
INSERT INTO employee (employeeid, first_name, last_name, telephone_number, date_of_employment)VALUES (1062, "Karna", "Månsson", "035-488538", NOW());
INSERT INTO nurse (employeeid) VALUES (1062);
INSERT INTO nurse_specialization(employee_id, specialization_id) VALUES (1062, 14);
INSERT INTO employee (employeeid, first_name, last_name, telephone_number, date_of_employment)VALUES (1063, "Göte", "Blom", "078-712373", NOW());
INSERT INTO nurse (employeeid) VALUES (1063);
INSERT INTO nurse_specialization(employee_id, specialization_id) VALUES (1063, 7);
INSERT INTO employee (employeeid, first_name, last_name, telephone_number, date_of_employment)VALUES (1064, "Hilding", "Holm", "044-565755", NOW());
INSERT INTO doctor (employeeid) VALUES (1064);
INSERT INTO doctor_specialization(employeeid, specializationid) VALUES (1064, 13);
INSERT INTO employee (employeeid, first_name, last_name, telephone_number, date_of_employment)VALUES (1065, "Mikko", "Olsson", "042-040600", NOW());
INSERT INTO nurse (employeeid) VALUES (1065);
INSERT INTO nurse_specialization(employee_id, specialization_id) VALUES (1065, 14);
INSERT INTO employee (employeeid, first_name, last_name, telephone_number, date_of_employment)VALUES (1066, "Alva", "Blomqvist", "040-122421", NOW());
INSERT INTO nurse (employeeid) VALUES (1066);
INSERT INTO nurse_specialization(employee_id, specialization_id) VALUES (1066, 12);
INSERT INTO employee (employeeid, first_name, last_name, telephone_number, date_of_employment)VALUES (1067, "Sammy", "Nilsson", "040-353635", NOW());
INSERT INTO doctor (employeeid) VALUES (1067);
INSERT INTO doctor_specialization(employeeid, specializationid) VALUES (1067, 14);
INSERT INTO employee (employeeid, first_name, last_name, telephone_number, date_of_employment)VALUES (1068, "Ronnie", "Ström", "011-500514", NOW());
INSERT INTO doctor (employeeid) VALUES (1068);
INSERT INTO doctor_specialization(employeeid, specializationid) VALUES (1068, 8);
INSERT INTO employee (employeeid, first_name, last_name, telephone_number, date_of_employment)VALUES (1069, "Gustav", "Isaksson", "070-721114", NOW());
INSERT INTO nurse (employeeid) VALUES (1069);
INSERT INTO nurse_specialization(employee_id, specialization_id) VALUES (1069, 6);
INSERT INTO employee (employeeid, first_name, last_name, telephone_number, date_of_employment)VALUES (1070, "Eve", "Nilsson", "019-405737", NOW());
INSERT INTO doctor (employeeid) VALUES (1070);

INSERT INTO employee (employeeid, first_name, last_name, telephone_number, date_of_employment)VALUES (1071, "Edmund", "Sandberg", "070-048527", NOW());
INSERT INTO doctor (employeeid) VALUES (1071);
INSERT INTO doctor_specialization(employeeid, specializationid) VALUES (1071, 13);
INSERT INTO employee (employeeid, first_name, last_name, telephone_number, date_of_employment)VALUES (1072, "Lottie", "Jansson", "021-840688", NOW());
INSERT INTO doctor (employeeid) VALUES (1072);
INSERT INTO doctor_specialization(employeeid, specializationid) VALUES (1072, 13);
INSERT INTO employee (employeeid, first_name, last_name, telephone_number, date_of_employment)VALUES (1073, "Solvig", "Lundgren", "019-345643", NOW());
INSERT INTO doctor (employeeid) VALUES (1073);
INSERT INTO doctor_specialization(employeeid, specializationid) VALUES (1073, 1);
INSERT INTO employee (employeeid, first_name, last_name, telephone_number, date_of_employment)VALUES (1074, "Stephanie", "Hermansson", "090-026757", NOW());
INSERT INTO doctor (employeeid) VALUES (1074);

INSERT INTO employee (employeeid, first_name, last_name, telephone_number, date_of_employment)VALUES (1075, "Tilde", "Forsberg", "070-530502", NOW());
INSERT INTO doctor (employeeid) VALUES (1075);
INSERT INTO doctor_specialization(employeeid, specializationid) VALUES (1075, 15);
INSERT INTO employee (employeeid, first_name, last_name, telephone_number, date_of_employment)VALUES (1076, "Ragny", "Åkesson", "077-207724", NOW());
INSERT INTO assistant_nurse (employeeid) VALUES (1076);
INSERT INTO employee (employeeid, first_name, last_name, telephone_number, date_of_employment)VALUES (1077, "Set", "Martinsson", "042-362376", NOW());
INSERT INTO assistant_nurse (employeeid) VALUES (1077);
INSERT INTO employee (employeeid, first_name, last_name, telephone_number, date_of_employment)VALUES (1078, "Essy", "Henriksson", "021-537723", NOW());
INSERT INTO doctor (employeeid) VALUES (1078);
INSERT INTO doctor_specialization(employeeid, specializationid) VALUES (1078, 12);
INSERT INTO employee (employeeid, first_name, last_name, telephone_number, date_of_employment)VALUES (1079, "Gerhard", "Hansson", "073-584140", NOW());
INSERT INTO assistant_nurse (employeeid) VALUES (1079);
INSERT INTO employee (employeeid, first_name, last_name, telephone_number, date_of_employment)VALUES (1080, "Gustav", "Sundberg", "035-543347", NOW());
INSERT INTO nurse (employeeid) VALUES (1080);
INSERT INTO nurse_specialization(employee_id, specialization_id) VALUES (1080, 11);
INSERT INTO employee (employeeid, first_name, last_name, telephone_number, date_of_employment)VALUES (1081, "Hermine", "Lind", "021-651123", NOW());
INSERT INTO doctor (employeeid) VALUES (1081);
INSERT INTO doctor_specialization(employeeid, specializationid) VALUES (1081, 15);
INSERT INTO employee (employeeid, first_name, last_name, telephone_number, date_of_employment)VALUES (1082, "Katarina", "Arvidsson", "042-874287", NOW());
INSERT INTO assistant_nurse (employeeid) VALUES (1082);
INSERT INTO employee (employeeid, first_name, last_name, telephone_number, date_of_employment)VALUES (1083, "Lalla", "Gustafsson", "042-154466", NOW());
INSERT INTO nurse (employeeid) VALUES (1083);
INSERT INTO nurse_specialization(employee_id, specialization_id) VALUES (1083, 14);
INSERT INTO employee (employeeid, first_name, last_name, telephone_number, date_of_employment)VALUES (1084, "Krister", "Hedlund", "040-245853", NOW());
INSERT INTO doctor (employeeid) VALUES (1084);

INSERT INTO employee (employeeid, first_name, last_name, telephone_number, date_of_employment)VALUES (1085, "Valentin", "Engström", "016-252842", NOW());
INSERT INTO assistant_nurse (employeeid) VALUES (1085);
INSERT INTO employee (employeeid, first_name, last_name, telephone_number, date_of_employment)VALUES (1086, "Klemens", "Arvidsson", "072-342882", NOW());
INSERT INTO doctor (employeeid) VALUES (1086);
INSERT INTO doctor_specialization(employeeid, specializationid) VALUES (1086, 9);
INSERT INTO employee (employeeid, first_name, last_name, telephone_number, date_of_employment)VALUES (1087, "Jimi", "Hellström", "033-581563", NOW());
INSERT INTO nurse (employeeid) VALUES (1087);
INSERT INTO nurse_specialization(employee_id, specialization_id) VALUES (1087, 6);
INSERT INTO employee (employeeid, first_name, last_name, telephone_number, date_of_employment)VALUES (1088, "Aino", "Holmgren", "023-828028", NOW());
INSERT INTO nurse (employeeid) VALUES (1088);

INSERT INTO employee (employeeid, first_name, last_name, telephone_number, date_of_employment)VALUES (1089, "Connie", "Bengtsson", "016-214870", NOW());
INSERT INTO doctor (employeeid) VALUES (1089);
INSERT INTO doctor_specialization(employeeid, specializationid) VALUES (1089, 15);
INSERT INTO employee (employeeid, first_name, last_name, telephone_number, date_of_employment)VALUES (1090, "Natali", "Jansson", "018-283640", NOW());
INSERT INTO doctor (employeeid) VALUES (1090);

INSERT INTO employee (employeeid, first_name, last_name, telephone_number, date_of_employment)VALUES (1091, "Lis", "Isaksson", "072-472082", NOW());
INSERT INTO doctor (employeeid) VALUES (1091);
INSERT INTO doctor_specialization(employeeid, specializationid) VALUES (1091, 9);
INSERT INTO employee (employeeid, first_name, last_name, telephone_number, date_of_employment)VALUES (1092, "Manne", "Lindgren", "031-017405", NOW());
INSERT INTO doctor (employeeid) VALUES (1092);
INSERT INTO doctor_specialization(employeeid, specializationid) VALUES (1092, 11);
INSERT INTO employee (employeeid, first_name, last_name, telephone_number, date_of_employment)VALUES (1093, "Antoinette", "Lundgren", "070-413105", NOW());
INSERT INTO doctor (employeeid) VALUES (1093);
INSERT INTO doctor_specialization(employeeid, specializationid) VALUES (1093, 11);
INSERT INTO employee (employeeid, first_name, last_name, telephone_number, date_of_employment)VALUES (1094, "Iris", "Olofsson", "021-263558", NOW());
INSERT INTO doctor (employeeid) VALUES (1094);
INSERT INTO doctor_specialization(employeeid, specializationid) VALUES (1094, 4);
INSERT INTO employee (employeeid, first_name, last_name, telephone_number, date_of_employment)VALUES (1095, "Malla", "Danielsson", "063-680665", NOW());
INSERT INTO doctor (employeeid) VALUES (1095);
INSERT INTO doctor_specialization(employeeid, specializationid) VALUES (1095, 8);
INSERT INTO employee (employeeid, first_name, last_name, telephone_number, date_of_employment)VALUES (1096, "Gunda", "Martinsson", "090-888445", NOW());
INSERT INTO doctor (employeeid) VALUES (1096);
INSERT INTO doctor_specialization(employeeid, specializationid) VALUES (1096, 10);
INSERT INTO employee (employeeid, first_name, last_name, telephone_number, date_of_employment)VALUES (1097, "Lillemor", "Lindberg", "016-106412", NOW());
INSERT INTO doctor (employeeid) VALUES (1097);
INSERT INTO doctor_specialization(employeeid, specializationid) VALUES (1097, 10);
INSERT INTO employee (employeeid, first_name, last_name, telephone_number, date_of_employment)VALUES (1098, "Solveig", "Claesson", "031-203564", NOW());
INSERT INTO nurse (employeeid) VALUES (1098);
INSERT INTO nurse_specialization(employee_id, specialization_id) VALUES (1098, 3);
INSERT INTO employee (employeeid, first_name, last_name, telephone_number, date_of_employment)VALUES (1099, "Edde", "Olsson", "060-682377", NOW());
INSERT INTO nurse (employeeid) VALUES (1099);
INSERT INTO nurse_specialization(employee_id, specialization_id) VALUES (1099, 15);
INSERT INTO employee (employeeid, first_name, last_name, telephone_number, date_of_employment)VALUES (1100, "Alvina", "Henriksson", "021-165645", NOW());
INSERT INTO nurse (employeeid) VALUES (1100);
INSERT INTO nurse_specialization(employee_id, specialization_id) VALUES (1100, 7);
INSERT INTO employee (employeeid, first_name, last_name, telephone_number, date_of_employment)VALUES (1101, "Sofie", "Lindgren", "023-277267", NOW());
INSERT INTO nurse (employeeid) VALUES (1101);
INSERT INTO nurse_specialization(employee_id, specialization_id) VALUES (1101, 13);
INSERT INTO employee (employeeid, first_name, last_name, telephone_number, date_of_employment)VALUES (1102, "Bennie", "Holmgren", "018-663776", NOW());
INSERT INTO nurse (employeeid) VALUES (1102);
INSERT INTO nurse_specialization(employee_id, specialization_id) VALUES (1102, 7);
INSERT INTO employee (employeeid, first_name, last_name, telephone_number, date_of_employment)VALUES (1103, "Gunnil", "Wikström", "035-146230", NOW());
INSERT INTO nurse (employeeid) VALUES (1103);
INSERT INTO nurse_specialization(employee_id, specialization_id) VALUES (1103, 16);
INSERT INTO employee (employeeid, first_name, last_name, telephone_number, date_of_employment)VALUES (1104, "Reiner", "Mattsson", "046-620068", NOW());
INSERT INTO doctor (employeeid) VALUES (1104);

INSERT INTO employee (employeeid, first_name, last_name, telephone_number, date_of_employment)VALUES (1105, "Constance", "Åberg", "011-304221", NOW());
INSERT INTO doctor (employeeid) VALUES (1105);
INSERT INTO doctor_specialization(employeeid, specializationid) VALUES (1105, 12);
INSERT INTO employee (employeeid, first_name, last_name, telephone_number, date_of_employment)VALUES (1106, "Tommy", "Holmberg", "070-450134", NOW());
INSERT INTO doctor (employeeid) VALUES (1106);
INSERT INTO doctor_specialization(employeeid, specializationid) VALUES (1106, 8);
INSERT INTO employee (employeeid, first_name, last_name, telephone_number, date_of_employment)VALUES (1107, "Bill", "Falk", "033-711673", NOW());
INSERT INTO assistant_nurse (employeeid) VALUES (1107);
INSERT INTO employee (employeeid, first_name, last_name, telephone_number, date_of_employment)VALUES (1108, "Evelin", "Löfgren", "078-715760", NOW());
INSERT INTO nurse (employeeid) VALUES (1108);
INSERT INTO nurse_specialization(employee_id, specialization_id) VALUES (1108, 16);
INSERT INTO employee (employeeid, first_name, last_name, telephone_number, date_of_employment)VALUES (1109, "Emmy", "Nilsson", "019-453415", NOW());
INSERT INTO nurse (employeeid) VALUES (1109);

INSERT INTO employee (employeeid, first_name, last_name, telephone_number, date_of_employment)VALUES (1110, "Eila", "Berglund", "035-600682", NOW());
INSERT INTO assistant_nurse (employeeid) VALUES (1110);
INSERT INTO employee (employeeid, first_name, last_name, telephone_number, date_of_employment)VALUES (1111, "Jesper", "Lind", "019-112488", NOW());
INSERT INTO doctor (employeeid) VALUES (1111);
INSERT INTO doctor_specialization(employeeid, specializationid) VALUES (1111, 10);
INSERT INTO employee (employeeid, first_name, last_name, telephone_number, date_of_employment)VALUES (1112, "Tommie", "Håkansson", "063-703877", NOW());
INSERT INTO nurse (employeeid) VALUES (1112);

INSERT INTO employee (employeeid, first_name, last_name, telephone_number, date_of_employment)VALUES (1113, "Marielle", "Lund", "011-042815", NOW());
INSERT INTO nurse (employeeid) VALUES (1113);

INSERT INTO employee (employeeid, first_name, last_name, telephone_number, date_of_employment)VALUES (1114, "Aron", "Holmqvist", "075-365712", NOW());
INSERT INTO nurse (employeeid) VALUES (1114);
INSERT INTO nurse_specialization(employee_id, specialization_id) VALUES (1114, 8);
INSERT INTO employee (employeeid, first_name, last_name, telephone_number, date_of_employment)VALUES (1115, "James", "Fransson", "060-138356", NOW());
INSERT INTO assistant_nurse (employeeid) VALUES (1115);
INSERT INTO employee (employeeid, first_name, last_name, telephone_number, date_of_employment)VALUES (1116, "Helmer", "Lundström", "077-762006", NOW());
INSERT INTO assistant_nurse (employeeid) VALUES (1116);
INSERT INTO employee (employeeid, first_name, last_name, telephone_number, date_of_employment)VALUES (1117, "Abel", "Bergman", "090-135414", NOW());
INSERT INTO assistant_nurse (employeeid) VALUES (1117);
INSERT INTO employee (employeeid, first_name, last_name, telephone_number, date_of_employment)VALUES (1118, "Edgard", "Sundqvist", "031-224554", NOW());
INSERT INTO nurse (employeeid) VALUES (1118);

INSERT INTO employee (employeeid, first_name, last_name, telephone_number, date_of_employment)VALUES (1119, "Mickel", "Viklund", "078-246135", NOW());
INSERT INTO doctor (employeeid) VALUES (1119);
INSERT INTO doctor_specialization(employeeid, specializationid) VALUES (1119, 8);
INSERT INTO employee (employeeid, first_name, last_name, telephone_number, date_of_employment)VALUES (1120, "Alf", "Håkansson", "090-107246", NOW());
INSERT INTO nurse (employeeid) VALUES (1120);
INSERT INTO nurse_specialization(employee_id, specialization_id) VALUES (1120, 9);
INSERT INTO employee (employeeid, first_name, last_name, telephone_number, date_of_employment)VALUES (1121, "Emmy", "Eriksson", "033-710078", NOW());
INSERT INTO assistant_nurse (employeeid) VALUES (1121);
INSERT INTO employee (employeeid, first_name, last_name, telephone_number, date_of_employment)VALUES (1122, "Kasper", "Henriksson", "042-601724", NOW());
INSERT INTO assistant_nurse (employeeid) VALUES (1122);
INSERT INTO employee (employeeid, first_name, last_name, telephone_number, date_of_employment)VALUES (1123, "Jannie", "Lindholm", "074-166565", NOW());
INSERT INTO assistant_nurse (employeeid) VALUES (1123);
INSERT INTO employee (employeeid, first_name, last_name, telephone_number, date_of_employment)VALUES (1124, "Gina", "Lindberg", "090-180021", NOW());
INSERT INTO doctor (employeeid) VALUES (1124);

INSERT INTO employee (employeeid, first_name, last_name, telephone_number, date_of_employment)VALUES (1125, "Ivan", "Åberg", "074-887868", NOW());
INSERT INTO nurse (employeeid) VALUES (1125);
INSERT INTO nurse_specialization(employee_id, specialization_id) VALUES (1125, 9);
INSERT INTO employee (employeeid, first_name, last_name, telephone_number, date_of_employment)VALUES (1126, "Lizzy", "Nilsson", "078-556886", NOW());
INSERT INTO nurse (employeeid) VALUES (1126);
INSERT INTO nurse_specialization(employee_id, specialization_id) VALUES (1126, 7);
INSERT INTO employee (employeeid, first_name, last_name, telephone_number, date_of_employment)VALUES (1127, "Johanne", "Olofsson", "078-116562", NOW());
INSERT INTO doctor (employeeid) VALUES (1127);
INSERT INTO doctor_specialization(employeeid, specializationid) VALUES (1127, 4);
INSERT INTO employee (employeeid, first_name, last_name, telephone_number, date_of_employment)VALUES (1128, "Ossian", "Johansson", "021-615325", NOW());
INSERT INTO nurse (employeeid) VALUES (1128);
INSERT INTO nurse_specialization(employee_id, specialization_id) VALUES (1128, 3);
INSERT INTO employee (employeeid, first_name, last_name, telephone_number, date_of_employment)VALUES (1129, "Sven", "Danielsson", "075-327788", NOW());
INSERT INTO assistant_nurse (employeeid) VALUES (1129);
INSERT INTO employee (employeeid, first_name, last_name, telephone_number, date_of_employment)VALUES (1130, "Vidar", "Söderberg", "042-781340", NOW());
INSERT INTO nurse (employeeid) VALUES (1130);
INSERT INTO nurse_specialization(employee_id, specialization_id) VALUES (1130, 16);
INSERT INTO employee (employeeid, first_name, last_name, telephone_number, date_of_employment)VALUES (1131, "Hubert", "Johansson", "076-858581", NOW());
INSERT INTO nurse (employeeid) VALUES (1131);
INSERT INTO nurse_specialization(employee_id, specialization_id) VALUES (1131, 3);
INSERT INTO employee (employeeid, first_name, last_name, telephone_number, date_of_employment)VALUES (1132, "Runa", "Mårtensson", "070-361072", NOW());
INSERT INTO nurse (employeeid) VALUES (1132);
INSERT INTO nurse_specialization(employee_id, specialization_id) VALUES (1132, 3);
INSERT INTO employee (employeeid, first_name, last_name, telephone_number, date_of_employment)VALUES (1133, "Tilda", "Norberg", "073-806771", NOW());
INSERT INTO nurse (employeeid) VALUES (1133);
INSERT INTO nurse_specialization(employee_id, specialization_id) VALUES (1133, 13);
INSERT INTO employee (employeeid, first_name, last_name, telephone_number, date_of_employment)VALUES (1134, "Alda", "Lind", "033-263604", NOW());
INSERT INTO doctor (employeeid) VALUES (1134);
INSERT INTO doctor_specialization(employeeid, specializationid) VALUES (1134, 5);
INSERT INTO employee (employeeid, first_name, last_name, telephone_number, date_of_employment)VALUES (1135, "Asbjörn", "Isaksson", "076-584257", NOW());
INSERT INTO nurse (employeeid) VALUES (1135);
INSERT INTO nurse_specialization(employee_id, specialization_id) VALUES (1135, 6);
INSERT INTO employee (employeeid, first_name, last_name, telephone_number, date_of_employment)VALUES (1136, "Vally", "Lundström", "018-746227", NOW());
INSERT INTO assistant_nurse (employeeid) VALUES (1136);
INSERT INTO employee (employeeid, first_name, last_name, telephone_number, date_of_employment)VALUES (1137, "Iris", "Mattsson", "019-680665", NOW());
INSERT INTO doctor (employeeid) VALUES (1137);

INSERT INTO employee (employeeid, first_name, last_name, telephone_number, date_of_employment)VALUES (1138, "Tekla", "Olofsson", "078-183815", NOW());
INSERT INTO nurse (employeeid) VALUES (1138);

INSERT INTO employee (employeeid, first_name, last_name, telephone_number, date_of_employment)VALUES (1139, "Julia", "Arvidsson", "073-025707", NOW());
INSERT INTO nurse (employeeid) VALUES (1139);

INSERT INTO employee (employeeid, first_name, last_name, telephone_number, date_of_employment)VALUES (1140, "Fernando", "Samuelsson", "070-737664", NOW());
INSERT INTO doctor (employeeid) VALUES (1140);
INSERT INTO doctor_specialization(employeeid, specializationid) VALUES (1140, 16);
INSERT INTO employee (employeeid, first_name, last_name, telephone_number, date_of_employment)VALUES (1141, "Vally", "Andersson", "040-687645", NOW());
INSERT INTO doctor (employeeid) VALUES (1141);
INSERT INTO doctor_specialization(employeeid, specializationid) VALUES (1141, 9);
INSERT INTO employee (employeeid, first_name, last_name, telephone_number, date_of_employment)VALUES (1142, "Rosina", "Hermansson", "060-022748", NOW());
INSERT INTO doctor (employeeid) VALUES (1142);
INSERT INTO doctor_specialization(employeeid, specializationid) VALUES (1142, 7);
INSERT INTO employee (employeeid, first_name, last_name, telephone_number, date_of_employment)VALUES (1143, "Ted", "Jonasson", "046-587335", NOW());
INSERT INTO assistant_nurse (employeeid) VALUES (1143);
INSERT INTO employee (employeeid, first_name, last_name, telephone_number, date_of_employment)VALUES (1144, "Bonde", "Mattsson", "040-266715", NOW());
INSERT INTO nurse (employeeid) VALUES (1144);
INSERT INTO nurse_specialization(employee_id, specialization_id) VALUES (1144, 13);
INSERT INTO employee (employeeid, first_name, last_name, telephone_number, date_of_employment)VALUES (1145, "Emmy", "Mattsson", "026-207385", NOW());
INSERT INTO assistant_nurse (employeeid) VALUES (1145);
INSERT INTO employee (employeeid, first_name, last_name, telephone_number, date_of_employment)VALUES (1146, "Valfrida", "Åkesson", "021-486323", NOW());
INSERT INTO doctor (employeeid) VALUES (1146);
INSERT INTO doctor_specialization(employeeid, specializationid) VALUES (1146, 3);
INSERT INTO employee (employeeid, first_name, last_name, telephone_number, date_of_employment)VALUES (1147, "Rasmus", "Samuelsson", "018-385583", NOW());
INSERT INTO nurse (employeeid) VALUES (1147);
INSERT INTO nurse_specialization(employee_id, specialization_id) VALUES (1147, 13);
INSERT INTO employee (employeeid, first_name, last_name, telephone_number, date_of_employment)VALUES (1148, "Arent", "Lundin", "033-157520", NOW());
INSERT INTO nurse (employeeid) VALUES (1148);
INSERT INTO nurse_specialization(employee_id, specialization_id) VALUES (1148, 2);
INSERT INTO employee (employeeid, first_name, last_name, telephone_number, date_of_employment)VALUES (1149, "Allan", "Isaksson", "046-303587", NOW());
INSERT INTO doctor (employeeid) VALUES (1149);
INSERT INTO doctor_specialization(employeeid, specializationid) VALUES (1149, 3);
INSERT INTO employee (employeeid, first_name, last_name, telephone_number, date_of_employment)VALUES (1150, "Gunnil", "Lindholm", "035-471217", NOW());
INSERT INTO nurse (employeeid) VALUES (1150);
INSERT INTO nurse_specialization(employee_id, specialization_id) VALUES (1150, 12);
INSERT INTO employee (employeeid, first_name, last_name, telephone_number, date_of_employment)VALUES (1151, "Tommi", "Strömberg", "076-626286", NOW());
INSERT INTO nurse (employeeid) VALUES (1151);

INSERT INTO employee (employeeid, first_name, last_name, telephone_number, date_of_employment)VALUES (1152, "Kasten", "Sundqvist", "036-507587", NOW());
INSERT INTO assistant_nurse (employeeid) VALUES (1152);
INSERT INTO employee (employeeid, first_name, last_name, telephone_number, date_of_employment)VALUES (1153, "Elias", "Sundström", "076-825202", NOW());
INSERT INTO assistant_nurse (employeeid) VALUES (1153);
INSERT INTO employee (employeeid, first_name, last_name, telephone_number, date_of_employment)VALUES (1154, "Ernst", "Lund", "033-685047", NOW());
INSERT INTO nurse (employeeid) VALUES (1154);
INSERT INTO nurse_specialization(employee_id, specialization_id) VALUES (1154, 14);
INSERT INTO employee (employeeid, first_name, last_name, telephone_number, date_of_employment)VALUES (1155, "Svante", "Mattsson", "033-271184", NOW());
INSERT INTO nurse (employeeid) VALUES (1155);
INSERT INTO nurse_specialization(employee_id, specialization_id) VALUES (1155, 3);
INSERT INTO employee (employeeid, first_name, last_name, telephone_number, date_of_employment)VALUES (1156, "Merete", "Norberg", "021-202712", NOW());
INSERT INTO assistant_nurse (employeeid) VALUES (1156);
INSERT INTO employee (employeeid, first_name, last_name, telephone_number, date_of_employment)VALUES (1157, "Kirsti", "Fransson", "040-268175", NOW());
INSERT INTO doctor (employeeid) VALUES (1157);
INSERT INTO doctor_specialization(employeeid, specializationid) VALUES (1157, 15);
INSERT INTO employee (employeeid, first_name, last_name, telephone_number, date_of_employment)VALUES (1158, "Elvi", "Fransson", "090-541467", NOW());
INSERT INTO nurse (employeeid) VALUES (1158);

INSERT INTO employee (employeeid, first_name, last_name, telephone_number, date_of_employment)VALUES (1159, "Molly", "Nyberg", "016-325514", NOW());
INSERT INTO assistant_nurse (employeeid) VALUES (1159);
INSERT INTO employee (employeeid, first_name, last_name, telephone_number, date_of_employment)VALUES (1160, "Germund", "Sandberg", "016-232348", NOW());
INSERT INTO doctor (employeeid) VALUES (1160);
INSERT INTO doctor_specialization(employeeid, specializationid) VALUES (1160, 1);
INSERT INTO employee (employeeid, first_name, last_name, telephone_number, date_of_employment)VALUES (1161, "Dolly", "Nyberg", "060-801842", NOW());
INSERT INTO doctor (employeeid) VALUES (1161);

INSERT INTO employee (employeeid, first_name, last_name, telephone_number, date_of_employment)VALUES (1162, "Evelina", "Martinsson", "044-838511", NOW());
INSERT INTO doctor (employeeid) VALUES (1162);
INSERT INTO doctor_specialization(employeeid, specializationid) VALUES (1162, 15);
INSERT INTO employee (employeeid, first_name, last_name, telephone_number, date_of_employment)VALUES (1163, "Johanne", "Persson", "074-061685", NOW());
INSERT INTO nurse (employeeid) VALUES (1163);
INSERT INTO nurse_specialization(employee_id, specialization_id) VALUES (1163, 7);
INSERT INTO employee (employeeid, first_name, last_name, telephone_number, date_of_employment)VALUES (1164, "Edmund", "Jakobsson", "026-451084", NOW());
INSERT INTO doctor (employeeid) VALUES (1164);
INSERT INTO doctor_specialization(employeeid, specializationid) VALUES (1164, 2);
INSERT INTO employee (employeeid, first_name, last_name, telephone_number, date_of_employment)VALUES (1165, "Britta", "Åkesson", "075-757703", NOW());
INSERT INTO doctor (employeeid) VALUES (1165);
INSERT INTO doctor_specialization(employeeid, specializationid) VALUES (1165, 4);
INSERT INTO employee (employeeid, first_name, last_name, telephone_number, date_of_employment)VALUES (1166, "Edit", "Mattsson", "023-226730", NOW());
INSERT INTO doctor (employeeid) VALUES (1166);
INSERT INTO doctor_specialization(employeeid, specializationid) VALUES (1166, 8);
INSERT INTO employee (employeeid, first_name, last_name, telephone_number, date_of_employment)VALUES (1167, "Louise", "Hellström", "075-685871", NOW());
INSERT INTO nurse (employeeid) VALUES (1167);
INSERT INTO nurse_specialization(employee_id, specialization_id) VALUES (1167, 7);
INSERT INTO employee (employeeid, first_name, last_name, telephone_number, date_of_employment)VALUES (1168, "Sigfrid", "Sundqvist", "042-053727", NOW());
INSERT INTO assistant_nurse (employeeid) VALUES (1168);
INSERT INTO employee (employeeid, first_name, last_name, telephone_number, date_of_employment)VALUES (1169, "Mia", "Svensson", "090-515052", NOW());
INSERT INTO doctor (employeeid) VALUES (1169);
INSERT INTO doctor_specialization(employeeid, specializationid) VALUES (1169, 16);
INSERT INTO employee (employeeid, first_name, last_name, telephone_number, date_of_employment)VALUES (1170, "Gertrud", "Bergqvist", "063-184387", NOW());
INSERT INTO doctor (employeeid) VALUES (1170);
INSERT INTO doctor_specialization(employeeid, specializationid) VALUES (1170, 2);
INSERT INTO employee (employeeid, first_name, last_name, telephone_number, date_of_employment)VALUES (1171, "Ingeman", "Olofsson", "031-201330", NOW());
INSERT INTO nurse (employeeid) VALUES (1171);
INSERT INTO nurse_specialization(employee_id, specialization_id) VALUES (1171, 3);
INSERT INTO employee (employeeid, first_name, last_name, telephone_number, date_of_employment)VALUES (1172, "Franz", "Bergman", "078-142013", NOW());
INSERT INTO doctor (employeeid) VALUES (1172);
INSERT INTO doctor_specialization(employeeid, specializationid) VALUES (1172, 3);
INSERT INTO employee (employeeid, first_name, last_name, telephone_number, date_of_employment)VALUES (1173, "Connie", "Eliasson", "016-851381", NOW());
INSERT INTO nurse (employeeid) VALUES (1173);
INSERT INTO nurse_specialization(employee_id, specialization_id) VALUES (1173, 12);
INSERT INTO employee (employeeid, first_name, last_name, telephone_number, date_of_employment)VALUES (1174, "Götilda", "Abrahamsson", "075-400841", NOW());
INSERT INTO assistant_nurse (employeeid) VALUES (1174);
INSERT INTO employee (employeeid, first_name, last_name, telephone_number, date_of_employment)VALUES (1175, "Pontus", "Holmgren", "042-830487", NOW());
INSERT INTO doctor (employeeid) VALUES (1175);
INSERT INTO doctor_specialization(employeeid, specializationid) VALUES (1175, 6);
INSERT INTO employee (employeeid, first_name, last_name, telephone_number, date_of_employment)VALUES (1176, "Monique", "Blom", "042-558234", NOW());
INSERT INTO nurse (employeeid) VALUES (1176);

INSERT INTO employee (employeeid, first_name, last_name, telephone_number, date_of_employment)VALUES (1177, "Stella", "Blomqvist", "090-665042", NOW());
INSERT INTO nurse (employeeid) VALUES (1177);
INSERT INTO nurse_specialization(employee_id, specialization_id) VALUES (1177, 15);
INSERT INTO employee (employeeid, first_name, last_name, telephone_number, date_of_employment)VALUES (1178, "Ragnar", "Lindgren", "072-700712", NOW());
INSERT INTO assistant_nurse (employeeid) VALUES (1178);
INSERT INTO employee (employeeid, first_name, last_name, telephone_number, date_of_employment)VALUES (1179, "Ronny", "Ström", "031-254836", NOW());
INSERT INTO nurse (employeeid) VALUES (1179);
INSERT INTO nurse_specialization(employee_id, specialization_id) VALUES (1179, 13);
INSERT INTO employee (employeeid, first_name, last_name, telephone_number, date_of_employment)VALUES (1180, "Sören", "Claesson", "026-853027", NOW());
INSERT INTO assistant_nurse (employeeid) VALUES (1180);
INSERT INTO employee (employeeid, first_name, last_name, telephone_number, date_of_employment)VALUES (1181, "Gunvor", "Holmqvist", "026-037230", NOW());
INSERT INTO assistant_nurse (employeeid) VALUES (1181);
INSERT INTO employee (employeeid, first_name, last_name, telephone_number, date_of_employment)VALUES (1182, "Anton", "Holmgren", "077-116320", NOW());
INSERT INTO nurse (employeeid) VALUES (1182);
INSERT INTO nurse_specialization(employee_id, specialization_id) VALUES (1182, 6);
INSERT INTO employee (employeeid, first_name, last_name, telephone_number, date_of_employment)VALUES (1183, "Agnes", "Andreasson", "077-473774", NOW());
INSERT INTO assistant_nurse (employeeid) VALUES (1183);
INSERT INTO employee (employeeid, first_name, last_name, telephone_number, date_of_employment)VALUES (1184, "Mina", "Lindberg", "042-405831", NOW());
INSERT INTO assistant_nurse (employeeid) VALUES (1184);
INSERT INTO employee (employeeid, first_name, last_name, telephone_number, date_of_employment)VALUES (1185, "Leopold", "Fredriksson", "046-706404", NOW());
INSERT INTO nurse (employeeid) VALUES (1185);
INSERT INTO nurse_specialization(employee_id, specialization_id) VALUES (1185, 4);
INSERT INTO employee (employeeid, first_name, last_name, telephone_number, date_of_employment)VALUES (1186, "Clary", "Lund", "036-581308", NOW());
INSERT INTO nurse (employeeid) VALUES (1186);
INSERT INTO nurse_specialization(employee_id, specialization_id) VALUES (1186, 15);
INSERT INTO employee (employeeid, first_name, last_name, telephone_number, date_of_employment)VALUES (1187, "Tomas", "Lundström", "073-806257", NOW());
INSERT INTO assistant_nurse (employeeid) VALUES (1187);
INSERT INTO employee (employeeid, first_name, last_name, telephone_number, date_of_employment)VALUES (1188, "Helmy", "Berglund", "040-743024", NOW());
INSERT INTO assistant_nurse (employeeid) VALUES (1188);
INSERT INTO employee (employeeid, first_name, last_name, telephone_number, date_of_employment)VALUES (1189, "Ninna", "Holmqvist", "036-484445", NOW());
INSERT INTO nurse (employeeid) VALUES (1189);
INSERT INTO nurse_specialization(employee_id, specialization_id) VALUES (1189, 3);
INSERT INTO employee (employeeid, first_name, last_name, telephone_number, date_of_employment)VALUES (1190, "Gunny", "Hedlund", "075-247345", NOW());
INSERT INTO doctor (employeeid) VALUES (1190);
INSERT INTO doctor_specialization(employeeid, specializationid) VALUES (1190, 6);
INSERT INTO employee (employeeid, first_name, last_name, telephone_number, date_of_employment)VALUES (1191, "Francesco", "Andersson", "078-755557", NOW());
INSERT INTO assistant_nurse (employeeid) VALUES (1191);
INSERT INTO employee (employeeid, first_name, last_name, telephone_number, date_of_employment)VALUES (1192, "Vicky", "Löfgren", "023-275172", NOW());
INSERT INTO assistant_nurse (employeeid) VALUES (1192);
INSERT INTO employee (employeeid, first_name, last_name, telephone_number, date_of_employment)VALUES (1193, "Lill", "Samuelsson", "026-075344", NOW());
INSERT INTO doctor (employeeid) VALUES (1193);
INSERT INTO doctor_specialization(employeeid, specializationid) VALUES (1193, 6);
INSERT INTO employee (employeeid, first_name, last_name, telephone_number, date_of_employment)VALUES (1194, "Elvie", "Engström", "031-438511", NOW());
INSERT INTO assistant_nurse (employeeid) VALUES (1194);
INSERT INTO employee (employeeid, first_name, last_name, telephone_number, date_of_employment)VALUES (1195, "Natanael", "Axelsson", "023-776816", NOW());
INSERT INTO nurse (employeeid) VALUES (1195);
INSERT INTO nurse_specialization(employee_id, specialization_id) VALUES (1195, 8);
INSERT INTO employee (employeeid, first_name, last_name, telephone_number, date_of_employment)VALUES (1196, "Kersti", "Berg", "076-347433", NOW());
INSERT INTO assistant_nurse (employeeid) VALUES (1196);
INSERT INTO employee (employeeid, first_name, last_name, telephone_number, date_of_employment)VALUES (1197, "Rauno", "Ekström", "040-776720", NOW());
INSERT INTO doctor (employeeid) VALUES (1197);

INSERT INTO employee (employeeid, first_name, last_name, telephone_number, date_of_employment)VALUES (1198, "Katja", "Mårtensson", "075-122421", NOW());
INSERT INTO doctor (employeeid) VALUES (1198);
INSERT INTO doctor_specialization(employeeid, specializationid) VALUES (1198, 8);
INSERT INTO employee (employeeid, first_name, last_name, telephone_number, date_of_employment)VALUES (1199, "Torben", "Eliasson", "040-212208", NOW());
INSERT INTO assistant_nurse (employeeid) VALUES (1199);
INSERT INTO employee (employeeid, first_name, last_name, telephone_number, date_of_employment)VALUES (1200, "Berta", "Åberg", "077-153311", NOW());
INSERT INTO nurse (employeeid) VALUES (1200);
INSERT INTO nurse_specialization(employee_id, specialization_id) VALUES (1200, 14);
INSERT INTO employee (employeeid, first_name, last_name, telephone_number, date_of_employment)VALUES (1201, "Esten", "Hellström", "040-231674", NOW());
INSERT INTO assistant_nurse (employeeid) VALUES (1201);
INSERT INTO employee (employeeid, first_name, last_name, telephone_number, date_of_employment)VALUES (1202, "Enar", "Lund", "090-410840", NOW());
INSERT INTO nurse (employeeid) VALUES (1202);
INSERT INTO nurse_specialization(employee_id, specialization_id) VALUES (1202, 15);
INSERT INTO employee (employeeid, first_name, last_name, telephone_number, date_of_employment)VALUES (1203, "Henrietta", "Sundström", "021-111071", NOW());
INSERT INTO doctor (employeeid) VALUES (1203);
INSERT INTO doctor_specialization(employeeid, specializationid) VALUES (1203, 10);
INSERT INTO employee (employeeid, first_name, last_name, telephone_number, date_of_employment)VALUES (1204, "Hampus", "Sundberg", "026-322268", NOW());
INSERT INTO doctor (employeeid) VALUES (1204);

INSERT INTO employee (employeeid, first_name, last_name, telephone_number, date_of_employment)VALUES (1205, "Andras", "Svensson", "060-712538", NOW());
INSERT INTO nurse (employeeid) VALUES (1205);
INSERT INTO nurse_specialization(employee_id, specialization_id) VALUES (1205, 15);
INSERT INTO employee (employeeid, first_name, last_name, telephone_number, date_of_employment)VALUES (1206, "Jenni", "Nordström", "077-558234", NOW());
INSERT INTO nurse (employeeid) VALUES (1206);
INSERT INTO nurse_specialization(employee_id, specialization_id) VALUES (1206, 15);
INSERT INTO employee (employeeid, first_name, last_name, telephone_number, date_of_employment)VALUES (1207, "Magnus", "Ekström", "046-615258", NOW());
INSERT INTO doctor (employeeid) VALUES (1207);
INSERT INTO doctor_specialization(employeeid, specializationid) VALUES (1207, 14);
INSERT INTO employee (employeeid, first_name, last_name, telephone_number, date_of_employment)VALUES (1208, "Francisco", "Sandström", "060-677528", NOW());
INSERT INTO nurse (employeeid) VALUES (1208);
INSERT INTO nurse_specialization(employee_id, specialization_id) VALUES (1208, 7);
INSERT INTO employee (employeeid, first_name, last_name, telephone_number, date_of_employment)VALUES (1209, "Göte", "Andreasson", "011-385583", NOW());
INSERT INTO nurse (employeeid) VALUES (1209);
INSERT INTO nurse_specialization(employee_id, specialization_id) VALUES (1209, 14);
INSERT INTO employee (employeeid, first_name, last_name, telephone_number, date_of_employment)VALUES (1210, "Kirsti", "Ek", "044-578036", NOW());
INSERT INTO doctor (employeeid) VALUES (1210);
INSERT INTO doctor_specialization(employeeid, specializationid) VALUES (1210, 12);
INSERT INTO employee (employeeid, first_name, last_name, telephone_number, date_of_employment)VALUES (1211, "Bertina", "Fransson", "018-872245", NOW());
INSERT INTO doctor (employeeid) VALUES (1211);
INSERT INTO doctor_specialization(employeeid, specializationid) VALUES (1211, 1);
INSERT INTO employee (employeeid, first_name, last_name, telephone_number, date_of_employment)VALUES (1212, "Jacques", "Sundqvist", "031-707860", NOW());
INSERT INTO assistant_nurse (employeeid) VALUES (1212);
INSERT INTO employee (employeeid, first_name, last_name, telephone_number, date_of_employment)VALUES (1213, "Iris", "Jönsson", "046-623252", NOW());
INSERT INTO nurse (employeeid) VALUES (1213);
INSERT INTO nurse_specialization(employee_id, specialization_id) VALUES (1213, 5);
INSERT INTO employee (employeeid, first_name, last_name, telephone_number, date_of_employment)VALUES (1214, "Linda", "Lindgren", "040-736138", NOW());
INSERT INTO doctor (employeeid) VALUES (1214);
INSERT INTO doctor_specialization(employeeid, specializationid) VALUES (1214, 5);
INSERT INTO employee (employeeid, first_name, last_name, telephone_number, date_of_employment)VALUES (1215, "Gabriel", "Jansson", "026-442475", NOW());
INSERT INTO nurse (employeeid) VALUES (1215);

INSERT INTO employee (employeeid, first_name, last_name, telephone_number, date_of_employment)VALUES (1216, "Carlo", "Öberg", "075-042217", NOW());
INSERT INTO doctor (employeeid) VALUES (1216);
INSERT INTO doctor_specialization(employeeid, specializationid) VALUES (1216, 12);
INSERT INTO employee (employeeid, first_name, last_name, telephone_number, date_of_employment)VALUES (1217, "Hilde", "Ekström", "046-211436", NOW());
INSERT INTO nurse (employeeid) VALUES (1217);

INSERT INTO employee (employeeid, first_name, last_name, telephone_number, date_of_employment)VALUES (1218, "Naemi", "Eklund", "046-415417", NOW());
INSERT INTO doctor (employeeid) VALUES (1218);

INSERT INTO employee (employeeid, first_name, last_name, telephone_number, date_of_employment)VALUES (1219, "Dag", "Lundberg", "072-408353", NOW());
INSERT INTO assistant_nurse (employeeid) VALUES (1219);
INSERT INTO employee (employeeid, first_name, last_name, telephone_number, date_of_employment)VALUES (1220, "Alvy", "Johansson", "077-632554", NOW());
INSERT INTO assistant_nurse (employeeid) VALUES (1220);
INSERT INTO employee (employeeid, first_name, last_name, telephone_number, date_of_employment)VALUES (1221, "Liz", "Blomqvist", "046-452076", NOW());
INSERT INTO nurse (employeeid) VALUES (1221);
INSERT INTO nurse_specialization(employee_id, specialization_id) VALUES (1221, 2);
INSERT INTO employee (employeeid, first_name, last_name, telephone_number, date_of_employment)VALUES (1222, "Göran", "Johansson", "033-767243", NOW());
INSERT INTO assistant_nurse (employeeid) VALUES (1222);
INSERT INTO employee (employeeid, first_name, last_name, telephone_number, date_of_employment)VALUES (1223, "Martti", "Fredriksson", "031-462011", NOW());
INSERT INTO assistant_nurse (employeeid) VALUES (1223);
INSERT INTO employee (employeeid, first_name, last_name, telephone_number, date_of_employment)VALUES (1224, "Henrietta", "Månsson", "074-340867", NOW());
INSERT INTO assistant_nurse (employeeid) VALUES (1224);
INSERT INTO employee (employeeid, first_name, last_name, telephone_number, date_of_employment)VALUES (1225, "Lennart", "Gunnarsson", "063-100415", NOW());
INSERT INTO doctor (employeeid) VALUES (1225);

INSERT INTO employee (employeeid, first_name, last_name, telephone_number, date_of_employment)VALUES (1226, "Fatima", "Lind", "046-617616", NOW());
INSERT INTO assistant_nurse (employeeid) VALUES (1226);
INSERT INTO employee (employeeid, first_name, last_name, telephone_number, date_of_employment)VALUES (1227, "Grete", "Ström", "076-263077", NOW());
INSERT INTO doctor (employeeid) VALUES (1227);
INSERT INTO doctor_specialization(employeeid, specializationid) VALUES (1227, 4);
INSERT INTO employee (employeeid, first_name, last_name, telephone_number, date_of_employment)VALUES (1228, "Franco", "Lundström", "077-770778", NOW());
INSERT INTO assistant_nurse (employeeid) VALUES (1228);
INSERT INTO employee (employeeid, first_name, last_name, telephone_number, date_of_employment)VALUES (1229, "Mirjam", "Lundgren", "076-482862", NOW());
INSERT INTO nurse (employeeid) VALUES (1229);
INSERT INTO nurse_specialization(employee_id, specialization_id) VALUES (1229, 11);
INSERT INTO employee (employeeid, first_name, last_name, telephone_number, date_of_employment)VALUES (1230, "Evelina", "Jonasson", "023-435111", NOW());
INSERT INTO assistant_nurse (employeeid) VALUES (1230);
INSERT INTO employee (employeeid, first_name, last_name, telephone_number, date_of_employment)VALUES (1231, "Age", "Åkesson", "019-868753", NOW());
INSERT INTO nurse (employeeid) VALUES (1231);
INSERT INTO nurse_specialization(employee_id, specialization_id) VALUES (1231, 8);
INSERT INTO employee (employeeid, first_name, last_name, telephone_number, date_of_employment)VALUES (1232, "Katrin", "Pålsson", "060-252864", NOW());
INSERT INTO assistant_nurse (employeeid) VALUES (1232);
INSERT INTO employee (employeeid, first_name, last_name, telephone_number, date_of_employment)VALUES (1233, "Henry", "Öberg", "021-117145", NOW());
INSERT INTO doctor (employeeid) VALUES (1233);

INSERT INTO employee (employeeid, first_name, last_name, telephone_number, date_of_employment)VALUES (1234, "Michelle", "Samuelsson", "090-630084", NOW());
INSERT INTO doctor (employeeid) VALUES (1234);
INSERT INTO doctor_specialization(employeeid, specializationid) VALUES (1234, 4);
INSERT INTO employee (employeeid, first_name, last_name, telephone_number, date_of_employment)VALUES (1235, "Kirsti", "Persson", "044-022086", NOW());
INSERT INTO nurse (employeeid) VALUES (1235);

INSERT INTO employee (employeeid, first_name, last_name, telephone_number, date_of_employment)VALUES (1236, "Kathy", "Jönsson", "077-021811", NOW());
INSERT INTO assistant_nurse (employeeid) VALUES (1236);
INSERT INTO employee (employeeid, first_name, last_name, telephone_number, date_of_employment)VALUES (1237, "Freddie", "Fredriksson", "046-580251", NOW());
INSERT INTO nurse (employeeid) VALUES (1237);
INSERT INTO nurse_specialization(employee_id, specialization_id) VALUES (1237, 11);
INSERT INTO employee (employeeid, first_name, last_name, telephone_number, date_of_employment)VALUES (1238, "Juhani", "Mattsson", "011-774771", NOW());
INSERT INTO nurse (employeeid) VALUES (1238);
INSERT INTO nurse_specialization(employee_id, specialization_id) VALUES (1238, 5);
INSERT INTO employee (employeeid, first_name, last_name, telephone_number, date_of_employment)VALUES (1239, "Lago", "Hansson", "040-416470", NOW());
INSERT INTO nurse (employeeid) VALUES (1239);
INSERT INTO nurse_specialization(employee_id, specialization_id) VALUES (1239, 6);
INSERT INTO employee (employeeid, first_name, last_name, telephone_number, date_of_employment)VALUES (1240, "Iren", "Sjöberg", "042-263476", NOW());
INSERT INTO nurse (employeeid) VALUES (1240);
INSERT INTO nurse_specialization(employee_id, specialization_id) VALUES (1240, 5);
INSERT INTO employee (employeeid, first_name, last_name, telephone_number, date_of_employment)VALUES (1241, "Agata", "Sundqvist", "076-748662", NOW());
INSERT INTO nurse (employeeid) VALUES (1241);
INSERT INTO nurse_specialization(employee_id, specialization_id) VALUES (1241, 15);
INSERT INTO employee (employeeid, first_name, last_name, telephone_number, date_of_employment)VALUES (1242, "Sanna", "Nyberg", "035-073241", NOW());
INSERT INTO assistant_nurse (employeeid) VALUES (1242);
INSERT INTO employee (employeeid, first_name, last_name, telephone_number, date_of_employment)VALUES (1243, "Ragnvald", "Abrahamsson", "070-762314", NOW());
INSERT INTO nurse (employeeid) VALUES (1243);

INSERT INTO employee (employeeid, first_name, last_name, telephone_number, date_of_employment)VALUES (1244, "Marina", "Lindberg", "040-806771", NOW());
INSERT INTO assistant_nurse (employeeid) VALUES (1244);
INSERT INTO employee (employeeid, first_name, last_name, telephone_number, date_of_employment)VALUES (1245, "Gösta", "Lindgren", "044-334828", NOW());
INSERT INTO assistant_nurse (employeeid) VALUES (1245);
INSERT INTO employee (employeeid, first_name, last_name, telephone_number, date_of_employment)VALUES (1246, "Heikki", "Bengtsson", "073-715420", NOW());
INSERT INTO doctor (employeeid) VALUES (1246);
INSERT INTO doctor_specialization(employeeid, specializationid) VALUES (1246, 5);
INSERT INTO employee (employeeid, first_name, last_name, telephone_number, date_of_employment)VALUES (1247, "Helvig", "Hansson", "044-284786", NOW());
INSERT INTO doctor (employeeid) VALUES (1247);

INSERT INTO employee (employeeid, first_name, last_name, telephone_number, date_of_employment)VALUES (1248, "Karl", "Berg", "031-860432", NOW());
INSERT INTO assistant_nurse (employeeid) VALUES (1248);
INSERT INTO employee (employeeid, first_name, last_name, telephone_number, date_of_employment)VALUES (1249, "Irmeli", "Jakobsson", "011-066638", NOW());
INSERT INTO assistant_nurse (employeeid) VALUES (1249);
INSERT INTO employee (employeeid, first_name, last_name, telephone_number, date_of_employment)VALUES (1250, "Marlene", "Jonsson", "019-267254", NOW());
INSERT INTO doctor (employeeid) VALUES (1250);
INSERT INTO doctor_specialization(employeeid, specializationid) VALUES (1250, 10);
INSERT INTO employee (employeeid, first_name, last_name, telephone_number, date_of_employment)VALUES (1251, "Immanuel", "Sundström", "090-604357", NOW());
INSERT INTO nurse (employeeid) VALUES (1251);
INSERT INTO nurse_specialization(employee_id, specialization_id) VALUES (1251, 11);
INSERT INTO employee (employeeid, first_name, last_name, telephone_number, date_of_employment)VALUES (1252, "Gerhard", "Lind", "060-823350", NOW());
INSERT INTO nurse (employeeid) VALUES (1252);
INSERT INTO nurse_specialization(employee_id, specialization_id) VALUES (1252, 4);
INSERT INTO employee (employeeid, first_name, last_name, telephone_number, date_of_employment)VALUES (1253, "William", "Eklund", "060-461784", NOW());
INSERT INTO assistant_nurse (employeeid) VALUES (1253);
INSERT INTO employee (employeeid, first_name, last_name, telephone_number, date_of_employment)VALUES (1254, "Lissie", "Engström", "040-636113", NOW());
INSERT INTO nurse (employeeid) VALUES (1254);

INSERT INTO employee (employeeid, first_name, last_name, telephone_number, date_of_employment)VALUES (1255, "Lorentz", "Fransson", "011-707860", NOW());
INSERT INTO assistant_nurse (employeeid) VALUES (1255);
INSERT INTO employee (employeeid, first_name, last_name, telephone_number, date_of_employment)VALUES (1256, "Berthold", "Lundin", "074-500514", NOW());
INSERT INTO assistant_nurse (employeeid) VALUES (1256);
INSERT INTO employee (employeeid, first_name, last_name, telephone_number, date_of_employment)VALUES (1257, "Herbert", "Nyström", "018-648846", NOW());
INSERT INTO doctor (employeeid) VALUES (1257);
INSERT INTO doctor_specialization(employeeid, specializationid) VALUES (1257, 2);
INSERT INTO employee (employeeid, first_name, last_name, telephone_number, date_of_employment)VALUES (1258, "Malte", "Jönsson", "044-422351", NOW());
INSERT INTO doctor (employeeid) VALUES (1258);
INSERT INTO doctor_specialization(employeeid, specializationid) VALUES (1258, 6);
INSERT INTO employee (employeeid, first_name, last_name, telephone_number, date_of_employment)VALUES (1259, "Morgan", "Wikström", "073-222425", NOW());
INSERT INTO nurse (employeeid) VALUES (1259);

INSERT INTO employee (employeeid, first_name, last_name, telephone_number, date_of_employment)VALUES (1260, "Nisse", "Lindgren", "018-528316", NOW());
INSERT INTO assistant_nurse (employeeid) VALUES (1260);
INSERT INTO employee (employeeid, first_name, last_name, telephone_number, date_of_employment)VALUES (1261, "Linnea", "Blomqvist", "073-555517", NOW());
INSERT INTO assistant_nurse (employeeid) VALUES (1261);
INSERT INTO employee (employeeid, first_name, last_name, telephone_number, date_of_employment)VALUES (1262, "Inkeri", "Lindberg", "031-632554", NOW());
INSERT INTO nurse (employeeid) VALUES (1262);

INSERT INTO employee (employeeid, first_name, last_name, telephone_number, date_of_employment)VALUES (1263, "Inez", "Gustafsson", "040-245814", NOW());
INSERT INTO nurse (employeeid) VALUES (1263);

INSERT INTO employee (employeeid, first_name, last_name, telephone_number, date_of_employment)VALUES (1264, "Set", "Viklund", "026-385182", NOW());
INSERT INTO doctor (employeeid) VALUES (1264);
INSERT INTO doctor_specialization(employeeid, specializationid) VALUES (1264, 9);
INSERT INTO employee (employeeid, first_name, last_name, telephone_number, date_of_employment)VALUES (1265, "Gullie", "Eriksson", "077-178234", NOW());
INSERT INTO assistant_nurse (employeeid) VALUES (1265);
INSERT INTO employee (employeeid, first_name, last_name, telephone_number, date_of_employment)VALUES (1266, "Josef", "Lund", "023-508027", NOW());
INSERT INTO assistant_nurse (employeeid) VALUES (1266);
INSERT INTO employee (employeeid, first_name, last_name, telephone_number, date_of_employment)VALUES (1267, "Arvid", "Mårtensson", "070-213076", NOW());
INSERT INTO assistant_nurse (employeeid) VALUES (1267);
INSERT INTO employee (employeeid, first_name, last_name, telephone_number, date_of_employment)VALUES (1268, "Martina", "Månsson", "046-580610", NOW());
INSERT INTO assistant_nurse (employeeid) VALUES (1268);
INSERT INTO employee (employeeid, first_name, last_name, telephone_number, date_of_employment)VALUES (1269, "Enar", "Gunnarsson", "033-334888", NOW());
INSERT INTO doctor (employeeid) VALUES (1269);

INSERT INTO employee (employeeid, first_name, last_name, telephone_number, date_of_employment)VALUES (1270, "Erika", "Hellström", "075-517671", NOW());
INSERT INTO assistant_nurse (employeeid) VALUES (1270);
INSERT INTO employee (employeeid, first_name, last_name, telephone_number, date_of_employment)VALUES (1271, "Berna", "Bengtsson", "073-146041", NOW());
INSERT INTO doctor (employeeid) VALUES (1271);
INSERT INTO doctor_specialization(employeeid, specializationid) VALUES (1271, 6);
INSERT INTO employee (employeeid, first_name, last_name, telephone_number, date_of_employment)VALUES (1272, "Christiane", "Svensson", "026-081871", NOW());
INSERT INTO assistant_nurse (employeeid) VALUES (1272);
INSERT INTO employee (employeeid, first_name, last_name, telephone_number, date_of_employment)VALUES (1273, "Ritva", "Lindström", "072-451340", NOW());
INSERT INTO nurse (employeeid) VALUES (1273);
INSERT INTO nurse_specialization(employee_id, specialization_id) VALUES (1273, 14);
INSERT INTO employee (employeeid, first_name, last_name, telephone_number, date_of_employment)VALUES (1274, "Cissi", "Jonasson", "090-533210", NOW());
INSERT INTO assistant_nurse (employeeid) VALUES (1274);
INSERT INTO employee (employeeid, first_name, last_name, telephone_number, date_of_employment)VALUES (1275, "Rainer", "Pettersson", "011-887658", NOW());
INSERT INTO doctor (employeeid) VALUES (1275);
INSERT INTO doctor_specialization(employeeid, specializationid) VALUES (1275, 4);
INSERT INTO employee (employeeid, first_name, last_name, telephone_number, date_of_employment)VALUES (1276, "Belinda", "Jönsson", "078-471217", NOW());
INSERT INTO nurse (employeeid) VALUES (1276);
INSERT INTO nurse_specialization(employee_id, specialization_id) VALUES (1276, 12);
INSERT INTO employee (employeeid, first_name, last_name, telephone_number, date_of_employment)VALUES (1277, "Tyko", "Isaksson", "031-427728", NOW());
INSERT INTO nurse (employeeid) VALUES (1277);
INSERT INTO nurse_specialization(employee_id, specialization_id) VALUES (1277, 1);
INSERT INTO employee (employeeid, first_name, last_name, telephone_number, date_of_employment)VALUES (1278, "Gösta", "Sundberg", "078-711380", NOW());
INSERT INTO assistant_nurse (employeeid) VALUES (1278);
INSERT INTO employee (employeeid, first_name, last_name, telephone_number, date_of_employment)VALUES (1279, "Jennifer", "Holm", "016-211436", NOW());
INSERT INTO assistant_nurse (employeeid) VALUES (1279);
INSERT INTO employee (employeeid, first_name, last_name, telephone_number, date_of_employment)VALUES (1280, "Valter", "Engström", "073-241551", NOW());
INSERT INTO assistant_nurse (employeeid) VALUES (1280);
INSERT INTO employee (employeeid, first_name, last_name, telephone_number, date_of_employment)VALUES (1281, "Alvy", "Jönsson", "019-787170", NOW());
INSERT INTO assistant_nurse (employeeid) VALUES (1281);
INSERT INTO employee (employeeid, first_name, last_name, telephone_number, date_of_employment)VALUES (1282, "Diana", "Sundqvist", "076-142013", NOW());
INSERT INTO nurse (employeeid) VALUES (1282);
INSERT INTO nurse_specialization(employee_id, specialization_id) VALUES (1282, 14);
INSERT INTO employee (employeeid, first_name, last_name, telephone_number, date_of_employment)VALUES (1283, "Tommie", "Olofsson", "060-177703", NOW());
INSERT INTO nurse (employeeid) VALUES (1283);
INSERT INTO nurse_specialization(employee_id, specialization_id) VALUES (1283, 14);
INSERT INTO employee (employeeid, first_name, last_name, telephone_number, date_of_employment)VALUES (1284, "Andras", "Martinsson", "026-868566", NOW());
INSERT INTO nurse (employeeid) VALUES (1284);
INSERT INTO nurse_specialization(employee_id, specialization_id) VALUES (1284, 16);
INSERT INTO employee (employeeid, first_name, last_name, telephone_number, date_of_employment)VALUES (1285, "Gullie", "Lundin", "075-617117", NOW());
INSERT INTO assistant_nurse (employeeid) VALUES (1285);
INSERT INTO employee (employeeid, first_name, last_name, telephone_number, date_of_employment)VALUES (1286, "Sixten", "Persson", "073-735686", NOW());
INSERT INTO nurse (employeeid) VALUES (1286);
INSERT INTO nurse_specialization(employee_id, specialization_id) VALUES (1286, 6);
INSERT INTO employee (employeeid, first_name, last_name, telephone_number, date_of_employment)VALUES (1287, "Arndt", "Löfgren", "042-116562", NOW());
INSERT INTO assistant_nurse (employeeid) VALUES (1287);
INSERT INTO employee (employeeid, first_name, last_name, telephone_number, date_of_employment)VALUES (1288, "Alma", "Berggren", "090-636134", NOW());
INSERT INTO nurse (employeeid) VALUES (1288);

INSERT INTO employee (employeeid, first_name, last_name, telephone_number, date_of_employment)VALUES (1289, "Alvina", "Mårtensson", "044-002878", NOW());
INSERT INTO doctor (employeeid) VALUES (1289);

INSERT INTO employee (employeeid, first_name, last_name, telephone_number, date_of_employment)VALUES (1290, "Paulus", "Nordin", "073-342882", NOW());
INSERT INTO assistant_nurse (employeeid) VALUES (1290);
INSERT INTO employee (employeeid, first_name, last_name, telephone_number, date_of_employment)VALUES (1291, "Gertie", "Nordin", "031-661862", NOW());
INSERT INTO assistant_nurse (employeeid) VALUES (1291);
INSERT INTO employee (employeeid, first_name, last_name, telephone_number, date_of_employment)VALUES (1292, "Johannes", "Holmqvist", "076-661831", NOW());
INSERT INTO doctor (employeeid) VALUES (1292);
INSERT INTO doctor_specialization(employeeid, specializationid) VALUES (1292, 13);
INSERT INTO employee (employeeid, first_name, last_name, telephone_number, date_of_employment)VALUES (1293, "Bartolomeus", "Svensson", "076-161547", NOW());
INSERT INTO assistant_nurse (employeeid) VALUES (1293);
INSERT INTO employee (employeeid, first_name, last_name, telephone_number, date_of_employment)VALUES (1294, "Franklin", "Månsson", "036-162460", NOW());
INSERT INTO assistant_nurse (employeeid) VALUES (1294);
INSERT INTO employee (employeeid, first_name, last_name, telephone_number, date_of_employment)VALUES (1295, "Esko", "Mårtensson", "076-053727", NOW());
INSERT INTO assistant_nurse (employeeid) VALUES (1295);
INSERT INTO employee (employeeid, first_name, last_name, telephone_number, date_of_employment)VALUES (1296, "Giovanni", "Lundberg", "074-625506", NOW());
INSERT INTO assistant_nurse (employeeid) VALUES (1296);
INSERT INTO employee (employeeid, first_name, last_name, telephone_number, date_of_employment)VALUES (1297, "Sverker", "Holmgren", "023-347433", NOW());
INSERT INTO assistant_nurse (employeeid) VALUES (1297);
INSERT INTO employee (employeeid, first_name, last_name, telephone_number, date_of_employment)VALUES (1298, "Gunnel", "Lund", "044-677528", NOW());
INSERT INTO nurse (employeeid) VALUES (1298);
INSERT INTO nurse_specialization(employee_id, specialization_id) VALUES (1298, 14);
INSERT INTO employee (employeeid, first_name, last_name, telephone_number, date_of_employment)VALUES (1299, "Erland", "Lund", "011-262315", NOW());
INSERT INTO doctor (employeeid) VALUES (1299);

INSERT INTO employee (employeeid, first_name, last_name, telephone_number, date_of_employment)VALUES (1300, "Kerttu", "Wikström", "076-520555", NOW());
INSERT INTO assistant_nurse (employeeid) VALUES (1300);
INSERT INTO employee (employeeid, first_name, last_name, telephone_number, date_of_employment)VALUES (1301, "Giovanni", "Andersson", "044-720541", NOW());
INSERT INTO doctor (employeeid) VALUES (1301);
INSERT INTO doctor_specialization(employeeid, specializationid) VALUES (1301, 10);
INSERT INTO employee (employeeid, first_name, last_name, telephone_number, date_of_employment)VALUES (1302, "Inga", "Olsson", "078-660423", NOW());
INSERT INTO assistant_nurse (employeeid) VALUES (1302);
INSERT INTO employee (employeeid, first_name, last_name, telephone_number, date_of_employment)VALUES (1303, "Kerstin", "Lind", "033-084856", NOW());
INSERT INTO doctor (employeeid) VALUES (1303);
INSERT INTO doctor_specialization(employeeid, specializationid) VALUES (1303, 2);
INSERT INTO employee (employeeid, first_name, last_name, telephone_number, date_of_employment)VALUES (1304, "Antero", "Eliasson", "033-656077", NOW());
INSERT INTO nurse (employeeid) VALUES (1304);
INSERT INTO nurse_specialization(employee_id, specialization_id) VALUES (1304, 11);
INSERT INTO employee (employeeid, first_name, last_name, telephone_number, date_of_employment)VALUES (1305, "Signar", "Gustafsson", "033-506623", NOW());
INSERT INTO assistant_nurse (employeeid) VALUES (1305);
INSERT INTO employee (employeeid, first_name, last_name, telephone_number, date_of_employment)VALUES (1306, "Margareta", "Lindström", "018-581140", NOW());
INSERT INTO assistant_nurse (employeeid) VALUES (1306);
INSERT INTO employee (employeeid, first_name, last_name, telephone_number, date_of_employment)VALUES (1307, "Filippa", "Henriksson", "019-373237", NOW());
INSERT INTO assistant_nurse (employeeid) VALUES (1307);
INSERT INTO employee (employeeid, first_name, last_name, telephone_number, date_of_employment)VALUES (1308, "Hakvin", "Åberg", "031-086275", NOW());
INSERT INTO nurse (employeeid) VALUES (1308);

INSERT INTO employee (employeeid, first_name, last_name, telephone_number, date_of_employment)VALUES (1309, "Elias", "Fredriksson", "090-823864", NOW());
INSERT INTO nurse (employeeid) VALUES (1309);
INSERT INTO nurse_specialization(employee_id, specialization_id) VALUES (1309, 14);
INSERT INTO employee (employeeid, first_name, last_name, telephone_number, date_of_employment)VALUES (1310, "Tommie", "Eriksson", "026-177578", NOW());
INSERT INTO doctor (employeeid) VALUES (1310);

INSERT INTO employee (employeeid, first_name, last_name, telephone_number, date_of_employment)VALUES (1311, "Marlen", "Lindqvist", "011-678766", NOW());
INSERT INTO nurse (employeeid) VALUES (1311);

INSERT INTO employee (employeeid, first_name, last_name, telephone_number, date_of_employment)VALUES (1312, "Amanda", "Martinsson", "016-604158", NOW());
INSERT INTO nurse (employeeid) VALUES (1312);
INSERT INTO nurse_specialization(employee_id, specialization_id) VALUES (1312, 16);
INSERT INTO employee (employeeid, first_name, last_name, telephone_number, date_of_employment)VALUES (1313, "Alarik", "Ström", "063-304761", NOW());
INSERT INTO doctor (employeeid) VALUES (1313);
INSERT INTO doctor_specialization(employeeid, specializationid) VALUES (1313, 15);
INSERT INTO employee (employeeid, first_name, last_name, telephone_number, date_of_employment)VALUES (1314, "Jimi", "Gunnarsson", "046-504870", NOW());
INSERT INTO assistant_nurse (employeeid) VALUES (1314);
INSERT INTO employee (employeeid, first_name, last_name, telephone_number, date_of_employment)VALUES (1315, "Gunnel", "Wallin", "036-856284", NOW());
INSERT INTO doctor (employeeid) VALUES (1315);
INSERT INTO doctor_specialization(employeeid, specializationid) VALUES (1315, 14);
INSERT INTO employee (employeeid, first_name, last_name, telephone_number, date_of_employment)VALUES (1316, "Jenny", "Sundström", "075-251067", NOW());
INSERT INTO assistant_nurse (employeeid) VALUES (1316);
INSERT INTO employee (employeeid, first_name, last_name, telephone_number, date_of_employment)VALUES (1317, "Edvin", "Berglund", "042-113176", NOW());
INSERT INTO doctor (employeeid) VALUES (1317);
INSERT INTO doctor_specialization(employeeid, specializationid) VALUES (1317, 1);
INSERT INTO employee (employeeid, first_name, last_name, telephone_number, date_of_employment)VALUES (1318, "Michelle", "Wallin", "018-786664", NOW());
INSERT INTO nurse (employeeid) VALUES (1318);
INSERT INTO nurse_specialization(employee_id, specialization_id) VALUES (1318, 10);
INSERT INTO employee (employeeid, first_name, last_name, telephone_number, date_of_employment)VALUES (1319, "Ulla", "Öberg", "040-561506", NOW());
INSERT INTO assistant_nurse (employeeid) VALUES (1319);
INSERT INTO employee (employeeid, first_name, last_name, telephone_number, date_of_employment)VALUES (1320, "Liv", "Gustafsson", "090-602615", NOW());
INSERT INTO nurse (employeeid) VALUES (1320);
INSERT INTO nurse_specialization(employee_id, specialization_id) VALUES (1320, 1);
INSERT INTO employee (employeeid, first_name, last_name, telephone_number, date_of_employment)VALUES (1321, "Lena", "Ström", "040-877201", NOW());
INSERT INTO nurse (employeeid) VALUES (1321);
INSERT INTO nurse_specialization(employee_id, specialization_id) VALUES (1321, 6);
INSERT INTO employee (employeeid, first_name, last_name, telephone_number, date_of_employment)VALUES (1322, "Sebastian", "Danielsson", "044-807586", NOW());
INSERT INTO doctor (employeeid) VALUES (1322);
INSERT INTO doctor_specialization(employeeid, specializationid) VALUES (1322, 15);
INSERT INTO employee (employeeid, first_name, last_name, telephone_number, date_of_employment)VALUES (1323, "Elvie", "Andreasson", "063-248385", NOW());
INSERT INTO nurse (employeeid) VALUES (1323);

INSERT INTO employee (employeeid, first_name, last_name, telephone_number, date_of_employment)VALUES (1324, "Paulina", "Mårtensson", "074-463426", NOW());
INSERT INTO doctor (employeeid) VALUES (1324);
INSERT INTO doctor_specialization(employeeid, specializationid) VALUES (1324, 4);
INSERT INTO employee (employeeid, first_name, last_name, telephone_number, date_of_employment)VALUES (1325, "Märet", "Åström", "044-077747", NOW());
INSERT INTO assistant_nurse (employeeid) VALUES (1325);
INSERT INTO employee (employeeid, first_name, last_name, telephone_number, date_of_employment)VALUES (1326, "Vanja", "Pettersson", "016-135414", NOW());
INSERT INTO nurse (employeeid) VALUES (1326);

INSERT INTO employee (employeeid, first_name, last_name, telephone_number, date_of_employment)VALUES (1327, "Vendela", "Hedlund", "046-327788", NOW());
INSERT INTO doctor (employeeid) VALUES (1327);

INSERT INTO employee (employeeid, first_name, last_name, telephone_number, date_of_employment)VALUES (1328, "Petronella", "Lundström", "019-512687", NOW());
INSERT INTO nurse (employeeid) VALUES (1328);

INSERT INTO employee (employeeid, first_name, last_name, telephone_number, date_of_employment)VALUES (1329, "Teodor", "Blom", "060-431570", NOW());
INSERT INTO assistant_nurse (employeeid) VALUES (1329);
INSERT INTO employee (employeeid, first_name, last_name, telephone_number, date_of_employment)VALUES (1330, "Konstantin", "Andreasson", "076-884711", NOW());
INSERT INTO nurse (employeeid) VALUES (1330);

INSERT INTO employee (employeeid, first_name, last_name, telephone_number, date_of_employment)VALUES (1331, "Torun", "Öberg", "035-474113", NOW());
INSERT INTO nurse (employeeid) VALUES (1331);

INSERT INTO employee (employeeid, first_name, last_name, telephone_number, date_of_employment)VALUES (1332, "Johnnie", "Holmqvist", "077-462320", NOW());
INSERT INTO assistant_nurse (employeeid) VALUES (1332);
INSERT INTO employee (employeeid, first_name, last_name, telephone_number, date_of_employment)VALUES (1333, "Rosi", "Bengtsson", "070-215202", NOW());
INSERT INTO nurse (employeeid) VALUES (1333);
INSERT INTO nurse_specialization(employee_id, specialization_id) VALUES (1333, 12);
INSERT INTO employee (employeeid, first_name, last_name, telephone_number, date_of_employment)VALUES (1334, "Karolin", "Ekström", "011-451084", NOW());
INSERT INTO assistant_nurse (employeeid) VALUES (1334);
INSERT INTO employee (employeeid, first_name, last_name, telephone_number, date_of_employment)VALUES (1335, "Erhard", "Berggren", "021-084588", NOW());
INSERT INTO nurse (employeeid) VALUES (1335);
INSERT INTO nurse_specialization(employee_id, specialization_id) VALUES (1335, 12);
INSERT INTO employee (employeeid, first_name, last_name, telephone_number, date_of_employment)VALUES (1336, "Helen", "Holmgren", "090-327301", NOW());
INSERT INTO assistant_nurse (employeeid) VALUES (1336);
INSERT INTO employee (employeeid, first_name, last_name, telephone_number, date_of_employment)VALUES (1337, "Roger", "Sundberg", "042-115510", NOW());
INSERT INTO doctor (employeeid) VALUES (1337);
INSERT INTO doctor_specialization(employeeid, specializationid) VALUES (1337, 2);
INSERT INTO employee (employeeid, first_name, last_name, telephone_number, date_of_employment)VALUES (1338, "Artur", "Sundström", "036-678333", NOW());
INSERT INTO doctor (employeeid) VALUES (1338);

INSERT INTO employee (employeeid, first_name, last_name, telephone_number, date_of_employment)VALUES (1339, "Merit", "Karlsson", "072-777025", NOW());
INSERT INTO nurse (employeeid) VALUES (1339);
INSERT INTO nurse_specialization(employee_id, specialization_id) VALUES (1339, 4);
INSERT INTO employee (employeeid, first_name, last_name, telephone_number, date_of_employment)VALUES (1340, "Franz", "Engström", "076-470375", NOW());
INSERT INTO assistant_nurse (employeeid) VALUES (1340);
INSERT INTO employee (employeeid, first_name, last_name, telephone_number, date_of_employment)VALUES (1341, "Agne", "Nyström", "063-726108", NOW());
INSERT INTO assistant_nurse (employeeid) VALUES (1341);
INSERT INTO employee (employeeid, first_name, last_name, telephone_number, date_of_employment)VALUES (1342, "Olaus", "Pettersson", "040-150456", NOW());
INSERT INTO nurse (employeeid) VALUES (1342);

INSERT INTO employee (employeeid, first_name, last_name, telephone_number, date_of_employment)VALUES (1343, "Martti", "Svensson", "046-188826", NOW());
INSERT INTO doctor (employeeid) VALUES (1343);
INSERT INTO doctor_specialization(employeeid, specializationid) VALUES (1343, 7);
INSERT INTO employee (employeeid, first_name, last_name, telephone_number, date_of_employment)VALUES (1344, "Lago", "Jonsson", "011-555517", NOW());
INSERT INTO doctor (employeeid) VALUES (1344);
INSERT INTO doctor_specialization(employeeid, specializationid) VALUES (1344, 3);
INSERT INTO employee (employeeid, first_name, last_name, telephone_number, date_of_employment)VALUES (1345, "Lovisa", "Nordin", "018-870018", NOW());
INSERT INTO assistant_nurse (employeeid) VALUES (1345);
INSERT INTO employee (employeeid, first_name, last_name, telephone_number, date_of_employment)VALUES (1346, "Tor", "Gunnarsson", "033-685224", NOW());
INSERT INTO nurse (employeeid) VALUES (1346);
INSERT INTO nurse_specialization(employee_id, specialization_id) VALUES (1346, 11);
INSERT INTO employee (employeeid, first_name, last_name, telephone_number, date_of_employment)VALUES (1347, "Evy", "Sjöberg", "076-135153", NOW());
INSERT INTO nurse (employeeid) VALUES (1347);

INSERT INTO employee (employeeid, first_name, last_name, telephone_number, date_of_employment)VALUES (1348, "Kasten", "Fredriksson", "042-773208", NOW());
INSERT INTO assistant_nurse (employeeid) VALUES (1348);
INSERT INTO employee (employeeid, first_name, last_name, telephone_number, date_of_employment)VALUES (1349, "Antonia", "Andersson", "078-150085", NOW());
INSERT INTO doctor (employeeid) VALUES (1349);
INSERT INTO doctor_specialization(employeeid, specializationid) VALUES (1349, 8);
INSERT INTO employee (employeeid, first_name, last_name, telephone_number, date_of_employment)VALUES (1350, "Robin", "Holmgren", "035-340867", NOW());
INSERT INTO assistant_nurse (employeeid) VALUES (1350);
INSERT INTO employee (employeeid, first_name, last_name, telephone_number, date_of_employment)VALUES (1351, "Betsy", "Holm", "011-143158", NOW());
INSERT INTO doctor (employeeid) VALUES (1351);
INSERT INTO doctor_specialization(employeeid, specializationid) VALUES (1351, 15);
INSERT INTO employee (employeeid, first_name, last_name, telephone_number, date_of_employment)VALUES (1352, "Francesco", "Lindgren", "033-732221", NOW());
INSERT INTO assistant_nurse (employeeid) VALUES (1352);
INSERT INTO employee (employeeid, first_name, last_name, telephone_number, date_of_employment)VALUES (1353, "Marlene", "Ekström", "033-665780", NOW());
INSERT INTO assistant_nurse (employeeid) VALUES (1353);
INSERT INTO employee (employeeid, first_name, last_name, telephone_number, date_of_employment)VALUES (1354, "Algot", "Lundgren", "042-081871", NOW());
INSERT INTO nurse (employeeid) VALUES (1354);
INSERT INTO nurse_specialization(employee_id, specialization_id) VALUES (1354, 15);
INSERT INTO employee (employeeid, first_name, last_name, telephone_number, date_of_employment)VALUES (1355, "Bernt", "Hansson", "035-537810", NOW());
INSERT INTO doctor (employeeid) VALUES (1355);
INSERT INTO doctor_specialization(employeeid, specializationid) VALUES (1355, 2);
INSERT INTO employee (employeeid, first_name, last_name, telephone_number, date_of_employment)VALUES (1356, "Peggy", "Sundberg", "016-724480", NOW());
INSERT INTO assistant_nurse (employeeid) VALUES (1356);
INSERT INTO employee (employeeid, first_name, last_name, telephone_number, date_of_employment)VALUES (1357, "Magda", "Samuelsson", "036-610203", NOW());
INSERT INTO doctor (employeeid) VALUES (1357);
INSERT INTO doctor_specialization(employeeid, specializationid) VALUES (1357, 15);
INSERT INTO employee (employeeid, first_name, last_name, telephone_number, date_of_employment)VALUES (1358, "Lottie", "Lundqvist", "036-880100", NOW());
INSERT INTO assistant_nurse (employeeid) VALUES (1358);
INSERT INTO employee (employeeid, first_name, last_name, telephone_number, date_of_employment)VALUES (1359, "Holmfrid", "Lindholm", "075-771102", NOW());
INSERT INTO nurse (employeeid) VALUES (1359);
INSERT INTO nurse_specialization(employee_id, specialization_id) VALUES (1359, 3);
INSERT INTO employee (employeeid, first_name, last_name, telephone_number, date_of_employment)VALUES (1360, "Silva", "Löfgren", "063-408343", NOW());
INSERT INTO doctor (employeeid) VALUES (1360);
INSERT INTO doctor_specialization(employeeid, specializationid) VALUES (1360, 13);
INSERT INTO employee (employeeid, first_name, last_name, telephone_number, date_of_employment)VALUES (1361, "Henriette", "Sundberg", "074-010834", NOW());
INSERT INTO assistant_nurse (employeeid) VALUES (1361);
INSERT INTO employee (employeeid, first_name, last_name, telephone_number, date_of_employment)VALUES (1362, "Teodora", "Månsson", "063-076817", NOW());
INSERT INTO nurse (employeeid) VALUES (1362);
INSERT INTO nurse_specialization(employee_id, specialization_id) VALUES (1362, 7);
INSERT INTO employee (employeeid, first_name, last_name, telephone_number, date_of_employment)VALUES (1363, "Karin", "Nilsson", "042-608544", NOW());
INSERT INTO assistant_nurse (employeeid) VALUES (1363);
INSERT INTO employee (employeeid, first_name, last_name, telephone_number, date_of_employment)VALUES (1364, "Laurina", "Lundin", "044-704514", NOW());
INSERT INTO assistant_nurse (employeeid) VALUES (1364);
INSERT INTO employee (employeeid, first_name, last_name, telephone_number, date_of_employment)VALUES (1365, "Sone", "Berggren", "090-773573", NOW());
INSERT INTO assistant_nurse (employeeid) VALUES (1365);
INSERT INTO employee (employeeid, first_name, last_name, telephone_number, date_of_employment)VALUES (1366, "Einar", "Jakobsson", "011-487003", NOW());
INSERT INTO doctor (employeeid) VALUES (1366);
INSERT INTO doctor_specialization(employeeid, specializationid) VALUES (1366, 12);
INSERT INTO employee (employeeid, first_name, last_name, telephone_number, date_of_employment)VALUES (1367, "Lissie", "Axelsson", "063-475068", NOW());
INSERT INTO doctor (employeeid) VALUES (1367);
INSERT INTO doctor_specialization(employeeid, specializationid) VALUES (1367, 8);
INSERT INTO employee (employeeid, first_name, last_name, telephone_number, date_of_employment)VALUES (1368, "Asta", "Hansson", "011-081800", NOW());
INSERT INTO doctor (employeeid) VALUES (1368);
INSERT INTO doctor_specialization(employeeid, specializationid) VALUES (1368, 9);
INSERT INTO employee (employeeid, first_name, last_name, telephone_number, date_of_employment)VALUES (1369, "Tommie", "Dahlberg", "036-523752", NOW());
INSERT INTO doctor (employeeid) VALUES (1369);
INSERT INTO doctor_specialization(employeeid, specializationid) VALUES (1369, 11);
INSERT INTO employee (employeeid, first_name, last_name, telephone_number, date_of_employment)VALUES (1370, "Matty", "Karlsson", "073-566582", NOW());
INSERT INTO doctor (employeeid) VALUES (1370);

INSERT INTO employee (employeeid, first_name, last_name, telephone_number, date_of_employment)VALUES (1371, "Emerentia", "Karlsson", "040-710010", NOW());
INSERT INTO assistant_nurse (employeeid) VALUES (1371);
INSERT INTO employee (employeeid, first_name, last_name, telephone_number, date_of_employment)VALUES (1372, "Siri", "Berg", "072-214845", NOW());
INSERT INTO nurse (employeeid) VALUES (1372);
INSERT INTO nurse_specialization(employee_id, specialization_id) VALUES (1372, 15);
INSERT INTO employee (employeeid, first_name, last_name, telephone_number, date_of_employment)VALUES (1373, "Eli", "Fransson", "072-822584", NOW());
INSERT INTO nurse (employeeid) VALUES (1373);
INSERT INTO nurse_specialization(employee_id, specialization_id) VALUES (1373, 12);
INSERT INTO employee (employeeid, first_name, last_name, telephone_number, date_of_employment)VALUES (1374, "Agge", "Hedlund", "073-240741", NOW());
INSERT INTO assistant_nurse (employeeid) VALUES (1374);
INSERT INTO employee (employeeid, first_name, last_name, telephone_number, date_of_employment)VALUES (1375, "Carine", "Andreasson", "023-348101", NOW());
INSERT INTO nurse (employeeid) VALUES (1375);
INSERT INTO nurse_specialization(employee_id, specialization_id) VALUES (1375, 5);
INSERT INTO employee (employeeid, first_name, last_name, telephone_number, date_of_employment)VALUES (1376, "Elling", "Hellström", "074-454471", NOW());
INSERT INTO nurse (employeeid) VALUES (1376);
INSERT INTO nurse_specialization(employee_id, specialization_id) VALUES (1376, 13);
INSERT INTO employee (employeeid, first_name, last_name, telephone_number, date_of_employment)VALUES (1377, "Villy", "Åberg", "078-801353", NOW());
INSERT INTO doctor (employeeid) VALUES (1377);
INSERT INTO doctor_specialization(employeeid, specializationid) VALUES (1377, 4);
INSERT INTO employee (employeeid, first_name, last_name, telephone_number, date_of_employment)VALUES (1378, "Arvid", "Lindqvist", "033-888306", NOW());
INSERT INTO doctor (employeeid) VALUES (1378);
INSERT INTO doctor_specialization(employeeid, specializationid) VALUES (1378, 12);
INSERT INTO employee (employeeid, first_name, last_name, telephone_number, date_of_employment)VALUES (1379, "Hernan", "Dahlberg", "060-530564", NOW());
INSERT INTO doctor (employeeid) VALUES (1379);
INSERT INTO doctor_specialization(employeeid, specializationid) VALUES (1379, 1);
INSERT INTO employee (employeeid, first_name, last_name, telephone_number, date_of_employment)VALUES (1380, "Lars", "Bergman", "035-450674", NOW());
INSERT INTO doctor (employeeid) VALUES (1380);
INSERT INTO doctor_specialization(employeeid, specializationid) VALUES (1380, 1);
INSERT INTO employee (employeeid, first_name, last_name, telephone_number, date_of_employment)VALUES (1381, "Dage", "Hansen", "073-257512", NOW());
INSERT INTO doctor (employeeid) VALUES (1381);
INSERT INTO doctor_specialization(employeeid, specializationid) VALUES (1381, 12);
INSERT INTO employee (employeeid, first_name, last_name, telephone_number, date_of_employment)VALUES (1382, "Eivor", "Lindqvist", "074-341280", NOW());
INSERT INTO nurse (employeeid) VALUES (1382);

INSERT INTO employee (employeeid, first_name, last_name, telephone_number, date_of_employment)VALUES (1383, "Valfrid", "Ek", "018-607675", NOW());
INSERT INTO nurse (employeeid) VALUES (1383);

INSERT INTO employee (employeeid, first_name, last_name, telephone_number, date_of_employment)VALUES (1384, "Egon", "Abrahamsson", "060-018467", NOW());
INSERT INTO doctor (employeeid) VALUES (1384);
INSERT INTO doctor_specialization(employeeid, specializationid) VALUES (1384, 1);
INSERT INTO employee (employeeid, first_name, last_name, telephone_number, date_of_employment)VALUES (1385, "Viva", "Isaksson", "019-572405", NOW());
INSERT INTO doctor (employeeid) VALUES (1385);
INSERT INTO doctor_specialization(employeeid, specializationid) VALUES (1385, 3);
INSERT INTO employee (employeeid, first_name, last_name, telephone_number, date_of_employment)VALUES (1386, "Caspar", "Mårtensson", "076-224554", NOW());
INSERT INTO nurse (employeeid) VALUES (1386);
INSERT INTO nurse_specialization(employee_id, specialization_id) VALUES (1386, 2);
INSERT INTO employee (employeeid, first_name, last_name, telephone_number, date_of_employment)VALUES (1387, "Friedrich", "Claesson", "073-372755", NOW());
INSERT INTO assistant_nurse (employeeid) VALUES (1387);
INSERT INTO employee (employeeid, first_name, last_name, telephone_number, date_of_employment)VALUES (1388, "Yrsa", "Hermansson", "019-841211", NOW());
INSERT INTO nurse (employeeid) VALUES (1388);
INSERT INTO nurse_specialization(employee_id, specialization_id) VALUES (1388, 13);
INSERT INTO employee (employeeid, first_name, last_name, telephone_number, date_of_employment)VALUES (1389, "Ian", "Lundberg", "040-207385", NOW());
INSERT INTO assistant_nurse (employeeid) VALUES (1389);
INSERT INTO employee (employeeid, first_name, last_name, telephone_number, date_of_employment)VALUES (1390, "Reidun", "Lindberg", "023-802472", NOW());
INSERT INTO doctor (employeeid) VALUES (1390);

INSERT INTO employee (employeeid, first_name, last_name, telephone_number, date_of_employment)VALUES (1391, "Håkon", "Lundgren", "019-442722", NOW());
INSERT INTO assistant_nurse (employeeid) VALUES (1391);
INSERT INTO employee (employeeid, first_name, last_name, telephone_number, date_of_employment)VALUES (1392, "Lago", "Fredriksson", "075-228875", NOW());
INSERT INTO doctor (employeeid) VALUES (1392);

INSERT INTO employee (employeeid, first_name, last_name, telephone_number, date_of_employment)VALUES (1393, "Stefan", "Norberg", "018-614018", NOW());
INSERT INTO assistant_nurse (employeeid) VALUES (1393);
INSERT INTO employee (employeeid, first_name, last_name, telephone_number, date_of_employment)VALUES (1394, "Linus", "Wikström", "073-127473", NOW());
INSERT INTO assistant_nurse (employeeid) VALUES (1394);
INSERT INTO employee (employeeid, first_name, last_name, telephone_number, date_of_employment)VALUES (1395, "Jussi", "Lundin", "019-381354", NOW());
INSERT INTO assistant_nurse (employeeid) VALUES (1395);
INSERT INTO employee (employeeid, first_name, last_name, telephone_number, date_of_employment)VALUES (1396, "Gerda", "Sandström", "070-876425", NOW());
INSERT INTO nurse (employeeid) VALUES (1396);
INSERT INTO nurse_specialization(employee_id, specialization_id) VALUES (1396, 6);
INSERT INTO employee (employeeid, first_name, last_name, telephone_number, date_of_employment)VALUES (1397, "Helma", "Blom", "060-238827", NOW());
INSERT INTO assistant_nurse (employeeid) VALUES (1397);
INSERT INTO employee (employeeid, first_name, last_name, telephone_number, date_of_employment)VALUES (1398, "Lawrence", "Holm", "073-567131", NOW());
INSERT INTO assistant_nurse (employeeid) VALUES (1398);
INSERT INTO employee (employeeid, first_name, last_name, telephone_number, date_of_employment)VALUES (1399, "Rudolf", "Lindqvist", "060-877603", NOW());
INSERT INTO assistant_nurse (employeeid) VALUES (1399);
INSERT INTO employee (employeeid, first_name, last_name, telephone_number, date_of_employment)VALUES (1400, "Helle", "Ström", "042-885802", NOW());
INSERT INTO nurse (employeeid) VALUES (1400);
INSERT INTO nurse_specialization(employee_id, specialization_id) VALUES (1400, 1);
INSERT INTO employee (employeeid, first_name, last_name, telephone_number, date_of_employment)VALUES (1401, "Emy", "Ström", "075-125308", NOW());
INSERT INTO nurse (employeeid) VALUES (1401);
INSERT INTO nurse_specialization(employee_id, specialization_id) VALUES (1401, 7);
INSERT INTO employee (employeeid, first_name, last_name, telephone_number, date_of_employment)VALUES (1402, "Elin", "Lindholm", "070-726633", NOW());
INSERT INTO doctor (employeeid) VALUES (1402);
INSERT INTO doctor_specialization(employeeid, specializationid) VALUES (1402, 2);
INSERT INTO employee (employeeid, first_name, last_name, telephone_number, date_of_employment)VALUES (1403, "José", "Fredriksson", "070-833646", NOW());
INSERT INTO doctor (employeeid) VALUES (1403);
INSERT INTO doctor_specialization(employeeid, specializationid) VALUES (1403, 15);
INSERT INTO employee (employeeid, first_name, last_name, telephone_number, date_of_employment)VALUES (1404, "Dordi", "Gustafsson", "060-841621", NOW());
INSERT INTO nurse (employeeid) VALUES (1404);
INSERT INTO nurse_specialization(employee_id, specialization_id) VALUES (1404, 15);
INSERT INTO employee (employeeid, first_name, last_name, telephone_number, date_of_employment)VALUES (1405, "Gina", "Bergström", "016-433165", NOW());
INSERT INTO nurse (employeeid) VALUES (1405);

INSERT INTO employee (employeeid, first_name, last_name, telephone_number, date_of_employment)VALUES (1406, "Kuno", "Pettersson", "011-128367", NOW());
INSERT INTO nurse (employeeid) VALUES (1406);
INSERT INTO nurse_specialization(employee_id, specialization_id) VALUES (1406, 14);
INSERT INTO employee (employeeid, first_name, last_name, telephone_number, date_of_employment)VALUES (1407, "Ken", "Henriksson", "075-855018", NOW());
INSERT INTO nurse (employeeid) VALUES (1407);
INSERT INTO nurse_specialization(employee_id, specialization_id) VALUES (1407, 4);
INSERT INTO employee (employeeid, first_name, last_name, telephone_number, date_of_employment)VALUES (1408, "Pia", "Claesson", "026-252864", NOW());
INSERT INTO nurse (employeeid) VALUES (1408);
INSERT INTO nurse_specialization(employee_id, specialization_id) VALUES (1408, 5);
INSERT INTO employee (employeeid, first_name, last_name, telephone_number, date_of_employment)VALUES (1409, "Aina", "Öberg", "070-861281", NOW());
INSERT INTO doctor (employeeid) VALUES (1409);

INSERT INTO employee (employeeid, first_name, last_name, telephone_number, date_of_employment)VALUES (1410, "Benni", "Mårtensson", "063-578036", NOW());
INSERT INTO assistant_nurse (employeeid) VALUES (1410);
INSERT INTO employee (employeeid, first_name, last_name, telephone_number, date_of_employment)VALUES (1411, "Risto", "Björk", "072-001325", NOW());
INSERT INTO doctor (employeeid) VALUES (1411);
INSERT INTO doctor_specialization(employeeid, specializationid) VALUES (1411, 10);
INSERT INTO employee (employeeid, first_name, last_name, telephone_number, date_of_employment)VALUES (1412, "Fernando", "Jonasson", "031-673661", NOW());
INSERT INTO doctor (employeeid) VALUES (1412);
INSERT INTO doctor_specialization(employeeid, specializationid) VALUES (1412, 15);
INSERT INTO employee (employeeid, first_name, last_name, telephone_number, date_of_employment)VALUES (1413, "Eleonora", "Bergqvist", "036-584140", NOW());
INSERT INTO nurse (employeeid) VALUES (1413);
INSERT INTO nurse_specialization(employee_id, specialization_id) VALUES (1413, 3);
INSERT INTO employee (employeeid, first_name, last_name, telephone_number, date_of_employment)VALUES (1414, "Filippa", "Pålsson", "077-474330", NOW());
INSERT INTO assistant_nurse (employeeid) VALUES (1414);
INSERT INTO employee (employeeid, first_name, last_name, telephone_number, date_of_employment)VALUES (1415, "Adolfina", "Johansson", "072-580610", NOW());
INSERT INTO nurse (employeeid) VALUES (1415);
INSERT INTO nurse_specialization(employee_id, specialization_id) VALUES (1415, 14);
INSERT INTO employee (employeeid, first_name, last_name, telephone_number, date_of_employment)VALUES (1416, "Emelia", "Hermansson", "026-074441", NOW());
INSERT INTO assistant_nurse (employeeid) VALUES (1416);
INSERT INTO employee (employeeid, first_name, last_name, telephone_number, date_of_employment)VALUES (1417, "Helmer", "Bengtsson", "040-688805", NOW());
INSERT INTO doctor (employeeid) VALUES (1417);
INSERT INTO doctor_specialization(employeeid, specializationid) VALUES (1417, 9);
INSERT INTO employee (employeeid, first_name, last_name, telephone_number, date_of_employment)VALUES (1418, "Linda", "Gustafsson", "011-617056", NOW());
INSERT INTO assistant_nurse (employeeid) VALUES (1418);
INSERT INTO employee (employeeid, first_name, last_name, telephone_number, date_of_employment)VALUES (1419, "Edgar", "Forsberg", "072-703474", NOW());
INSERT INTO doctor (employeeid) VALUES (1419);
INSERT INTO doctor_specialization(employeeid, specializationid) VALUES (1419, 3);
INSERT INTO employee (employeeid, first_name, last_name, telephone_number, date_of_employment)VALUES (1420, "Katinka", "Håkansson", "078-455814", NOW());
INSERT INTO assistant_nurse (employeeid) VALUES (1420);
INSERT INTO employee (employeeid, first_name, last_name, telephone_number, date_of_employment)VALUES (1421, "Osvald", "Engström", "044-376450", NOW());
INSERT INTO doctor (employeeid) VALUES (1421);
INSERT INTO doctor_specialization(employeeid, specializationid) VALUES (1421, 5);
INSERT INTO employee (employeeid, first_name, last_name, telephone_number, date_of_employment)VALUES (1422, "Claes", "Wallin", "077-615377", NOW());
INSERT INTO assistant_nurse (employeeid) VALUES (1422);
INSERT INTO employee (employeeid, first_name, last_name, telephone_number, date_of_employment)VALUES (1423, "Ronnie", "Samuelsson", "044-230761", NOW());
INSERT INTO assistant_nurse (employeeid) VALUES (1423);
INSERT INTO employee (employeeid, first_name, last_name, telephone_number, date_of_employment)VALUES (1424, "Fritiof", "Åström", "073-103660", NOW());
INSERT INTO assistant_nurse (employeeid) VALUES (1424);
INSERT INTO employee (employeeid, first_name, last_name, telephone_number, date_of_employment)VALUES (1425, "Israel", "Åberg", "076-524602", NOW());
INSERT INTO nurse (employeeid) VALUES (1425);
INSERT INTO nurse_specialization(employee_id, specialization_id) VALUES (1425, 3);
INSERT INTO employee (employeeid, first_name, last_name, telephone_number, date_of_employment)VALUES (1426, "Carole", "Johansson", "072-638205", NOW());
INSERT INTO nurse (employeeid) VALUES (1426);
INSERT INTO nurse_specialization(employee_id, specialization_id) VALUES (1426, 13);
INSERT INTO employee (employeeid, first_name, last_name, telephone_number, date_of_employment)VALUES (1427, "Jim", "Söderberg", "076-042633", NOW());
INSERT INTO doctor (employeeid) VALUES (1427);
INSERT INTO doctor_specialization(employeeid, specializationid) VALUES (1427, 10);
INSERT INTO employee (employeeid, first_name, last_name, telephone_number, date_of_employment)VALUES (1428, "Heine", "Håkansson", "023-320882", NOW());
INSERT INTO doctor (employeeid) VALUES (1428);
INSERT INTO doctor_specialization(employeeid, specializationid) VALUES (1428, 7);
INSERT INTO employee (employeeid, first_name, last_name, telephone_number, date_of_employment)VALUES (1429, "Uno", "Forsberg", "019-228875", NOW());
INSERT INTO nurse (employeeid) VALUES (1429);

INSERT INTO employee (employeeid, first_name, last_name, telephone_number, date_of_employment)VALUES (1430, "Milly", "Björk", "040-376231", NOW());
INSERT INTO nurse (employeeid) VALUES (1430);
INSERT INTO nurse_specialization(employee_id, specialization_id) VALUES (1430, 6);
INSERT INTO employee (employeeid, first_name, last_name, telephone_number, date_of_employment)VALUES (1431, "Helmy", "Söderberg", "060-032841", NOW());
INSERT INTO doctor (employeeid) VALUES (1431);
INSERT INTO doctor_specialization(employeeid, specializationid) VALUES (1431, 6);
INSERT INTO employee (employeeid, first_name, last_name, telephone_number, date_of_employment)VALUES (1432, "Molly", "Söderberg", "036-072212", NOW());
INSERT INTO nurse (employeeid) VALUES (1432);
INSERT INTO nurse_specialization(employee_id, specialization_id) VALUES (1432, 1);
INSERT INTO employee (employeeid, first_name, last_name, telephone_number, date_of_employment)VALUES (1433, "Beth", "Lindqvist", "019-077457", NOW());
INSERT INTO nurse (employeeid) VALUES (1433);
INSERT INTO nurse_specialization(employee_id, specialization_id) VALUES (1433, 14);
INSERT INTO employee (employeeid, first_name, last_name, telephone_number, date_of_employment)VALUES (1434, "Emilio", "Lundgren", "070-721136", NOW());
INSERT INTO doctor (employeeid) VALUES (1434);

INSERT INTO employee (employeeid, first_name, last_name, telephone_number, date_of_employment)VALUES (1435, "Konrad", "Bengtsson", "042-200063", NOW());
INSERT INTO assistant_nurse (employeeid) VALUES (1435);
INSERT INTO employee (employeeid, first_name, last_name, telephone_number, date_of_employment)VALUES (1436, "Aini", "Sundström", "023-517021", NOW());
INSERT INTO doctor (employeeid) VALUES (1436);
INSERT INTO doctor_specialization(employeeid, specializationid) VALUES (1436, 16);
INSERT INTO employee (employeeid, first_name, last_name, telephone_number, date_of_employment)VALUES (1437, "Alexis", "Jonasson", "042-048364", NOW());
INSERT INTO assistant_nurse (employeeid) VALUES (1437);
INSERT INTO employee (employeeid, first_name, last_name, telephone_number, date_of_employment)VALUES (1438, "Neta", "Olofsson", "063-001464", NOW());
INSERT INTO nurse (employeeid) VALUES (1438);
INSERT INTO nurse_specialization(employee_id, specialization_id) VALUES (1438, 5);
INSERT INTO employee (employeeid, first_name, last_name, telephone_number, date_of_employment)VALUES (1439, "Ken", "Jonasson", "026-453188", NOW());
INSERT INTO assistant_nurse (employeeid) VALUES (1439);
INSERT INTO employee (employeeid, first_name, last_name, telephone_number, date_of_employment)VALUES (1440, "Inge", "Danielsson", "011-037230", NOW());
INSERT INTO nurse (employeeid) VALUES (1440);
INSERT INTO nurse_specialization(employee_id, specialization_id) VALUES (1440, 14);
INSERT INTO employee (employeeid, first_name, last_name, telephone_number, date_of_employment)VALUES (1441, "Sigga", "Danielsson", "035-647726", NOW());
INSERT INTO assistant_nurse (employeeid) VALUES (1441);
INSERT INTO employee (employeeid, first_name, last_name, telephone_number, date_of_employment)VALUES (1442, "Ingar", "Berg", "023-167783", NOW());
INSERT INTO assistant_nurse (employeeid) VALUES (1442);
INSERT INTO employee (employeeid, first_name, last_name, telephone_number, date_of_employment)VALUES (1443, "Marie", "Strömberg", "018-576075", NOW());
INSERT INTO assistant_nurse (employeeid) VALUES (1443);
INSERT INTO employee (employeeid, first_name, last_name, telephone_number, date_of_employment)VALUES (1444, "Hannes", "Hermansson", "016-887658", NOW());
INSERT INTO nurse (employeeid) VALUES (1444);
INSERT INTO nurse_specialization(employee_id, specialization_id) VALUES (1444, 14);
INSERT INTO employee (employeeid, first_name, last_name, telephone_number, date_of_employment)VALUES (1445, "Håkan", "Pålsson", "060-567450", NOW());
INSERT INTO nurse (employeeid) VALUES (1445);
INSERT INTO nurse_specialization(employee_id, specialization_id) VALUES (1445, 2);
INSERT INTO employee (employeeid, first_name, last_name, telephone_number, date_of_employment)VALUES (1446, "Hedda", "Åkesson", "018-418576", NOW());
INSERT INTO assistant_nurse (employeeid) VALUES (1446);
INSERT INTO employee (employeeid, first_name, last_name, telephone_number, date_of_employment)VALUES (1447, "Dolly", "Sjögren", "073-735686", NOW());
INSERT INTO nurse (employeeid) VALUES (1447);
INSERT INTO nurse_specialization(employee_id, specialization_id) VALUES (1447, 10);
INSERT INTO employee (employeeid, first_name, last_name, telephone_number, date_of_employment)VALUES (1448, "Dick", "Bengtsson", "021-677528", NOW());
INSERT INTO doctor (employeeid) VALUES (1448);
INSERT INTO doctor_specialization(employeeid, specializationid) VALUES (1448, 8);
INSERT INTO employee (employeeid, first_name, last_name, telephone_number, date_of_employment)VALUES (1449, "Violet", "Nyberg", "070-780223", NOW());
INSERT INTO nurse (employeeid) VALUES (1449);
INSERT INTO nurse_specialization(employee_id, specialization_id) VALUES (1449, 4);
INSERT INTO employee (employeeid, first_name, last_name, telephone_number, date_of_employment)VALUES (1450, "Lennart", "Öberg", "072-704526", NOW());
INSERT INTO doctor (employeeid) VALUES (1450);
INSERT INTO doctor_specialization(employeeid, specializationid) VALUES (1450, 10);
INSERT INTO employee (employeeid, first_name, last_name, telephone_number, date_of_employment)VALUES (1451, "Markus", "Holmqvist", "036-252435", NOW());
INSERT INTO doctor (employeeid) VALUES (1451);
INSERT INTO doctor_specialization(employeeid, specializationid) VALUES (1451, 9);
INSERT INTO employee (employeeid, first_name, last_name, telephone_number, date_of_employment)VALUES (1452, "Laura", "Åkesson", "018-681310", NOW());
INSERT INTO assistant_nurse (employeeid) VALUES (1452);
INSERT INTO employee (employeeid, first_name, last_name, telephone_number, date_of_employment)VALUES (1453, "Marion", "Andersson", "033-388364", NOW());
INSERT INTO doctor (employeeid) VALUES (1453);
INSERT INTO doctor_specialization(employeeid, specializationid) VALUES (1453, 8);
INSERT INTO employee (employeeid, first_name, last_name, telephone_number, date_of_employment)VALUES (1454, "Barbro", "Falk", "078-518440", NOW());
INSERT INTO nurse (employeeid) VALUES (1454);
INSERT INTO nurse_specialization(employee_id, specialization_id) VALUES (1454, 7);
INSERT INTO employee (employeeid, first_name, last_name, telephone_number, date_of_employment)VALUES (1455, "Lissi", "Jonsson", "018-320882", NOW());
INSERT INTO doctor (employeeid) VALUES (1455);
INSERT INTO doctor_specialization(employeeid, specializationid) VALUES (1455, 3);
INSERT INTO employee (employeeid, first_name, last_name, telephone_number, date_of_employment)VALUES (1456, "Kettil", "Sjögren", "070-816226", NOW());
INSERT INTO doctor (employeeid) VALUES (1456);
INSERT INTO doctor_specialization(employeeid, specializationid) VALUES (1456, 10);
INSERT INTO employee (employeeid, first_name, last_name, telephone_number, date_of_employment)VALUES (1457, "Edde", "Wikström", "019-701775", NOW());
INSERT INTO doctor (employeeid) VALUES (1457);
INSERT INTO doctor_specialization(employeeid, specializationid) VALUES (1457, 3);
INSERT INTO employee (employeeid, first_name, last_name, telephone_number, date_of_employment)VALUES (1458, "Eleonora", "Norberg", "042-550010", NOW());
INSERT INTO nurse (employeeid) VALUES (1458);

INSERT INTO employee (employeeid, first_name, last_name, telephone_number, date_of_employment)VALUES (1459, "Ivan", "Fransson", "021-572405", NOW());
INSERT INTO assistant_nurse (employeeid) VALUES (1459);
INSERT INTO employee (employeeid, first_name, last_name, telephone_number, date_of_employment)VALUES (1460, "Jonne", "Hermansson", "060-066107", NOW());
INSERT INTO doctor (employeeid) VALUES (1460);
INSERT INTO doctor_specialization(employeeid, specializationid) VALUES (1460, 4);
INSERT INTO employee (employeeid, first_name, last_name, telephone_number, date_of_employment)VALUES (1461, "Monika", "Fredriksson", "016-454644", NOW());
INSERT INTO doctor (employeeid) VALUES (1461);

INSERT INTO employee (employeeid, first_name, last_name, telephone_number, date_of_employment)VALUES (1462, "Amelie", "Hansson", "060-876081", NOW());
INSERT INTO nurse (employeeid) VALUES (1462);
INSERT INTO nurse_specialization(employee_id, specialization_id) VALUES (1462, 14);
INSERT INTO employee (employeeid, first_name, last_name, telephone_number, date_of_employment)VALUES (1463, "Ove", "Berggren", "036-188754", NOW());
INSERT INTO doctor (employeeid) VALUES (1463);
INSERT INTO doctor_specialization(employeeid, specializationid) VALUES (1463, 10);
INSERT INTO employee (employeeid, first_name, last_name, telephone_number, date_of_employment)VALUES (1464, "Linda", "Lindgren", "075-717687", NOW());
INSERT INTO assistant_nurse (employeeid) VALUES (1464);
INSERT INTO employee (employeeid, first_name, last_name, telephone_number, date_of_employment)VALUES (1465, "Lisbet", "Dahlberg", "090-383277", NOW());
INSERT INTO doctor (employeeid) VALUES (1465);

INSERT INTO employee (employeeid, first_name, last_name, telephone_number, date_of_employment)VALUES (1466, "Jenny", "Martinsson", "090-178267", NOW());
INSERT INTO doctor (employeeid) VALUES (1466);

INSERT INTO employee (employeeid, first_name, last_name, telephone_number, date_of_employment)VALUES (1467, "Manda", "Pettersson", "042-787170", NOW());
INSERT INTO assistant_nurse (employeeid) VALUES (1467);
INSERT INTO employee (employeeid, first_name, last_name, telephone_number, date_of_employment)VALUES (1468, "Elias", "Lind", "021-500377", NOW());
INSERT INTO nurse (employeeid) VALUES (1468);
INSERT INTO nurse_specialization(employee_id, specialization_id) VALUES (1468, 3);
INSERT INTO employee (employeeid, first_name, last_name, telephone_number, date_of_employment)VALUES (1469, "Emanuel", "Fransson", "019-473084", NOW());
INSERT INTO nurse (employeeid) VALUES (1469);
INSERT INTO nurse_specialization(employee_id, specialization_id) VALUES (1469, 1);
INSERT INTO employee (employeeid, first_name, last_name, telephone_number, date_of_employment)VALUES (1470, "Ditte", "Eriksson", "074-032841", NOW());
INSERT INTO nurse (employeeid) VALUES (1470);

INSERT INTO employee (employeeid, first_name, last_name, telephone_number, date_of_employment)VALUES (1471, "Naima", "Nordström", "070-213076", NOW());
INSERT INTO nurse (employeeid) VALUES (1471);

INSERT INTO employee (employeeid, first_name, last_name, telephone_number, date_of_employment)VALUES (1472, "Agneta", "Hansson", "033-487726", NOW());
INSERT INTO assistant_nurse (employeeid) VALUES (1472);
INSERT INTO employee (employeeid, first_name, last_name, telephone_number, date_of_employment)VALUES (1473, "Teodor", "Lindström", "074-343360", NOW());
INSERT INTO doctor (employeeid) VALUES (1473);
INSERT INTO doctor_specialization(employeeid, specializationid) VALUES (1473, 10);
INSERT INTO employee (employeeid, first_name, last_name, telephone_number, date_of_employment)VALUES (1474, "Maximilian", "Eliasson", "063-381281", NOW());
INSERT INTO assistant_nurse (employeeid) VALUES (1474);
INSERT INTO employee (employeeid, first_name, last_name, telephone_number, date_of_employment)VALUES (1475, "Olle", "Isaksson", "023-286045", NOW());
INSERT INTO nurse (employeeid) VALUES (1475);

INSERT INTO employee (employeeid, first_name, last_name, telephone_number, date_of_employment)VALUES (1476, "Michelle", "Björk", "044-080323", NOW());
INSERT INTO assistant_nurse (employeeid) VALUES (1476);
INSERT INTO employee (employeeid, first_name, last_name, telephone_number, date_of_employment)VALUES (1477, "Alvin", "Bengtsson", "033-047741", NOW());
INSERT INTO nurse (employeeid) VALUES (1477);

INSERT INTO employee (employeeid, first_name, last_name, telephone_number, date_of_employment)VALUES (1478, "Grels", "Danielsson", "046-054468", NOW());
INSERT INTO nurse (employeeid) VALUES (1478);

INSERT INTO employee (employeeid, first_name, last_name, telephone_number, date_of_employment)VALUES (1479, "Bernt", "Falk", "021-124002", NOW());
INSERT INTO nurse (employeeid) VALUES (1479);
INSERT INTO nurse_specialization(employee_id, specialization_id) VALUES (1479, 15);
INSERT INTO employee (employeeid, first_name, last_name, telephone_number, date_of_employment)VALUES (1480, "Gusti", "Lindqvist", "060-556407", NOW());
INSERT INTO assistant_nurse (employeeid) VALUES (1480);
INSERT INTO employee (employeeid, first_name, last_name, telephone_number, date_of_employment)VALUES (1481, "Frideborg", "Jakobsson", "044-801411", NOW());
INSERT INTO doctor (employeeid) VALUES (1481);

INSERT INTO employee (employeeid, first_name, last_name, telephone_number, date_of_employment)VALUES (1482, "Gundel", "Lundqvist", "019-247345", NOW());
INSERT INTO assistant_nurse (employeeid) VALUES (1482);
INSERT INTO employee (employeeid, first_name, last_name, telephone_number, date_of_employment)VALUES (1483, "Mark", "Sandberg", "078-221370", NOW());
INSERT INTO doctor (employeeid) VALUES (1483);
INSERT INTO doctor_specialization(employeeid, specializationid) VALUES (1483, 1);
INSERT INTO employee (employeeid, first_name, last_name, telephone_number, date_of_employment)VALUES (1484, "Margrete", "Magnusson", "019-707234", NOW());
INSERT INTO assistant_nurse (employeeid) VALUES (1484);
INSERT INTO employee (employeeid, first_name, last_name, telephone_number, date_of_employment)VALUES (1485, "Elling", "Henriksson", "063-755303", NOW());
INSERT INTO assistant_nurse (employeeid) VALUES (1485);
INSERT INTO employee (employeeid, first_name, last_name, telephone_number, date_of_employment)VALUES (1486, "Britt", "Olsson", "077-157624", NOW());
INSERT INTO doctor (employeeid) VALUES (1486);
INSERT INTO doctor_specialization(employeeid, specializationid) VALUES (1486, 15);
INSERT INTO employee (employeeid, first_name, last_name, telephone_number, date_of_employment)VALUES (1487, "Heidi", "Ekström", "060-240017", NOW());
INSERT INTO doctor (employeeid) VALUES (1487);

INSERT INTO employee (employeeid, first_name, last_name, telephone_number, date_of_employment)VALUES (1488, "Alexius", "Ekström", "070-583483", NOW());
INSERT INTO doctor (employeeid) VALUES (1488);
INSERT INTO doctor_specialization(employeeid, specializationid) VALUES (1488, 14);
INSERT INTO employee (employeeid, first_name, last_name, telephone_number, date_of_employment)VALUES (1489, "Henrika", "Lundberg", "011-215202", NOW());
INSERT INTO assistant_nurse (employeeid) VALUES (1489);
INSERT INTO employee (employeeid, first_name, last_name, telephone_number, date_of_employment)VALUES (1490, "Dage", "Löfgren", "033-182646", NOW());
INSERT INTO doctor (employeeid) VALUES (1490);

INSERT INTO employee (employeeid, first_name, last_name, telephone_number, date_of_employment)VALUES (1491, "Louise", "Lundqvist", "021-888306", NOW());
INSERT INTO nurse (employeeid) VALUES (1491);
INSERT INTO nurse_specialization(employee_id, specialization_id) VALUES (1491, 1);
INSERT INTO employee (employeeid, first_name, last_name, telephone_number, date_of_employment)VALUES (1492, "Gertrud", "Eliasson", "073-431052", NOW());
INSERT INTO doctor (employeeid) VALUES (1492);
INSERT INTO doctor_specialization(employeeid, specializationid) VALUES (1492, 12);
INSERT INTO employee (employeeid, first_name, last_name, telephone_number, date_of_employment)VALUES (1493, "Christel", "Lindgren", "021-181244", NOW());
INSERT INTO doctor (employeeid) VALUES (1493);
INSERT INTO doctor_specialization(employeeid, specializationid) VALUES (1493, 7);
INSERT INTO employee (employeeid, first_name, last_name, telephone_number, date_of_employment)VALUES (1494, "Vivan", "Wikström", "021-728566", NOW());
INSERT INTO assistant_nurse (employeeid) VALUES (1494);
INSERT INTO employee (employeeid, first_name, last_name, telephone_number, date_of_employment)VALUES (1495, "Lovisa", "Svensson", "090-712583", NOW());
INSERT INTO assistant_nurse (employeeid) VALUES (1495);
INSERT INTO employee (employeeid, first_name, last_name, telephone_number, date_of_employment)VALUES (1496, "Isabella", "Gustafsson", "075-011037", NOW());
INSERT INTO doctor (employeeid) VALUES (1496);

INSERT INTO employee (employeeid, first_name, last_name, telephone_number, date_of_employment)VALUES (1497, "Alba", "Lundström", "033-370738", NOW());
INSERT INTO doctor (employeeid) VALUES (1497);
INSERT INTO doctor_specialization(employeeid, specializationid) VALUES (1497, 8);
INSERT INTO employee (employeeid, first_name, last_name, telephone_number, date_of_employment)VALUES (1498, "Gotthard", "Norberg", "072-501102", NOW());
INSERT INTO doctor (employeeid) VALUES (1498);
INSERT INTO doctor_specialization(employeeid, specializationid) VALUES (1498, 2);
INSERT INTO employee (employeeid, first_name, last_name, telephone_number, date_of_employment)VALUES (1499, "Karin", "Martinsson", "040-408353", NOW());
INSERT INTO doctor (employeeid) VALUES (1499);
INSERT INTO doctor_specialization(employeeid, specializationid) VALUES (1499, 5);
INSERT INTO employee (employeeid, first_name, last_name, telephone_number, date_of_employment)VALUES (1500, "Eina", "Claesson", "076-236718", NOW());
INSERT INTO doctor (employeeid) VALUES (1500);
INSERT INTO doctor_specialization(employeeid, specializationid) VALUES (1500, 15);
INSERT INTO employee (employeeid, first_name, last_name, telephone_number, date_of_employment)VALUES (1501, "Ossian", "Eklund", "090-200083", NOW());
INSERT INTO doctor (employeeid) VALUES (1501);
INSERT INTO doctor_specialization(employeeid, specializationid) VALUES (1501, 16);
INSERT INTO employee (employeeid, first_name, last_name, telephone_number, date_of_employment)VALUES (1502, "William", "Nordin", "023-810200", NOW());
INSERT INTO nurse (employeeid) VALUES (1502);
INSERT INTO nurse_specialization(employee_id, specialization_id) VALUES (1502, 14);
INSERT INTO employee (employeeid, first_name, last_name, telephone_number, date_of_employment)VALUES (1503, "Beth", "Dahlberg", "078-767727", NOW());
INSERT INTO assistant_nurse (employeeid) VALUES (1503);
INSERT INTO employee (employeeid, first_name, last_name, telephone_number, date_of_employment)VALUES (1504, "Marie", "Nordin", "072-180211", NOW());
INSERT INTO assistant_nurse (employeeid) VALUES (1504);
INSERT INTO employee (employeeid, first_name, last_name, telephone_number, date_of_employment)VALUES (1505, "August", "Eriksson", "044-743411", NOW());
INSERT INTO doctor (employeeid) VALUES (1505);
INSERT INTO doctor_specialization(employeeid, specializationid) VALUES (1505, 5);
INSERT INTO employee (employeeid, first_name, last_name, telephone_number, date_of_employment)VALUES (1506, "Luis", "Abrahamsson", "035-508218", NOW());
INSERT INTO assistant_nurse (employeeid) VALUES (1506);
INSERT INTO employee (employeeid, first_name, last_name, telephone_number, date_of_employment)VALUES (1507, "Ragnvald", "Lundqvist", "016-626286", NOW());
INSERT INTO nurse (employeeid) VALUES (1507);
INSERT INTO nurse_specialization(employee_id, specialization_id) VALUES (1507, 16);
INSERT INTO employee (employeeid, first_name, last_name, telephone_number, date_of_employment)VALUES (1508, "Paul", "Sjöberg", "073-867601", NOW());
INSERT INTO assistant_nurse (employeeid) VALUES (1508);
INSERT INTO employee (employeeid, first_name, last_name, telephone_number, date_of_employment)VALUES (1509, "Marta", "Eriksson", "044-188826", NOW());
INSERT INTO assistant_nurse (employeeid) VALUES (1509);
INSERT INTO employee (employeeid, first_name, last_name, telephone_number, date_of_employment)VALUES (1510, "Olavus", "Andreasson", "070-653358", NOW());
INSERT INTO doctor (employeeid) VALUES (1510);
INSERT INTO doctor_specialization(employeeid, specializationid) VALUES (1510, 10);
INSERT INTO employee (employeeid, first_name, last_name, telephone_number, date_of_employment)VALUES (1511, "Ioannis", "Sundqvist", "073-360628", NOW());
INSERT INTO nurse (employeeid) VALUES (1511);
INSERT INTO nurse_specialization(employee_id, specialization_id) VALUES (1511, 15);
INSERT INTO employee (employeeid, first_name, last_name, telephone_number, date_of_employment)VALUES (1512, "Reinhold", "Sandberg", "019-246135", NOW());
INSERT INTO nurse (employeeid) VALUES (1512);
INSERT INTO nurse_specialization(employee_id, specialization_id) VALUES (1512, 11);
INSERT INTO employee (employeeid, first_name, last_name, telephone_number, date_of_employment)VALUES (1513, "Gudmar", "Jönsson", "077-772525", NOW());
INSERT INTO assistant_nurse (employeeid) VALUES (1513);
INSERT INTO employee (employeeid, first_name, last_name, telephone_number, date_of_employment)VALUES (1514, "Johanna", "Björk", "021-387485", NOW());
INSERT INTO assistant_nurse (employeeid) VALUES (1514);
INSERT INTO employee (employeeid, first_name, last_name, telephone_number, date_of_employment)VALUES (1515, "May", "Hellström", "044-505202", NOW());
INSERT INTO nurse (employeeid) VALUES (1515);
INSERT INTO nurse_specialization(employee_id, specialization_id) VALUES (1515, 9);
INSERT INTO employee (employeeid, first_name, last_name, telephone_number, date_of_employment)VALUES (1516, "Petronella", "Björklund", "074-422073", NOW());
INSERT INTO nurse (employeeid) VALUES (1516);
INSERT INTO nurse_specialization(employee_id, specialization_id) VALUES (1516, 14);
INSERT INTO employee (employeeid, first_name, last_name, telephone_number, date_of_employment)VALUES (1517, "Ingbert", "Lundin", "076-744887", NOW());
INSERT INTO nurse (employeeid) VALUES (1517);
INSERT INTO nurse_specialization(employee_id, specialization_id) VALUES (1517, 6);
INSERT INTO employee (employeeid, first_name, last_name, telephone_number, date_of_employment)VALUES (1518, "Helvig", "Lindberg", "074-610213", NOW());
INSERT INTO assistant_nurse (employeeid) VALUES (1518);
INSERT INTO employee (employeeid, first_name, last_name, telephone_number, date_of_employment)VALUES (1519, "Erkki", "Ekström", "077-273757", NOW());
INSERT INTO assistant_nurse (employeeid) VALUES (1519);
INSERT INTO employee (employeeid, first_name, last_name, telephone_number, date_of_employment)VALUES (1520, "Toini", "Lind", "040-316773", NOW());
INSERT INTO doctor (employeeid) VALUES (1520);

INSERT INTO employee (employeeid, first_name, last_name, telephone_number, date_of_employment)VALUES (1521, "Maggie", "Nyström", "078-376231", NOW());
INSERT INTO nurse (employeeid) VALUES (1521);
INSERT INTO nurse_specialization(employee_id, specialization_id) VALUES (1521, 16);
INSERT INTO employee (employeeid, first_name, last_name, telephone_number, date_of_employment)VALUES (1522, "Pernilla", "Samuelsson", "026-087702", NOW());
INSERT INTO assistant_nurse (employeeid) VALUES (1522);
INSERT INTO employee (employeeid, first_name, last_name, telephone_number, date_of_employment)VALUES (1523, "Karoly", "Öberg", "019-266715", NOW());
INSERT INTO doctor (employeeid) VALUES (1523);
INSERT INTO doctor_specialization(employeeid, specializationid) VALUES (1523, 8);
INSERT INTO employee (employeeid, first_name, last_name, telephone_number, date_of_employment)VALUES (1524, "Gundel", "Berggren", "033-234624", NOW());
INSERT INTO assistant_nurse (employeeid) VALUES (1524);
INSERT INTO employee (employeeid, first_name, last_name, telephone_number, date_of_employment)VALUES (1525, "Gregorius", "Sjöberg", "031-781340", NOW());
INSERT INTO nurse (employeeid) VALUES (1525);
INSERT INTO nurse_specialization(employee_id, specialization_id) VALUES (1525, 1);
INSERT INTO employee (employeeid, first_name, last_name, telephone_number, date_of_employment)VALUES (1526, "Ebba", "Axelsson", "077-624661", NOW());
INSERT INTO nurse (employeeid) VALUES (1526);
INSERT INTO nurse_specialization(employee_id, specialization_id) VALUES (1526, 11);
INSERT INTO employee (employeeid, first_name, last_name, telephone_number, date_of_employment)VALUES (1527, "Salomon", "Lindgren", "044-583171", NOW());
INSERT INTO assistant_nurse (employeeid) VALUES (1527);
INSERT INTO employee (employeeid, first_name, last_name, telephone_number, date_of_employment)VALUES (1528, "Isabella", "Fransson", "074-622562", NOW());
INSERT INTO nurse (employeeid) VALUES (1528);
INSERT INTO nurse_specialization(employee_id, specialization_id) VALUES (1528, 3);
INSERT INTO employee (employeeid, first_name, last_name, telephone_number, date_of_employment)VALUES (1529, "Caspar", "Nyberg", "026-868753", NOW());
INSERT INTO nurse (employeeid) VALUES (1529);
INSERT INTO nurse_specialization(employee_id, specialization_id) VALUES (1529, 3);
INSERT INTO employee (employeeid, first_name, last_name, telephone_number, date_of_employment)VALUES (1530, "Adolfina", "Fredriksson", "021-702810", NOW());
INSERT INTO nurse (employeeid) VALUES (1530);

INSERT INTO employee (employeeid, first_name, last_name, telephone_number, date_of_employment)VALUES (1531, "Asta", "Isaksson", "075-373730", NOW());
INSERT INTO nurse (employeeid) VALUES (1531);
INSERT INTO nurse_specialization(employee_id, specialization_id) VALUES (1531, 15);
INSERT INTO employee (employeeid, first_name, last_name, telephone_number, date_of_employment)VALUES (1532, "Ragnar", "Strömberg", "026-253653", NOW());
INSERT INTO nurse (employeeid) VALUES (1532);
INSERT INTO nurse_specialization(employee_id, specialization_id) VALUES (1532, 6);
INSERT INTO employee (employeeid, first_name, last_name, telephone_number, date_of_employment)VALUES (1533, "Tova", "Holmberg", "031-801411", NOW());
INSERT INTO assistant_nurse (employeeid) VALUES (1533);
INSERT INTO employee (employeeid, first_name, last_name, telephone_number, date_of_employment)VALUES (1534, "Hanna", "Nyström", "072-214845", NOW());
INSERT INTO assistant_nurse (employeeid) VALUES (1534);
INSERT INTO employee (employeeid, first_name, last_name, telephone_number, date_of_employment)VALUES (1535, "Elisa", "Mattsson", "072-428256", NOW());
INSERT INTO doctor (employeeid) VALUES (1535);
INSERT INTO doctor_specialization(employeeid, specializationid) VALUES (1535, 7);
INSERT INTO employee (employeeid, first_name, last_name, telephone_number, date_of_employment)VALUES (1536, "Kalle", "Martinsson", "070-501823", NOW());
INSERT INTO assistant_nurse (employeeid) VALUES (1536);
INSERT INTO employee (employeeid, first_name, last_name, telephone_number, date_of_employment)VALUES (1537, "Mary", "Eriksson", "019-631156", NOW());
INSERT INTO doctor (employeeid) VALUES (1537);

INSERT INTO employee (employeeid, first_name, last_name, telephone_number, date_of_employment)VALUES (1538, "Abel", "Lind", "070-871700", NOW());
INSERT INTO nurse (employeeid) VALUES (1538);
INSERT INTO nurse_specialization(employee_id, specialization_id) VALUES (1538, 4);
INSERT INTO employee (employeeid, first_name, last_name, telephone_number, date_of_employment)VALUES (1539, "Irmgard", "Jansson", "031-867601", NOW());
INSERT INTO doctor (employeeid) VALUES (1539);
INSERT INTO doctor_specialization(employeeid, specializationid) VALUES (1539, 7);
INSERT INTO employee (employeeid, first_name, last_name, telephone_number, date_of_employment)VALUES (1540, "Lisette", "Magnusson", "072-777263", NOW());
INSERT INTO assistant_nurse (employeeid) VALUES (1540);
INSERT INTO employee (employeeid, first_name, last_name, telephone_number, date_of_employment)VALUES (1541, "Edgard", "Andersson", "035-033554", NOW());
INSERT INTO nurse (employeeid) VALUES (1541);
INSERT INTO nurse_specialization(employee_id, specialization_id) VALUES (1541, 7);
INSERT INTO employee (employeeid, first_name, last_name, telephone_number, date_of_employment)VALUES (1542, "Agne", "Dahlberg", "021-441221", NOW());
INSERT INTO doctor (employeeid) VALUES (1542);
INSERT INTO doctor_specialization(employeeid, specializationid) VALUES (1542, 5);
INSERT INTO employee (employeeid, first_name, last_name, telephone_number, date_of_employment)VALUES (1543, "Simon", "Forsberg", "046-370833", NOW());
INSERT INTO nurse (employeeid) VALUES (1543);
INSERT INTO nurse_specialization(employee_id, specialization_id) VALUES (1543, 2);
INSERT INTO employee (employeeid, first_name, last_name, telephone_number, date_of_employment)VALUES (1544, "Gabriel", "Lindberg", "077-400634", NOW());
INSERT INTO nurse (employeeid) VALUES (1544);
INSERT INTO nurse_specialization(employee_id, specialization_id) VALUES (1544, 10);
INSERT INTO employee (employeeid, first_name, last_name, telephone_number, date_of_employment)VALUES (1545, "Hanny", "Fredriksson", "074-045571", NOW());
INSERT INTO nurse (employeeid) VALUES (1545);
INSERT INTO nurse_specialization(employee_id, specialization_id) VALUES (1545, 6);
INSERT INTO employee (employeeid, first_name, last_name, telephone_number, date_of_employment)VALUES (1546, "Benni", "Norberg", "023-556381", NOW());
INSERT INTO doctor (employeeid) VALUES (1546);
INSERT INTO doctor_specialization(employeeid, specializationid) VALUES (1546, 13);
INSERT INTO employee (employeeid, first_name, last_name, telephone_number, date_of_employment)VALUES (1547, "Selmer", "Larsson", "021-002478", NOW());
INSERT INTO nurse (employeeid) VALUES (1547);

INSERT INTO employee (employeeid, first_name, last_name, telephone_number, date_of_employment)VALUES (1548, "Helly", "Hellström", "031-047741", NOW());
INSERT INTO assistant_nurse (employeeid) VALUES (1548);
INSERT INTO employee (employeeid, first_name, last_name, telephone_number, date_of_employment)VALUES (1549, "Jeanne", "Sundström", "011-870653", NOW());
INSERT INTO doctor (employeeid) VALUES (1549);
INSERT INTO doctor_specialization(employeeid, specializationid) VALUES (1549, 16);
INSERT INTO employee (employeeid, first_name, last_name, telephone_number, date_of_employment)VALUES (1550, "Tilda", "Forsberg", "073-260481", NOW());
INSERT INTO doctor (employeeid) VALUES (1550);
INSERT INTO doctor_specialization(employeeid, specializationid) VALUES (1550, 1);
INSERT INTO employee (employeeid, first_name, last_name, telephone_number, date_of_employment)VALUES (1551, "Ellen", "Löfgren", "076-135017", NOW());
INSERT INTO assistant_nurse (employeeid) VALUES (1551);
INSERT INTO employee (employeeid, first_name, last_name, telephone_number, date_of_employment)VALUES (1552, "Agaton", "Lund", "060-482818", NOW());
INSERT INTO doctor (employeeid) VALUES (1552);
INSERT INTO doctor_specialization(employeeid, specializationid) VALUES (1552, 14);
INSERT INTO employee (employeeid, first_name, last_name, telephone_number, date_of_employment)VALUES (1553, "Sanny", "Martinsson", "035-371506", NOW());
INSERT INTO doctor (employeeid) VALUES (1553);

INSERT INTO employee (employeeid, first_name, last_name, telephone_number, date_of_employment)VALUES (1554, "Yrsa", "Lindberg", "060-402105", NOW());
INSERT INTO assistant_nurse (employeeid) VALUES (1554);
INSERT INTO employee (employeeid, first_name, last_name, telephone_number, date_of_employment)VALUES (1555, "Elena", "Axelsson", "074-060767", NOW());
INSERT INTO doctor (employeeid) VALUES (1555);

INSERT INTO employee (employeeid, first_name, last_name, telephone_number, date_of_employment)VALUES (1556, "Essy", "Magnusson", "073-444113", NOW());
INSERT INTO assistant_nurse (employeeid) VALUES (1556);
INSERT INTO employee (employeeid, first_name, last_name, telephone_number, date_of_employment)VALUES (1557, "Tobias", "Nilsson", "023-727854", NOW());
INSERT INTO doctor (employeeid) VALUES (1557);

INSERT INTO employee (employeeid, first_name, last_name, telephone_number, date_of_employment)VALUES (1558, "Hilde", "Bergqvist", "040-554050", NOW());
INSERT INTO nurse (employeeid) VALUES (1558);
INSERT INTO nurse_specialization(employee_id, specialization_id) VALUES (1558, 5);
INSERT INTO employee (employeeid, first_name, last_name, telephone_number, date_of_employment)VALUES (1559, "Ursula", "Samuelsson", "042-828155", NOW());
INSERT INTO nurse (employeeid) VALUES (1559);
INSERT INTO nurse_specialization(employee_id, specialization_id) VALUES (1559, 8);
INSERT INTO employee (employeeid, first_name, last_name, telephone_number, date_of_employment)VALUES (1560, "Ella", "Nordström", "026-868851", NOW());
INSERT INTO nurse (employeeid) VALUES (1560);
INSERT INTO nurse_specialization(employee_id, specialization_id) VALUES (1560, 16);
INSERT INTO employee (employeeid, first_name, last_name, telephone_number, date_of_employment)VALUES (1561, "Gittan", "Bergqvist", "073-168577", NOW());
INSERT INTO doctor (employeeid) VALUES (1561);

INSERT INTO employee (employeeid, first_name, last_name, telephone_number, date_of_employment)VALUES (1562, "Heikki", "Viklund", "044-014378", NOW());
INSERT INTO doctor (employeeid) VALUES (1562);

INSERT INTO employee (employeeid, first_name, last_name, telephone_number, date_of_employment)VALUES (1563, "Jane", "Bergman", "036-815308", NOW());
INSERT INTO assistant_nurse (employeeid) VALUES (1563);
INSERT INTO employee (employeeid, first_name, last_name, telephone_number, date_of_employment)VALUES (1564, "Marlene", "Lund", "046-067844", NOW());
INSERT INTO doctor (employeeid) VALUES (1564);
INSERT INTO doctor_specialization(employeeid, specializationid) VALUES (1564, 10);
INSERT INTO employee (employeeid, first_name, last_name, telephone_number, date_of_employment)VALUES (1565, "Bellis", "Magnusson", "018-353510", NOW());
INSERT INTO nurse (employeeid) VALUES (1565);
INSERT INTO nurse_specialization(employee_id, specialization_id) VALUES (1565, 7);
INSERT INTO employee (employeeid, first_name, last_name, telephone_number, date_of_employment)VALUES (1566, "Doris", "Johansson", "036-222006", NOW());
INSERT INTO nurse (employeeid) VALUES (1566);
INSERT INTO nurse_specialization(employee_id, specialization_id) VALUES (1566, 16);
INSERT INTO employee (employeeid, first_name, last_name, telephone_number, date_of_employment)VALUES (1567, "Selmer", "Nordström", "078-711752", NOW());
INSERT INTO nurse (employeeid) VALUES (1567);

INSERT INTO employee (employeeid, first_name, last_name, telephone_number, date_of_employment)VALUES (1568, "Jimi", "Holmberg", "076-847088", NOW());
INSERT INTO nurse (employeeid) VALUES (1568);
INSERT INTO nurse_specialization(employee_id, specialization_id) VALUES (1568, 3);
INSERT INTO employee (employeeid, first_name, last_name, telephone_number, date_of_employment)VALUES (1569, "Olavus", "Fredriksson", "075-580664", NOW());
INSERT INTO assistant_nurse (employeeid) VALUES (1569);
INSERT INTO employee (employeeid, first_name, last_name, telephone_number, date_of_employment)VALUES (1570, "Daga", "Söderberg", "072-001464", NOW());
INSERT INTO nurse (employeeid) VALUES (1570);
INSERT INTO nurse_specialization(employee_id, specialization_id) VALUES (1570, 10);
INSERT INTO employee (employeeid, first_name, last_name, telephone_number, date_of_employment)VALUES (1571, "Louisa", "Sjöberg", "078-312816", NOW());
INSERT INTO nurse (employeeid) VALUES (1571);

INSERT INTO employee (employeeid, first_name, last_name, telephone_number, date_of_employment)VALUES (1572, "Kristina", "Bergqvist", "021-002056", NOW());
INSERT INTO doctor (employeeid) VALUES (1572);
INSERT INTO doctor_specialization(employeeid, specializationid) VALUES (1572, 7);
INSERT INTO employee (employeeid, first_name, last_name, telephone_number, date_of_employment)VALUES (1573, "Elfriede", "Danielsson", "019-083740", NOW());
INSERT INTO assistant_nurse (employeeid) VALUES (1573);
INSERT INTO employee (employeeid, first_name, last_name, telephone_number, date_of_employment)VALUES (1574, "Maret", "Lundström", "042-238827", NOW());
INSERT INTO assistant_nurse (employeeid) VALUES (1574);
INSERT INTO employee (employeeid, first_name, last_name, telephone_number, date_of_employment)VALUES (1575, "Alexia", "Fransson", "044-004047", NOW());
INSERT INTO assistant_nurse (employeeid) VALUES (1575);
INSERT INTO employee (employeeid, first_name, last_name, telephone_number, date_of_employment)VALUES (1576, "Ellen", "Sjögren", "019-566028", NOW());
INSERT INTO doctor (employeeid) VALUES (1576);
INSERT INTO doctor_specialization(employeeid, specializationid) VALUES (1576, 15);
INSERT INTO employee (employeeid, first_name, last_name, telephone_number, date_of_employment)VALUES (1577, "Yngve", "Hansen", "018-166846", NOW());
INSERT INTO doctor (employeeid) VALUES (1577);
INSERT INTO doctor_specialization(employeeid, specializationid) VALUES (1577, 6);
INSERT INTO employee (employeeid, first_name, last_name, telephone_number, date_of_employment)VALUES (1578, "Signe", "Sjögren", "076-700326", NOW());
INSERT INTO doctor (employeeid) VALUES (1578);
INSERT INTO doctor_specialization(employeeid, specializationid) VALUES (1578, 8);
INSERT INTO employee (employeeid, first_name, last_name, telephone_number, date_of_employment)VALUES (1579, "Jerker", "Åström", "036-665353", NOW());
INSERT INTO assistant_nurse (employeeid) VALUES (1579);
INSERT INTO employee (employeeid, first_name, last_name, telephone_number, date_of_employment)VALUES (1580, "Mattis", "Björklund", "023-585752", NOW());
INSERT INTO nurse (employeeid) VALUES (1580);
INSERT INTO nurse_specialization(employee_id, specialization_id) VALUES (1580, 7);
INSERT INTO employee (employeeid, first_name, last_name, telephone_number, date_of_employment)VALUES (1581, "Alida", "Holmberg", "036-235051", NOW());
INSERT INTO nurse (employeeid) VALUES (1581);
INSERT INTO nurse_specialization(employee_id, specialization_id) VALUES (1581, 13);
INSERT INTO employee (employeeid, first_name, last_name, telephone_number, date_of_employment)VALUES (1582, "Berta", "Blom", "011-452061", NOW());
INSERT INTO nurse (employeeid) VALUES (1582);
INSERT INTO nurse_specialization(employee_id, specialization_id) VALUES (1582, 6);
INSERT INTO employee (employeeid, first_name, last_name, telephone_number, date_of_employment)VALUES (1583, "Mirjam", "Berggren", "077-268376", NOW());
INSERT INTO assistant_nurse (employeeid) VALUES (1583);
INSERT INTO employee (employeeid, first_name, last_name, telephone_number, date_of_employment)VALUES (1584, "Clarissa", "Jönsson", "063-727854", NOW());
INSERT INTO nurse (employeeid) VALUES (1584);
INSERT INTO nurse_specialization(employee_id, specialization_id) VALUES (1584, 5);
INSERT INTO employee (employeeid, first_name, last_name, telephone_number, date_of_employment)VALUES (1585, "Germund", "Jonsson", "019-636175", NOW());
INSERT INTO doctor (employeeid) VALUES (1585);

INSERT INTO employee (employeeid, first_name, last_name, telephone_number, date_of_employment)VALUES (1586, "Moa", "Ek", "060-773162", NOW());
INSERT INTO assistant_nurse (employeeid) VALUES (1586);
INSERT INTO employee (employeeid, first_name, last_name, telephone_number, date_of_employment)VALUES (1587, "Dorotea", "Håkansson", "060-076100", NOW());
INSERT INTO doctor (employeeid) VALUES (1587);
INSERT INTO doctor_specialization(employeeid, specializationid) VALUES (1587, 12);
INSERT INTO employee (employeeid, first_name, last_name, telephone_number, date_of_employment)VALUES (1588, "Felix", "Andreasson", "077-733421", NOW());
INSERT INTO nurse (employeeid) VALUES (1588);
INSERT INTO nurse_specialization(employee_id, specialization_id) VALUES (1588, 16);
INSERT INTO employee (employeeid, first_name, last_name, telephone_number, date_of_employment)VALUES (1589, "Käthe", "Löfgren", "074-684818", NOW());
INSERT INTO nurse (employeeid) VALUES (1589);
INSERT INTO nurse_specialization(employee_id, specialization_id) VALUES (1589, 10);
INSERT INTO employee (employeeid, first_name, last_name, telephone_number, date_of_employment)VALUES (1590, "Clarissa", "Strömberg", "060-608868", NOW());
INSERT INTO assistant_nurse (employeeid) VALUES (1590);
INSERT INTO employee (employeeid, first_name, last_name, telephone_number, date_of_employment)VALUES (1591, "Teresia", "Persson", "063-402467", NOW());
INSERT INTO assistant_nurse (employeeid) VALUES (1591);
INSERT INTO employee (employeeid, first_name, last_name, telephone_number, date_of_employment)VALUES (1592, "Valter", "Andreasson", "016-280210", NOW());
INSERT INTO doctor (employeeid) VALUES (1592);
INSERT INTO doctor_specialization(employeeid, specializationid) VALUES (1592, 11);
INSERT INTO employee (employeeid, first_name, last_name, telephone_number, date_of_employment)VALUES (1593, "Osvald", "Ström", "060-402105", NOW());
INSERT INTO assistant_nurse (employeeid) VALUES (1593);
INSERT INTO employee (employeeid, first_name, last_name, telephone_number, date_of_employment)VALUES (1594, "Henrietta", "Karlsson", "046-888238", NOW());
INSERT INTO assistant_nurse (employeeid) VALUES (1594);
INSERT INTO employee (employeeid, first_name, last_name, telephone_number, date_of_employment)VALUES (1595, "Reiner", "Lund", "074-361072", NOW());
INSERT INTO doctor (employeeid) VALUES (1595);
INSERT INTO doctor_specialization(employeeid, specializationid) VALUES (1595, 16);
INSERT INTO employee (employeeid, first_name, last_name, telephone_number, date_of_employment)VALUES (1596, "Mårten", "Pålsson", "090-528325", NOW());
INSERT INTO nurse (employeeid) VALUES (1596);

INSERT INTO employee (employeeid, first_name, last_name, telephone_number, date_of_employment)VALUES (1597, "Leon", "Sundqvist", "075-136812", NOW());
INSERT INTO nurse (employeeid) VALUES (1597);

INSERT INTO employee (employeeid, first_name, last_name, telephone_number, date_of_employment)VALUES (1598, "Ove", "Jonasson", "072-228303", NOW());
INSERT INTO assistant_nurse (employeeid) VALUES (1598);
INSERT INTO employee (employeeid, first_name, last_name, telephone_number, date_of_employment)VALUES (1599, "Eero", "Bergman", "031-016521", NOW());
INSERT INTO doctor (employeeid) VALUES (1599);

INSERT INTO employee (employeeid, first_name, last_name, telephone_number, date_of_employment)VALUES (1600, "Davida", "Bergman", "072-854227", NOW());
INSERT INTO assistant_nurse (employeeid) VALUES (1600);
INSERT INTO employee (employeeid, first_name, last_name, telephone_number, date_of_employment)VALUES (1601, "Sabina", "Åberg", "016-262315", NOW());
INSERT INTO nurse (employeeid) VALUES (1601);

INSERT INTO employee (employeeid, first_name, last_name, telephone_number, date_of_employment)VALUES (1602, "Sabine", "Abrahamsson", "060-024357", NOW());
INSERT INTO doctor (employeeid) VALUES (1602);
INSERT INTO doctor_specialization(employeeid, specializationid) VALUES (1602, 8);
INSERT INTO employee (employeeid, first_name, last_name, telephone_number, date_of_employment)VALUES (1603, "Morgan", "Olsson", "073-524602", NOW());
INSERT INTO nurse (employeeid) VALUES (1603);
INSERT INTO nurse_specialization(employee_id, specialization_id) VALUES (1603, 12);
INSERT INTO employee (employeeid, first_name, last_name, telephone_number, date_of_employment)VALUES (1604, "Linus", "Lundqvist", "070-806101", NOW());
INSERT INTO nurse (employeeid) VALUES (1604);
INSERT INTO nurse_specialization(employee_id, specialization_id) VALUES (1604, 10);
INSERT INTO employee (employeeid, first_name, last_name, telephone_number, date_of_employment)VALUES (1605, "Arnold", "Lundberg", "075-081231", NOW());
INSERT INTO doctor (employeeid) VALUES (1605);
INSERT INTO doctor_specialization(employeeid, specializationid) VALUES (1605, 14);
INSERT INTO employee (employeeid, first_name, last_name, telephone_number, date_of_employment)VALUES (1606, "Constance", "Jansson", "073-408353", NOW());
INSERT INTO doctor (employeeid) VALUES (1606);
INSERT INTO doctor_specialization(employeeid, specializationid) VALUES (1606, 8);
INSERT INTO employee (employeeid, first_name, last_name, telephone_number, date_of_employment)VALUES (1607, "Manuel", "Andreasson", "074-123587", NOW());
INSERT INTO doctor (employeeid) VALUES (1607);
INSERT INTO doctor_specialization(employeeid, specializationid) VALUES (1607, 7);
INSERT INTO employee (employeeid, first_name, last_name, telephone_number, date_of_employment)VALUES (1608, "Emerentia", "Holmberg", "042-304713", NOW());
INSERT INTO nurse (employeeid) VALUES (1608);
INSERT INTO nurse_specialization(employee_id, specialization_id) VALUES (1608, 11);
INSERT INTO employee (employeeid, first_name, last_name, telephone_number, date_of_employment)VALUES (1609, "Elga", "Magnusson", "042-440385", NOW());
INSERT INTO nurse (employeeid) VALUES (1609);
INSERT INTO nurse_specialization(employee_id, specialization_id) VALUES (1609, 1);
INSERT INTO employee (employeeid, first_name, last_name, telephone_number, date_of_employment)VALUES (1610, "Arvid", "Martinsson", "077-271125", NOW());
INSERT INTO doctor (employeeid) VALUES (1610);
INSERT INTO doctor_specialization(employeeid, specializationid) VALUES (1610, 6);
INSERT INTO employee (employeeid, first_name, last_name, telephone_number, date_of_employment)VALUES (1611, "Gilbert", "Engström", "090-405860", NOW());
INSERT INTO nurse (employeeid) VALUES (1611);
INSERT INTO nurse_specialization(employee_id, specialization_id) VALUES (1611, 9);
INSERT INTO employee (employeeid, first_name, last_name, telephone_number, date_of_employment)VALUES (1612, "Barthold", "Eriksson", "021-263050", NOW());
INSERT INTO nurse (employeeid) VALUES (1612);
INSERT INTO nurse_specialization(employee_id, specialization_id) VALUES (1612, 12);
INSERT INTO employee (employeeid, first_name, last_name, telephone_number, date_of_employment)VALUES (1613, "Clary", "Axelsson", "023-646823", NOW());
INSERT INTO assistant_nurse (employeeid) VALUES (1613);
INSERT INTO employee (employeeid, first_name, last_name, telephone_number, date_of_employment)VALUES (1614, "Naimi", "Wallin", "036-442722", NOW());
INSERT INTO assistant_nurse (employeeid) VALUES (1614);
INSERT INTO employee (employeeid, first_name, last_name, telephone_number, date_of_employment)VALUES (1615, "Rasmus", "Bergman", "018-317621", NOW());
INSERT INTO nurse (employeeid) VALUES (1615);
INSERT INTO nurse_specialization(employee_id, specialization_id) VALUES (1615, 11);
INSERT INTO employee (employeeid, first_name, last_name, telephone_number, date_of_employment)VALUES (1616, "Heddy", "Jönsson", "076-665353", NOW());
INSERT INTO assistant_nurse (employeeid) VALUES (1616);
INSERT INTO employee (employeeid, first_name, last_name, telephone_number, date_of_employment)VALUES (1617, "Lennie", "Forsberg", "072-476012", NOW());
INSERT INTO assistant_nurse (employeeid) VALUES (1617);
INSERT INTO employee (employeeid, first_name, last_name, telephone_number, date_of_employment)VALUES (1618, "Connie", "Martinsson", "046-272754", NOW());
INSERT INTO doctor (employeeid) VALUES (1618);
INSERT INTO doctor_specialization(employeeid, specializationid) VALUES (1618, 3);
INSERT INTO employee (employeeid, first_name, last_name, telephone_number, date_of_employment)VALUES (1619, "Helmina", "Sandström", "076-476034", NOW());
INSERT INTO nurse (employeeid) VALUES (1619);
INSERT INTO nurse_specialization(employee_id, specialization_id) VALUES (1619, 12);
INSERT INTO employee (employeeid, first_name, last_name, telephone_number, date_of_employment)VALUES (1620, "Klemens", "Berggren", "073-363768", NOW());
INSERT INTO nurse (employeeid) VALUES (1620);
INSERT INTO nurse_specialization(employee_id, specialization_id) VALUES (1620, 4);
INSERT INTO employee (employeeid, first_name, last_name, telephone_number, date_of_employment)VALUES (1621, "Rosie", "Danielsson", "021-366661", NOW());
INSERT INTO nurse (employeeid) VALUES (1621);
INSERT INTO nurse_specialization(employee_id, specialization_id) VALUES (1621, 12);
INSERT INTO employee (employeeid, first_name, last_name, telephone_number, date_of_employment)VALUES (1622, "Gunborg", "Sjöberg", "060-156034", NOW());
INSERT INTO nurse (employeeid) VALUES (1622);
INSERT INTO nurse_specialization(employee_id, specialization_id) VALUES (1622, 4);
INSERT INTO employee (employeeid, first_name, last_name, telephone_number, date_of_employment)VALUES (1623, "Lucie", "Fredriksson", "070-647252", NOW());
INSERT INTO nurse (employeeid) VALUES (1623);
INSERT INTO nurse_specialization(employee_id, specialization_id) VALUES (1623, 13);
INSERT INTO employee (employeeid, first_name, last_name, telephone_number, date_of_employment)VALUES (1624, "Tilda", "Falk", "033-768387", NOW());
INSERT INTO nurse (employeeid) VALUES (1624);
INSERT INTO nurse_specialization(employee_id, specialization_id) VALUES (1624, 15);
INSERT INTO employee (employeeid, first_name, last_name, telephone_number, date_of_employment)VALUES (1625, "Emma", "Ek", "074-407315", NOW());
INSERT INTO nurse (employeeid) VALUES (1625);
INSERT INTO nurse_specialization(employee_id, specialization_id) VALUES (1625, 8);
INSERT INTO employee (employeeid, first_name, last_name, telephone_number, date_of_employment)VALUES (1626, "Francis", "Nordin", "031-362136", NOW());
INSERT INTO assistant_nurse (employeeid) VALUES (1626);
INSERT INTO employee (employeeid, first_name, last_name, telephone_number, date_of_employment)VALUES (1627, "Sara", "Nilsson", "018-731170", NOW());
INSERT INTO nurse (employeeid) VALUES (1627);

INSERT INTO employee (employeeid, first_name, last_name, telephone_number, date_of_employment)VALUES (1628, "Silvia", "Falk", "070-527786", NOW());
INSERT INTO nurse (employeeid) VALUES (1628);

INSERT INTO employee (employeeid, first_name, last_name, telephone_number, date_of_employment)VALUES (1629, "Alejandra", "Jonsson", "016-843120", NOW());
INSERT INTO doctor (employeeid) VALUES (1629);
INSERT INTO doctor_specialization(employeeid, specializationid) VALUES (1629, 8);
INSERT INTO employee (employeeid, first_name, last_name, telephone_number, date_of_employment)VALUES (1630, "Ragna", "Lindström", "078-330832", NOW());
INSERT INTO nurse (employeeid) VALUES (1630);

INSERT INTO employee (employeeid, first_name, last_name, telephone_number, date_of_employment)VALUES (1631, "Hemming", "Eklund", "046-567131", NOW());
INSERT INTO nurse (employeeid) VALUES (1631);
INSERT INTO nurse_specialization(employee_id, specialization_id) VALUES (1631, 7);
INSERT INTO employee (employeeid, first_name, last_name, telephone_number, date_of_employment)VALUES (1632, "Georgios", "Bengtsson", "016-633450", NOW());
INSERT INTO doctor (employeeid) VALUES (1632);
INSERT INTO doctor_specialization(employeeid, specializationid) VALUES (1632, 16);
INSERT INTO employee (employeeid, first_name, last_name, telephone_number, date_of_employment)VALUES (1633, "Lilly", "Sundqvist", "011-328020", NOW());
INSERT INTO assistant_nurse (employeeid) VALUES (1633);
INSERT INTO employee (employeeid, first_name, last_name, telephone_number, date_of_employment)VALUES (1634, "Kuno", "Gustafsson", "074-006237", NOW());
INSERT INTO doctor (employeeid) VALUES (1634);
INSERT INTO doctor_specialization(employeeid, specializationid) VALUES (1634, 6);
INSERT INTO employee (employeeid, first_name, last_name, telephone_number, date_of_employment)VALUES (1635, "Lage", "Nyberg", "076-843658", NOW());
INSERT INTO assistant_nurse (employeeid) VALUES (1635);
INSERT INTO employee (employeeid, first_name, last_name, telephone_number, date_of_employment)VALUES (1636, "Sissel", "Andreasson", "078-810252", NOW());
INSERT INTO nurse (employeeid) VALUES (1636);

INSERT INTO employee (employeeid, first_name, last_name, telephone_number, date_of_employment)VALUES (1637, "Estelle", "Nordström", "019-726108", NOW());
INSERT INTO nurse (employeeid) VALUES (1637);
INSERT INTO nurse_specialization(employee_id, specialization_id) VALUES (1637, 2);
INSERT INTO employee (employeeid, first_name, last_name, telephone_number, date_of_employment)VALUES (1638, "Bob", "Pettersson", "019-876081", NOW());
INSERT INTO assistant_nurse (employeeid) VALUES (1638);
INSERT INTO employee (employeeid, first_name, last_name, telephone_number, date_of_employment)VALUES (1639, "Salli", "Öberg", "075-418214", NOW());
INSERT INTO assistant_nurse (employeeid) VALUES (1639);
INSERT INTO employee (employeeid, first_name, last_name, telephone_number, date_of_employment)VALUES (1640, "Janet", "Jonsson", "042-447875", NOW());
INSERT INTO assistant_nurse (employeeid) VALUES (1640);
INSERT INTO employee (employeeid, first_name, last_name, telephone_number, date_of_employment)VALUES (1641, "Maggie", "Lundin", "040-511013", NOW());
INSERT INTO assistant_nurse (employeeid) VALUES (1641);
INSERT INTO employee (employeeid, first_name, last_name, telephone_number, date_of_employment)VALUES (1642, "Lilian", "Claesson", "026-663320", NOW());
INSERT INTO doctor (employeeid) VALUES (1642);
INSERT INTO doctor_specialization(employeeid, specializationid) VALUES (1642, 7);
INSERT INTO employee (employeeid, first_name, last_name, telephone_number, date_of_employment)VALUES (1643, "Elvy", "Fransson", "078-728566", NOW());
INSERT INTO doctor (employeeid) VALUES (1643);
INSERT INTO doctor_specialization(employeeid, specializationid) VALUES (1643, 1);
INSERT INTO employee (employeeid, first_name, last_name, telephone_number, date_of_employment)VALUES (1644, "Augustinus", "Hansson", "046-623721", NOW());
INSERT INTO doctor (employeeid) VALUES (1644);
INSERT INTO doctor_specialization(employeeid, specializationid) VALUES (1644, 1);
INSERT INTO employee (employeeid, first_name, last_name, telephone_number, date_of_employment)VALUES (1645, "Josef", "Samuelsson", "042-017811", NOW());
INSERT INTO assistant_nurse (employeeid) VALUES (1645);
INSERT INTO employee (employeeid, first_name, last_name, telephone_number, date_of_employment)VALUES (1646, "Fritiof", "Sundqvist", "078-623721", NOW());
INSERT INTO assistant_nurse (employeeid) VALUES (1646);
INSERT INTO employee (employeeid, first_name, last_name, telephone_number, date_of_employment)VALUES (1647, "Paavo", "Blom", "063-701775", NOW());
INSERT INTO assistant_nurse (employeeid) VALUES (1647);
INSERT INTO employee (employeeid, first_name, last_name, telephone_number, date_of_employment)VALUES (1648, "Peter", "Larsson", "075-731434", NOW());
INSERT INTO doctor (employeeid) VALUES (1648);

INSERT INTO employee (employeeid, first_name, last_name, telephone_number, date_of_employment)VALUES (1649, "Mats", "Olofsson", "033-151703", NOW());
INSERT INTO doctor (employeeid) VALUES (1649);
INSERT INTO doctor_specialization(employeeid, specializationid) VALUES (1649, 13);
INSERT INTO employee (employeeid, first_name, last_name, telephone_number, date_of_employment)VALUES (1650, "Gottfrida", "Ström", "035-635078", NOW());
INSERT INTO doctor (employeeid) VALUES (1650);
INSERT INTO doctor_specialization(employeeid, specializationid) VALUES (1650, 14);
INSERT INTO employee (employeeid, first_name, last_name, telephone_number, date_of_employment)VALUES (1651, "Ninni", "Svensson", "044-661303", NOW());
INSERT INTO assistant_nurse (employeeid) VALUES (1651);
INSERT INTO employee (employeeid, first_name, last_name, telephone_number, date_of_employment)VALUES (1652, "Gusti", "Mårtensson", "044-438511", NOW());
INSERT INTO nurse (employeeid) VALUES (1652);
INSERT INTO nurse_specialization(employee_id, specialization_id) VALUES (1652, 6);
INSERT INTO employee (employeeid, first_name, last_name, telephone_number, date_of_employment)VALUES (1653, "Pauline", "Holmgren", "074-367347", NOW());
INSERT INTO assistant_nurse (employeeid) VALUES (1653);
INSERT INTO employee (employeeid, first_name, last_name, telephone_number, date_of_employment)VALUES (1654, "Gert", "Jonsson", "040-064727", NOW());
INSERT INTO nurse (employeeid) VALUES (1654);

INSERT INTO employee (employeeid, first_name, last_name, telephone_number, date_of_employment)VALUES (1655, "Benny", "Lundin", "031-768387", NOW());
INSERT INTO assistant_nurse (employeeid) VALUES (1655);
INSERT INTO employee (employeeid, first_name, last_name, telephone_number, date_of_employment)VALUES (1656, "Johnny", "Lundqvist", "074-304221", NOW());
INSERT INTO nurse (employeeid) VALUES (1656);
INSERT INTO nurse_specialization(employee_id, specialization_id) VALUES (1656, 8);
INSERT INTO employee (employeeid, first_name, last_name, telephone_number, date_of_employment)VALUES (1657, "Hjördis", "Lundberg", "018-334462", NOW());
INSERT INTO assistant_nurse (employeeid) VALUES (1657);
INSERT INTO employee (employeeid, first_name, last_name, telephone_number, date_of_employment)VALUES (1658, "Ebbe", "Lundin", "078-688656", NOW());
INSERT INTO nurse (employeeid) VALUES (1658);
INSERT INTO nurse_specialization(employee_id, specialization_id) VALUES (1658, 4);
INSERT INTO employee (employeeid, first_name, last_name, telephone_number, date_of_employment)VALUES (1659, "Helene", "Bergqvist", "031-236664", NOW());
INSERT INTO nurse (employeeid) VALUES (1659);
INSERT INTO nurse_specialization(employee_id, specialization_id) VALUES (1659, 11);
INSERT INTO employee (employeeid, first_name, last_name, telephone_number, date_of_employment)VALUES (1660, "Beata", "Blom", "019-123000", NOW());
INSERT INTO nurse (employeeid) VALUES (1660);
INSERT INTO nurse_specialization(employee_id, specialization_id) VALUES (1660, 6);
INSERT INTO employee (employeeid, first_name, last_name, telephone_number, date_of_employment)VALUES (1661, "Ronny", "Holm", "042-277822", NOW());
INSERT INTO doctor (employeeid) VALUES (1661);
INSERT INTO doctor_specialization(employeeid, specializationid) VALUES (1661, 5);
INSERT INTO employee (employeeid, first_name, last_name, telephone_number, date_of_employment)VALUES (1662, "Gabriel", "Hellström", "074-123000", NOW());
INSERT INTO doctor (employeeid) VALUES (1662);
INSERT INTO doctor_specialization(employeeid, specializationid) VALUES (1662, 2);
INSERT INTO employee (employeeid, first_name, last_name, telephone_number, date_of_employment)VALUES (1663, "Alba", "Dahlberg", "044-165645", NOW());
INSERT INTO doctor (employeeid) VALUES (1663);
INSERT INTO doctor_specialization(employeeid, specializationid) VALUES (1663, 10);
INSERT INTO employee (employeeid, first_name, last_name, telephone_number, date_of_employment)VALUES (1664, "Klara", "Bengtsson", "035-663320", NOW());
INSERT INTO doctor (employeeid) VALUES (1664);
INSERT INTO doctor_specialization(employeeid, specializationid) VALUES (1664, 7);
INSERT INTO employee (employeeid, first_name, last_name, telephone_number, date_of_employment)VALUES (1665, "Riitta", "Pålsson", "019-741861", NOW());
INSERT INTO nurse (employeeid) VALUES (1665);
INSERT INTO nurse_specialization(employee_id, specialization_id) VALUES (1665, 1);
INSERT INTO employee (employeeid, first_name, last_name, telephone_number, date_of_employment)VALUES (1666, "Håkan", "Johansson", "036-326847", NOW());
INSERT INTO nurse (employeeid) VALUES (1666);
INSERT INTO nurse_specialization(employee_id, specialization_id) VALUES (1666, 1);
INSERT INTO employee (employeeid, first_name, last_name, telephone_number, date_of_employment)VALUES (1667, "Torgny", "Jonasson", "033-432076", NOW());
INSERT INTO nurse (employeeid) VALUES (1667);
INSERT INTO nurse_specialization(employee_id, specialization_id) VALUES (1667, 3);
INSERT INTO employee (employeeid, first_name, last_name, telephone_number, date_of_employment)VALUES (1668, "Sonny", "Nyström", "023-016521", NOW());
INSERT INTO assistant_nurse (employeeid) VALUES (1668);
INSERT INTO employee (employeeid, first_name, last_name, telephone_number, date_of_employment)VALUES (1669, "Jonas", "Pålsson", "011-045637", NOW());
INSERT INTO doctor (employeeid) VALUES (1669);

INSERT INTO employee (employeeid, first_name, last_name, telephone_number, date_of_employment)VALUES (1670, "Ragnar", "Holmqvist", "090-712373", NOW());
INSERT INTO assistant_nurse (employeeid) VALUES (1670);
INSERT INTO employee (employeeid, first_name, last_name, telephone_number, date_of_employment)VALUES (1671, "Manuela", "Åström", "073-537723", NOW());
INSERT INTO assistant_nurse (employeeid) VALUES (1671);
INSERT INTO employee (employeeid, first_name, last_name, telephone_number, date_of_employment)VALUES (1672, "Nilla", "Lindgren", "033-121473", NOW());
INSERT INTO nurse (employeeid) VALUES (1672);
INSERT INTO nurse_specialization(employee_id, specialization_id) VALUES (1672, 9);
INSERT INTO employee (employeeid, first_name, last_name, telephone_number, date_of_employment)VALUES (1673, "José", "Blom", "046-032857", NOW());
INSERT INTO nurse (employeeid) VALUES (1673);
INSERT INTO nurse_specialization(employee_id, specialization_id) VALUES (1673, 12);
INSERT INTO employee (employeeid, first_name, last_name, telephone_number, date_of_employment)VALUES (1674, "Valentin", "Ivarsson", "074-301333", NOW());
INSERT INTO nurse (employeeid) VALUES (1674);
INSERT INTO nurse_specialization(employee_id, specialization_id) VALUES (1674, 14);
INSERT INTO employee (employeeid, first_name, last_name, telephone_number, date_of_employment)VALUES (1675, "Dagmar", "Holmgren", "070-008072", NOW());
INSERT INTO nurse (employeeid) VALUES (1675);
INSERT INTO nurse_specialization(employee_id, specialization_id) VALUES (1675, 5);
INSERT INTO employee (employeeid, first_name, last_name, telephone_number, date_of_employment)VALUES (1676, "Lauri", "Hedlund", "036-502364", NOW());
INSERT INTO doctor (employeeid) VALUES (1676);

INSERT INTO employee (employeeid, first_name, last_name, telephone_number, date_of_employment)VALUES (1677, "Pernille", "Nilsson", "090-840153", NOW());
INSERT INTO doctor (employeeid) VALUES (1677);

INSERT INTO employee (employeeid, first_name, last_name, telephone_number, date_of_employment)VALUES (1678, "Samuel", "Holmgren", "016-308434", NOW());
INSERT INTO doctor (employeeid) VALUES (1678);
INSERT INTO doctor_specialization(employeeid, specializationid) VALUES (1678, 7);
INSERT INTO employee (employeeid, first_name, last_name, telephone_number, date_of_employment)VALUES (1679, "Kevin", "Strömberg", "075-838576", NOW());
INSERT INTO nurse (employeeid) VALUES (1679);
INSERT INTO nurse_specialization(employee_id, specialization_id) VALUES (1679, 1);
INSERT INTO employee (employeeid, first_name, last_name, telephone_number, date_of_employment)VALUES (1680, "Anselm", "Larsson", "040-886122", NOW());
INSERT INTO nurse (employeeid) VALUES (1680);
INSERT INTO nurse_specialization(employee_id, specialization_id) VALUES (1680, 13);
INSERT INTO employee (employeeid, first_name, last_name, telephone_number, date_of_employment)VALUES (1681, "Jonas", "Lundgren", "073-618545", NOW());
INSERT INTO assistant_nurse (employeeid) VALUES (1681);
INSERT INTO employee (employeeid, first_name, last_name, telephone_number, date_of_employment)VALUES (1682, "Runo", "Lund", "040-654266", NOW());
INSERT INTO doctor (employeeid) VALUES (1682);
INSERT INTO doctor_specialization(employeeid, specializationid) VALUES (1682, 13);
INSERT INTO employee (employeeid, first_name, last_name, telephone_number, date_of_employment)VALUES (1683, "Matilda", "Jönsson", "031-087702", NOW());
INSERT INTO nurse (employeeid) VALUES (1683);
INSERT INTO nurse_specialization(employee_id, specialization_id) VALUES (1683, 16);
INSERT INTO employee (employeeid, first_name, last_name, telephone_number, date_of_employment)VALUES (1684, "Joen", "Hansson", "031-215168", NOW());
INSERT INTO nurse (employeeid) VALUES (1684);

INSERT INTO employee (employeeid, first_name, last_name, telephone_number, date_of_employment)VALUES (1685, "Vivan", "Jonasson", "072-632020", NOW());
INSERT INTO doctor (employeeid) VALUES (1685);
INSERT INTO doctor_specialization(employeeid, specializationid) VALUES (1685, 8);
INSERT INTO employee (employeeid, first_name, last_name, telephone_number, date_of_employment)VALUES (1686, "Tilda", "Lindberg", "018-867553", NOW());
INSERT INTO assistant_nurse (employeeid) VALUES (1686);
INSERT INTO employee (employeeid, first_name, last_name, telephone_number, date_of_employment)VALUES (1687, "Immanuel", "Wallin", "018-232348", NOW());
INSERT INTO doctor (employeeid) VALUES (1687);
INSERT INTO doctor_specialization(employeeid, specializationid) VALUES (1687, 4);
INSERT INTO employee (employeeid, first_name, last_name, telephone_number, date_of_employment)VALUES (1688, "Hildur", "Gustafsson", "078-077747", NOW());
INSERT INTO assistant_nurse (employeeid) VALUES (1688);
INSERT INTO employee (employeeid, first_name, last_name, telephone_number, date_of_employment)VALUES (1689, "Mogens", "Lind", "074-135764", NOW());
INSERT INTO nurse (employeeid) VALUES (1689);
INSERT INTO nurse_specialization(employee_id, specialization_id) VALUES (1689, 14);
INSERT INTO employee (employeeid, first_name, last_name, telephone_number, date_of_employment)VALUES (1690, "Palle", "Gustafsson", "074-325514", NOW());
INSERT INTO nurse (employeeid) VALUES (1690);
INSERT INTO nurse_specialization(employee_id, specialization_id) VALUES (1690, 1);
INSERT INTO employee (employeeid, first_name, last_name, telephone_number, date_of_employment)VALUES (1691, "Margita", "Viklund", "072-001464", NOW());
INSERT INTO assistant_nurse (employeeid) VALUES (1691);
INSERT INTO employee (employeeid, first_name, last_name, telephone_number, date_of_employment)VALUES (1692, "Mattias", "Hansson", "023-183601", NOW());
INSERT INTO doctor (employeeid) VALUES (1692);
INSERT INTO doctor_specialization(employeeid, specializationid) VALUES (1692, 7);
INSERT INTO employee (employeeid, first_name, last_name, telephone_number, date_of_employment)VALUES (1693, "Anita", "Holmgren", "044-442501", NOW());
INSERT INTO assistant_nurse (employeeid) VALUES (1693);
INSERT INTO employee (employeeid, first_name, last_name, telephone_number, date_of_employment)VALUES (1694, "Torsten", "Olofsson", "023-468747", NOW());
INSERT INTO doctor (employeeid) VALUES (1694);
INSERT INTO doctor_specialization(employeeid, specializationid) VALUES (1694, 7);
INSERT INTO employee (employeeid, first_name, last_name, telephone_number, date_of_employment)VALUES (1695, "Gerti", "Jansson", "019-337250", NOW());
INSERT INTO doctor (employeeid) VALUES (1695);
INSERT INTO doctor_specialization(employeeid, specializationid) VALUES (1695, 13);
INSERT INTO employee (employeeid, first_name, last_name, telephone_number, date_of_employment)VALUES (1696, "Agda", "Persson", "060-732221", NOW());
INSERT INTO nurse (employeeid) VALUES (1696);
INSERT INTO nurse_specialization(employee_id, specialization_id) VALUES (1696, 5);
INSERT INTO employee (employeeid, first_name, last_name, telephone_number, date_of_employment)VALUES (1697, "Charlie", "Öberg", "063-172435", NOW());
INSERT INTO assistant_nurse (employeeid) VALUES (1697);
INSERT INTO employee (employeeid, first_name, last_name, telephone_number, date_of_employment)VALUES (1698, "Krister", "Lund", "031-377151", NOW());
INSERT INTO assistant_nurse (employeeid) VALUES (1698);
INSERT INTO employee (employeeid, first_name, last_name, telephone_number, date_of_employment)VALUES (1699, "Jimmie", "Andreasson", "076-205451", NOW());
INSERT INTO assistant_nurse (employeeid) VALUES (1699);
INSERT INTO employee (employeeid, first_name, last_name, telephone_number, date_of_employment)VALUES (1700, "Daniela", "Gustafsson", "042-157520", NOW());
INSERT INTO nurse (employeeid) VALUES (1700);
INSERT INTO nurse_specialization(employee_id, specialization_id) VALUES (1700, 15);
INSERT INTO employee (employeeid, first_name, last_name, telephone_number, date_of_employment)VALUES (1701, "Hanne", "Hansen", "074-270603", NOW());
INSERT INTO doctor (employeeid) VALUES (1701);
INSERT INTO doctor_specialization(employeeid, specializationid) VALUES (1701, 1);
INSERT INTO employee (employeeid, first_name, last_name, telephone_number, date_of_employment)VALUES (1702, "Maud", "Andersson", "075-276601", NOW());
INSERT INTO doctor (employeeid) VALUES (1702);
INSERT INTO doctor_specialization(employeeid, specializationid) VALUES (1702, 14);
INSERT INTO employee (employeeid, first_name, last_name, telephone_number, date_of_employment)VALUES (1703, "Carol", "Magnusson", "072-868583", NOW());
INSERT INTO doctor (employeeid) VALUES (1703);
INSERT INTO doctor_specialization(employeeid, specializationid) VALUES (1703, 9);
INSERT INTO employee (employeeid, first_name, last_name, telephone_number, date_of_employment)VALUES (1704, "Kevin", "Bergqvist", "074-667235", NOW());
INSERT INTO assistant_nurse (employeeid) VALUES (1704);
INSERT INTO employee (employeeid, first_name, last_name, telephone_number, date_of_employment)VALUES (1705, "Clary", "Andreasson", "078-830146", NOW());
INSERT INTO assistant_nurse (employeeid) VALUES (1705);
INSERT INTO employee (employeeid, first_name, last_name, telephone_number, date_of_employment)VALUES (1706, "Elof", "Svensson", "070-286222", NOW());
INSERT INTO assistant_nurse (employeeid) VALUES (1706);
INSERT INTO employee (employeeid, first_name, last_name, telephone_number, date_of_employment)VALUES (1707, "Daniela", "Lind", "078-800660", NOW());
INSERT INTO doctor (employeeid) VALUES (1707);
INSERT INTO doctor_specialization(employeeid, specializationid) VALUES (1707, 4);
INSERT INTO employee (employeeid, first_name, last_name, telephone_number, date_of_employment)VALUES (1708, "Martti", "Holmgren", "016-386680", NOW());
INSERT INTO doctor (employeeid) VALUES (1708);
INSERT INTO doctor_specialization(employeeid, specializationid) VALUES (1708, 8);
INSERT INTO employee (employeeid, first_name, last_name, telephone_number, date_of_employment)VALUES (1709, "Matteus", "Gunnarsson", "063-736071", NOW());
INSERT INTO doctor (employeeid) VALUES (1709);

INSERT INTO employee (employeeid, first_name, last_name, telephone_number, date_of_employment)VALUES (1710, "Lea", "Lindström", "016-515052", NOW());
INSERT INTO nurse (employeeid) VALUES (1710);
INSERT INTO nurse_specialization(employee_id, specialization_id) VALUES (1710, 6);
INSERT INTO employee (employeeid, first_name, last_name, telephone_number, date_of_employment)VALUES (1711, "Irja", "Lindgren", "042-766876", NOW());
INSERT INTO doctor (employeeid) VALUES (1711);
INSERT INTO doctor_specialization(employeeid, specializationid) VALUES (1711, 3);
INSERT INTO employee (employeeid, first_name, last_name, telephone_number, date_of_employment)VALUES (1712, "Louise", "Wallin", "078-082823", NOW());
INSERT INTO assistant_nurse (employeeid) VALUES (1712);
INSERT INTO employee (employeeid, first_name, last_name, telephone_number, date_of_employment)VALUES (1713, "Dennis", "Pettersson", "040-115002", NOW());
INSERT INTO doctor (employeeid) VALUES (1713);
INSERT INTO doctor_specialization(employeeid, specializationid) VALUES (1713, 9);
INSERT INTO employee (employeeid, first_name, last_name, telephone_number, date_of_employment)VALUES (1714, "Harriet", "Blom", "073-466051", NOW());
INSERT INTO assistant_nurse (employeeid) VALUES (1714);
INSERT INTO employee (employeeid, first_name, last_name, telephone_number, date_of_employment)VALUES (1715, "Fritiof", "Lindberg", "026-565262", NOW());
INSERT INTO assistant_nurse (employeeid) VALUES (1715);
INSERT INTO employee (employeeid, first_name, last_name, telephone_number, date_of_employment)VALUES (1716, "Georgios", "Isaksson", "044-307325", NOW());
INSERT INTO doctor (employeeid) VALUES (1716);
INSERT INTO doctor_specialization(employeeid, specializationid) VALUES (1716, 11);
INSERT INTO employee (employeeid, first_name, last_name, telephone_number, date_of_employment)VALUES (1717, "Lizette", "Eriksson", "016-648846", NOW());
INSERT INTO doctor (employeeid) VALUES (1717);

INSERT INTO employee (employeeid, first_name, last_name, telephone_number, date_of_employment)VALUES (1718, "Naima", "Hellström", "019-022748", NOW());
INSERT INTO assistant_nurse (employeeid) VALUES (1718);
INSERT INTO employee (employeeid, first_name, last_name, telephone_number, date_of_employment)VALUES (1719, "Folke", "Gunnarsson", "040-216813", NOW());
INSERT INTO doctor (employeeid) VALUES (1719);
INSERT INTO doctor_specialization(employeeid, specializationid) VALUES (1719, 6);
INSERT INTO employee (employeeid, first_name, last_name, telephone_number, date_of_employment)VALUES (1720, "Alberto", "Jansson", "023-101677", NOW());
INSERT INTO nurse (employeeid) VALUES (1720);

INSERT INTO employee (employeeid, first_name, last_name, telephone_number, date_of_employment)VALUES (1721, "Ingo", "Lundberg", "060-476034", NOW());
INSERT INTO nurse (employeeid) VALUES (1721);

INSERT INTO employee (employeeid, first_name, last_name, telephone_number, date_of_employment)VALUES (1722, "Linn", "Björk", "018-188437", NOW());
INSERT INTO nurse (employeeid) VALUES (1722);
INSERT INTO nurse_specialization(employee_id, specialization_id) VALUES (1722, 10);
INSERT INTO employee (employeeid, first_name, last_name, telephone_number, date_of_employment)VALUES (1723, "Gabrielle", "Danielsson", "072-406612", NOW());
INSERT INTO nurse (employeeid) VALUES (1723);
INSERT INTO nurse_specialization(employee_id, specialization_id) VALUES (1723, 11);
INSERT INTO employee (employeeid, first_name, last_name, telephone_number, date_of_employment)VALUES (1724, "György", "Lindström", "033-068022", NOW());
INSERT INTO doctor (employeeid) VALUES (1724);
INSERT INTO doctor_specialization(employeeid, specializationid) VALUES (1724, 8);
INSERT INTO employee (employeeid, first_name, last_name, telephone_number, date_of_employment)VALUES (1725, "Rutger", "Olofsson", "077-701775", NOW());
INSERT INTO assistant_nurse (employeeid) VALUES (1725);
INSERT INTO employee (employeeid, first_name, last_name, telephone_number, date_of_employment)VALUES (1726, "Elis", "Sjögren", "060-407146", NOW());
INSERT INTO doctor (employeeid) VALUES (1726);
INSERT INTO doctor_specialization(employeeid, specializationid) VALUES (1726, 2);
INSERT INTO employee (employeeid, first_name, last_name, telephone_number, date_of_employment)VALUES (1727, "Malte", "Eliasson", "063-307210", NOW());
INSERT INTO assistant_nurse (employeeid) VALUES (1727);
INSERT INTO employee (employeeid, first_name, last_name, telephone_number, date_of_employment)VALUES (1728, "Edvard", "Sundqvist", "026-677376", NOW());
INSERT INTO assistant_nurse (employeeid) VALUES (1728);
INSERT INTO employee (employeeid, first_name, last_name, telephone_number, date_of_employment)VALUES (1729, "Violetta", "Lindberg", "063-081871", NOW());
INSERT INTO assistant_nurse (employeeid) VALUES (1729);
INSERT INTO employee (employeeid, first_name, last_name, telephone_number, date_of_employment)VALUES (1730, "Natali", "Hansen", "016-428256", NOW());
INSERT INTO nurse (employeeid) VALUES (1730);
INSERT INTO nurse_specialization(employee_id, specialization_id) VALUES (1730, 15);
INSERT INTO employee (employeeid, first_name, last_name, telephone_number, date_of_employment)VALUES (1731, "Blenda", "Söderberg", "023-303730", NOW());
INSERT INTO doctor (employeeid) VALUES (1731);
INSERT INTO doctor_specialization(employeeid, specializationid) VALUES (1731, 1);
INSERT INTO employee (employeeid, first_name, last_name, telephone_number, date_of_employment)VALUES (1732, "William", "Nilsson", "044-363554", NOW());
INSERT INTO assistant_nurse (employeeid) VALUES (1732);
INSERT INTO employee (employeeid, first_name, last_name, telephone_number, date_of_employment)VALUES (1733, "Edvin", "Ek", "021-177553", NOW());
INSERT INTO doctor (employeeid) VALUES (1733);
INSERT INTO doctor_specialization(employeeid, specializationid) VALUES (1733, 3);
INSERT INTO employee (employeeid, first_name, last_name, telephone_number, date_of_employment)VALUES (1734, "Nadja", "Nyström", "033-224533", NOW());
INSERT INTO doctor (employeeid) VALUES (1734);
INSERT INTO doctor_specialization(employeeid, specializationid) VALUES (1734, 8);
INSERT INTO employee (employeeid, first_name, last_name, telephone_number, date_of_employment)VALUES (1735, "Fredrik", "Strömberg", "070-458214", NOW());
INSERT INTO nurse (employeeid) VALUES (1735);
INSERT INTO nurse_specialization(employee_id, specialization_id) VALUES (1735, 10);
INSERT INTO employee (employeeid, first_name, last_name, telephone_number, date_of_employment)VALUES (1736, "Karla", "Fransson", "011-702810", NOW());
INSERT INTO assistant_nurse (employeeid) VALUES (1736);
INSERT INTO employee (employeeid, first_name, last_name, telephone_number, date_of_employment)VALUES (1737, "Annette", "Berglund", "070-188826", NOW());
INSERT INTO assistant_nurse (employeeid) VALUES (1737);
INSERT INTO employee (employeeid, first_name, last_name, telephone_number, date_of_employment)VALUES (1738, "Karla", "Jönsson", "074-411006", NOW());
INSERT INTO doctor (employeeid) VALUES (1738);

INSERT INTO employee (employeeid, first_name, last_name, telephone_number, date_of_employment)VALUES (1739, "Agge", "Karlsson", "026-223015", NOW());
INSERT INTO doctor (employeeid) VALUES (1739);

INSERT INTO employee (employeeid, first_name, last_name, telephone_number, date_of_employment)VALUES (1740, "Guje", "Fredriksson", "036-357070", NOW());
INSERT INTO nurse (employeeid) VALUES (1740);
INSERT INTO nurse_specialization(employee_id, specialization_id) VALUES (1740, 12);
INSERT INTO employee (employeeid, first_name, last_name, telephone_number, date_of_employment)VALUES (1741, "Nisse", "Sundström", "075-500057", NOW());
INSERT INTO nurse (employeeid) VALUES (1741);
INSERT INTO nurse_specialization(employee_id, specialization_id) VALUES (1741, 15);
INSERT INTO employee (employeeid, first_name, last_name, telephone_number, date_of_employment)VALUES (1742, "Jukka", "Engström", "036-585752", NOW());
INSERT INTO assistant_nurse (employeeid) VALUES (1742);
INSERT INTO employee (employeeid, first_name, last_name, telephone_number, date_of_employment)VALUES (1743, "Halvar", "Persson", "076-248385", NOW());
INSERT INTO doctor (employeeid) VALUES (1743);
INSERT INTO doctor_specialization(employeeid, specializationid) VALUES (1743, 9);
INSERT INTO employee (employeeid, first_name, last_name, telephone_number, date_of_employment)VALUES (1744, "Natalia", "Norberg", "078-321863", NOW());
INSERT INTO doctor (employeeid) VALUES (1744);

INSERT INTO employee (employeeid, first_name, last_name, telephone_number, date_of_employment)VALUES (1745, "William", "Fransson", "033-851381", NOW());
INSERT INTO doctor (employeeid) VALUES (1745);
INSERT INTO doctor_specialization(employeeid, specializationid) VALUES (1745, 7);
INSERT INTO employee (employeeid, first_name, last_name, telephone_number, date_of_employment)VALUES (1746, "Björne", "Åkesson", "075-576075", NOW());
INSERT INTO nurse (employeeid) VALUES (1746);

INSERT INTO employee (employeeid, first_name, last_name, telephone_number, date_of_employment)VALUES (1747, "Petronella", "Fransson", "060-428142", NOW());
INSERT INTO assistant_nurse (employeeid) VALUES (1747);
INSERT INTO employee (employeeid, first_name, last_name, telephone_number, date_of_employment)VALUES (1748, "Janne", "Lundberg", "070-140054", NOW());
INSERT INTO doctor (employeeid) VALUES (1748);
INSERT INTO doctor_specialization(employeeid, specializationid) VALUES (1748, 1);
INSERT INTO employee (employeeid, first_name, last_name, telephone_number, date_of_employment)VALUES (1749, "Charlotte", "Andersson", "023-887868", NOW());
INSERT INTO assistant_nurse (employeeid) VALUES (1749);
INSERT INTO employee (employeeid, first_name, last_name, telephone_number, date_of_employment)VALUES (1750, "Petra", "Jakobsson", "021-786774", NOW());
INSERT INTO doctor (employeeid) VALUES (1750);
INSERT INTO doctor_specialization(employeeid, specializationid) VALUES (1750, 11);
INSERT INTO employee (employeeid, first_name, last_name, telephone_number, date_of_employment)VALUES (1751, "August", "Viklund", "033-527554", NOW());
INSERT INTO nurse (employeeid) VALUES (1751);
INSERT INTO nurse_specialization(employee_id, specialization_id) VALUES (1751, 12);
INSERT INTO employee (employeeid, first_name, last_name, telephone_number, date_of_employment)VALUES (1752, "Åke", "Henriksson", "033-806771", NOW());
INSERT INTO nurse (employeeid) VALUES (1752);
INSERT INTO nurse_specialization(employee_id, specialization_id) VALUES (1752, 16);
INSERT INTO employee (employeeid, first_name, last_name, telephone_number, date_of_employment)VALUES (1753, "Ernst", "Sjögren", "023-832471", NOW());
INSERT INTO doctor (employeeid) VALUES (1753);
INSERT INTO doctor_specialization(employeeid, specializationid) VALUES (1753, 3);
INSERT INTO employee (employeeid, first_name, last_name, telephone_number, date_of_employment)VALUES (1754, "Birgit", "Gunnarsson", "090-653832", NOW());
INSERT INTO nurse (employeeid) VALUES (1754);
INSERT INTO nurse_specialization(employee_id, specialization_id) VALUES (1754, 3);
INSERT INTO employee (employeeid, first_name, last_name, telephone_number, date_of_employment)VALUES (1755, "Roland", "Sjögren", "033-210316", NOW());
INSERT INTO assistant_nurse (employeeid) VALUES (1755);
INSERT INTO employee (employeeid, first_name, last_name, telephone_number, date_of_employment)VALUES (1756, "Henrietta", "Löfgren", "036-648846", NOW());
INSERT INTO assistant_nurse (employeeid) VALUES (1756);
INSERT INTO employee (employeeid, first_name, last_name, telephone_number, date_of_employment)VALUES (1757, "Janet", "Ek", "042-763834", NOW());
INSERT INTO doctor (employeeid) VALUES (1757);
INSERT INTO doctor_specialization(employeeid, specializationid) VALUES (1757, 3);
INSERT INTO employee (employeeid, first_name, last_name, telephone_number, date_of_employment)VALUES (1758, "Sigfrid", "Blomqvist", "063-372606", NOW());
INSERT INTO nurse (employeeid) VALUES (1758);
INSERT INTO nurse_specialization(employee_id, specialization_id) VALUES (1758, 6);
INSERT INTO employee (employeeid, first_name, last_name, telephone_number, date_of_employment)VALUES (1759, "Grels", "Svensson", "026-284786", NOW());
INSERT INTO nurse (employeeid) VALUES (1759);
INSERT INTO nurse_specialization(employee_id, specialization_id) VALUES (1759, 9);
INSERT INTO employee (employeeid, first_name, last_name, telephone_number, date_of_employment)VALUES (1760, "Tilde", "Johansson", "072-252435", NOW());
INSERT INTO doctor (employeeid) VALUES (1760);
INSERT INTO doctor_specialization(employeeid, specializationid) VALUES (1760, 15);
INSERT INTO employee (employeeid, first_name, last_name, telephone_number, date_of_employment)VALUES (1761, "Ivar", "Martinsson", "018-377840", NOW());
INSERT INTO nurse (employeeid) VALUES (1761);
INSERT INTO nurse_specialization(employee_id, specialization_id) VALUES (1761, 7);
INSERT INTO employee (employeeid, first_name, last_name, telephone_number, date_of_employment)VALUES (1762, "Birgitta", "Isaksson", "036-023835", NOW());
INSERT INTO nurse (employeeid) VALUES (1762);

INSERT INTO employee (employeeid, first_name, last_name, telephone_number, date_of_employment)VALUES (1763, "Pavel", "Sundqvist", "070-286633", NOW());
INSERT INTO assistant_nurse (employeeid) VALUES (1763);
INSERT INTO employee (employeeid, first_name, last_name, telephone_number, date_of_employment)VALUES (1764, "Stefanus", "Axelsson", "077-350355", NOW());
INSERT INTO assistant_nurse (employeeid) VALUES (1764);
INSERT INTO employee (employeeid, first_name, last_name, telephone_number, date_of_employment)VALUES (1765, "Minnie", "Andreasson", "026-252527", NOW());
INSERT INTO nurse (employeeid) VALUES (1765);
INSERT INTO nurse_specialization(employee_id, specialization_id) VALUES (1765, 13);
INSERT INTO employee (employeeid, first_name, last_name, telephone_number, date_of_employment)VALUES (1766, "Manfrid", "Arvidsson", "077-746141", NOW());
INSERT INTO nurse (employeeid) VALUES (1766);
INSERT INTO nurse_specialization(employee_id, specialization_id) VALUES (1766, 5);
INSERT INTO employee (employeeid, first_name, last_name, telephone_number, date_of_employment)VALUES (1767, "Henrik", "Holmberg", "075-652626", NOW());
INSERT INTO assistant_nurse (employeeid) VALUES (1767);
INSERT INTO employee (employeeid, first_name, last_name, telephone_number, date_of_employment)VALUES (1768, "Turid", "Axelsson", "019-513067", NOW());
INSERT INTO doctor (employeeid) VALUES (1768);
INSERT INTO doctor_specialization(employeeid, specializationid) VALUES (1768, 1);
INSERT INTO employee (employeeid, first_name, last_name, telephone_number, date_of_employment)VALUES (1769, "Marga", "Karlsson", "042-747431", NOW());
INSERT INTO assistant_nurse (employeeid) VALUES (1769);
INSERT INTO employee (employeeid, first_name, last_name, telephone_number, date_of_employment)VALUES (1770, "Martine", "Falk", "031-707234", NOW());
INSERT INTO nurse (employeeid) VALUES (1770);
INSERT INTO nurse_specialization(employee_id, specialization_id) VALUES (1770, 12);
INSERT INTO employee (employeeid, first_name, last_name, telephone_number, date_of_employment)VALUES (1771, "Bodil", "Fransson", "044-704818", NOW());
INSERT INTO nurse (employeeid) VALUES (1771);
INSERT INTO nurse_specialization(employee_id, specialization_id) VALUES (1771, 7);
INSERT INTO employee (employeeid, first_name, last_name, telephone_number, date_of_employment)VALUES (1772, "Helen", "Ek", "035-417485", NOW());
INSERT INTO nurse (employeeid) VALUES (1772);
INSERT INTO nurse_specialization(employee_id, specialization_id) VALUES (1772, 10);
INSERT INTO employee (employeeid, first_name, last_name, telephone_number, date_of_employment)VALUES (1773, "Melchior", "Norberg", "046-231247", NOW());
INSERT INTO doctor (employeeid) VALUES (1773);

INSERT INTO employee (employeeid, first_name, last_name, telephone_number, date_of_employment)VALUES (1774, "Måns", "Bergström", "046-206301", NOW());
INSERT INTO nurse (employeeid) VALUES (1774);

INSERT INTO employee (employeeid, first_name, last_name, telephone_number, date_of_employment)VALUES (1775, "Simon", "Samuelsson", "073-685114", NOW());
INSERT INTO nurse (employeeid) VALUES (1775);

INSERT INTO employee (employeeid, first_name, last_name, telephone_number, date_of_employment)VALUES (1776, "Marco", "Holmberg", "073-277822", NOW());
INSERT INTO doctor (employeeid) VALUES (1776);
INSERT INTO doctor_specialization(employeeid, specializationid) VALUES (1776, 9);
INSERT INTO employee (employeeid, first_name, last_name, telephone_number, date_of_employment)VALUES (1777, "Josef", "Persson", "042-702810", NOW());
INSERT INTO assistant_nurse (employeeid) VALUES (1777);
INSERT INTO employee (employeeid, first_name, last_name, telephone_number, date_of_employment)VALUES (1778, "Gudmar", "Sundqvist", "090-282640", NOW());
INSERT INTO doctor (employeeid) VALUES (1778);
INSERT INTO doctor_specialization(employeeid, specializationid) VALUES (1778, 7);
INSERT INTO employee (employeeid, first_name, last_name, telephone_number, date_of_employment)VALUES (1779, "Stellan", "Bergström", "046-416536", NOW());
INSERT INTO doctor (employeeid) VALUES (1779);
INSERT INTO doctor_specialization(employeeid, specializationid) VALUES (1779, 4);
INSERT INTO employee (employeeid, first_name, last_name, telephone_number, date_of_employment)VALUES (1780, "Kjell", "Lindgren", "044-420460", NOW());
INSERT INTO assistant_nurse (employeeid) VALUES (1780);
INSERT INTO employee (employeeid, first_name, last_name, telephone_number, date_of_employment)VALUES (1781, "Karna", "Sjögren", "031-378334", NOW());
INSERT INTO nurse (employeeid) VALUES (1781);

INSERT INTO employee (employeeid, first_name, last_name, telephone_number, date_of_employment)VALUES (1782, "Erika", "Mårtensson", "046-753621", NOW());
INSERT INTO nurse (employeeid) VALUES (1782);
INSERT INTO nurse_specialization(employee_id, specialization_id) VALUES (1782, 14);
INSERT INTO employee (employeeid, first_name, last_name, telephone_number, date_of_employment)VALUES (1783, "Bina", "Nordström", "078-555517", NOW());
INSERT INTO nurse (employeeid) VALUES (1783);

INSERT INTO employee (employeeid, first_name, last_name, telephone_number, date_of_employment)VALUES (1784, "Britte", "Andersson", "074-706780", NOW());
INSERT INTO nurse (employeeid) VALUES (1784);
INSERT INTO nurse_specialization(employee_id, specialization_id) VALUES (1784, 15);
INSERT INTO employee (employeeid, first_name, last_name, telephone_number, date_of_employment)VALUES (1785, "Maximilian", "Blom", "044-213076", NOW());
INSERT INTO assistant_nurse (employeeid) VALUES (1785);
INSERT INTO employee (employeeid, first_name, last_name, telephone_number, date_of_employment)VALUES (1786, "Andrietta", "Karlsson", "036-060023", NOW());
INSERT INTO nurse (employeeid) VALUES (1786);

INSERT INTO employee (employeeid, first_name, last_name, telephone_number, date_of_employment)VALUES (1787, "Axelina", "Håkansson", "075-285863", NOW());
INSERT INTO doctor (employeeid) VALUES (1787);
INSERT INTO doctor_specialization(employeeid, specializationid) VALUES (1787, 2);
INSERT INTO employee (employeeid, first_name, last_name, telephone_number, date_of_employment)VALUES (1788, "Andreas", "Nyberg", "046-605830", NOW());
INSERT INTO nurse (employeeid) VALUES (1788);
INSERT INTO nurse_specialization(employee_id, specialization_id) VALUES (1788, 13);
INSERT INTO employee (employeeid, first_name, last_name, telephone_number, date_of_employment)VALUES (1789, "Gertie", "Andersson", "016-504870", NOW());
INSERT INTO nurse (employeeid) VALUES (1789);
INSERT INTO nurse_specialization(employee_id, specialization_id) VALUES (1789, 11);
INSERT INTO employee (employeeid, first_name, last_name, telephone_number, date_of_employment)VALUES (1790, "Hubert", "Martinsson", "075-570127", NOW());
INSERT INTO nurse (employeeid) VALUES (1790);

INSERT INTO employee (employeeid, first_name, last_name, telephone_number, date_of_employment)VALUES (1791, "Tova", "Lindgren", "042-228030", NOW());
INSERT INTO assistant_nurse (employeeid) VALUES (1791);
INSERT INTO employee (employeeid, first_name, last_name, telephone_number, date_of_employment)VALUES (1792, "Silvia", "Karlsson", "023-088312", NOW());
INSERT INTO assistant_nurse (employeeid) VALUES (1792);
INSERT INTO employee (employeeid, first_name, last_name, telephone_number, date_of_employment)VALUES (1793, "Emanuel", "Persson", "060-755303", NOW());
INSERT INTO doctor (employeeid) VALUES (1793);
INSERT INTO doctor_specialization(employeeid, specializationid) VALUES (1793, 16);
INSERT INTO employee (employeeid, first_name, last_name, telephone_number, date_of_employment)VALUES (1794, "Lage", "Jansson", "076-056141", NOW());
INSERT INTO assistant_nurse (employeeid) VALUES (1794);
INSERT INTO employee (employeeid, first_name, last_name, telephone_number, date_of_employment)VALUES (1795, "Arvo", "Gunnarsson", "090-880100", NOW());
INSERT INTO nurse (employeeid) VALUES (1795);
INSERT INTO nurse_specialization(employee_id, specialization_id) VALUES (1795, 9);
INSERT INTO employee (employeeid, first_name, last_name, telephone_number, date_of_employment)VALUES (1796, "Rebecka", "Månsson", "016-104566", NOW());
INSERT INTO assistant_nurse (employeeid) VALUES (1796);
INSERT INTO employee (employeeid, first_name, last_name, telephone_number, date_of_employment)VALUES (1797, "Verna", "Lund", "070-768422", NOW());
INSERT INTO nurse (employeeid) VALUES (1797);
INSERT INTO nurse_specialization(employee_id, specialization_id) VALUES (1797, 15);
INSERT INTO employee (employeeid, first_name, last_name, telephone_number, date_of_employment)VALUES (1798, "Carita", "Hansson", "073-813813", NOW());
INSERT INTO doctor (employeeid) VALUES (1798);
INSERT INTO doctor_specialization(employeeid, specializationid) VALUES (1798, 12);
INSERT INTO employee (employeeid, first_name, last_name, telephone_number, date_of_employment)VALUES (1799, "Mirjam", "Sundström", "063-504870", NOW());
INSERT INTO doctor (employeeid) VALUES (1799);
INSERT INTO doctor_specialization(employeeid, specializationid) VALUES (1799, 14);
INSERT INTO employee (employeeid, first_name, last_name, telephone_number, date_of_employment)VALUES (1800, "Tony", "Lind", "075-728566", NOW());
INSERT INTO assistant_nurse (employeeid) VALUES (1800);
INSERT INTO employee (employeeid, first_name, last_name, telephone_number, date_of_employment)VALUES (1801, "Sigga", "Olofsson", "072-422578", NOW());
INSERT INTO nurse (employeeid) VALUES (1801);

INSERT INTO employee (employeeid, first_name, last_name, telephone_number, date_of_employment)VALUES (1802, "Jannika", "Samuelsson", "019-280724", NOW());
INSERT INTO assistant_nurse (employeeid) VALUES (1802);
INSERT INTO employee (employeeid, first_name, last_name, telephone_number, date_of_employment)VALUES (1803, "Elis", "Sundberg", "031-682377", NOW());
INSERT INTO doctor (employeeid) VALUES (1803);
INSERT INTO doctor_specialization(employeeid, specializationid) VALUES (1803, 16);
INSERT INTO employee (employeeid, first_name, last_name, telephone_number, date_of_employment)VALUES (1804, "Birte", "Månsson", "060-368445", NOW());
INSERT INTO nurse (employeeid) VALUES (1804);
INSERT INTO nurse_specialization(employee_id, specialization_id) VALUES (1804, 15);
INSERT INTO employee (employeeid, first_name, last_name, telephone_number, date_of_employment)VALUES (1805, "Katinka", "Mårtensson", "090-186725", NOW());
INSERT INTO assistant_nurse (employeeid) VALUES (1805);
INSERT INTO employee (employeeid, first_name, last_name, telephone_number, date_of_employment)VALUES (1806, "Linn", "Nyström", "033-644008", NOW());
INSERT INTO doctor (employeeid) VALUES (1806);
INSERT INTO doctor_specialization(employeeid, specializationid) VALUES (1806, 6);
INSERT INTO employee (employeeid, first_name, last_name, telephone_number, date_of_employment)VALUES (1807, "Teddy", "Nilsson", "073-467217", NOW());
INSERT INTO nurse (employeeid) VALUES (1807);
INSERT INTO nurse_specialization(employee_id, specialization_id) VALUES (1807, 13);
INSERT INTO employee (employeeid, first_name, last_name, telephone_number, date_of_employment)VALUES (1808, "Bertil", "Pettersson", "042-161016", NOW());
INSERT INTO nurse (employeeid) VALUES (1808);
INSERT INTO nurse_specialization(employee_id, specialization_id) VALUES (1808, 6);
INSERT INTO employee (employeeid, first_name, last_name, telephone_number, date_of_employment)VALUES (1809, "Tommie", "Lundin", "072-661303", NOW());
INSERT INTO doctor (employeeid) VALUES (1809);

INSERT INTO employee (employeeid, first_name, last_name, telephone_number, date_of_employment)VALUES (1810, "Pekka", "Engström", "075-584530", NOW());
INSERT INTO nurse (employeeid) VALUES (1810);
INSERT INTO nurse_specialization(employee_id, specialization_id) VALUES (1810, 12);
INSERT INTO employee (employeeid, first_name, last_name, telephone_number, date_of_employment)VALUES (1811, "Kjell", "Bengtsson", "078-861281", NOW());
INSERT INTO assistant_nurse (employeeid) VALUES (1811);
INSERT INTO employee (employeeid, first_name, last_name, telephone_number, date_of_employment)VALUES (1812, "Ingrid", "Åkesson", "070-073248", NOW());
INSERT INTO nurse (employeeid) VALUES (1812);
INSERT INTO nurse_specialization(employee_id, specialization_id) VALUES (1812, 3);
INSERT INTO employee (employeeid, first_name, last_name, telephone_number, date_of_employment)VALUES (1813, "Lenny", "Engström", "077-187625", NOW());
INSERT INTO nurse (employeeid) VALUES (1813);
INSERT INTO nurse_specialization(employee_id, specialization_id) VALUES (1813, 4);
INSERT INTO employee (employeeid, first_name, last_name, telephone_number, date_of_employment)VALUES (1814, "Elisa", "Lundberg", "023-035711", NOW());
INSERT INTO doctor (employeeid) VALUES (1814);
INSERT INTO doctor_specialization(employeeid, specializationid) VALUES (1814, 3);
INSERT INTO employee (employeeid, first_name, last_name, telephone_number, date_of_employment)VALUES (1815, "Nina", "Hansen", "036-140427", NOW());
INSERT INTO assistant_nurse (employeeid) VALUES (1815);
INSERT INTO employee (employeeid, first_name, last_name, telephone_number, date_of_employment)VALUES (1816, "Bennie", "Berg", "073-556886", NOW());
INSERT INTO nurse (employeeid) VALUES (1816);

INSERT INTO employee (employeeid, first_name, last_name, telephone_number, date_of_employment)VALUES (1817, "Desideria", "Claesson", "070-380504", NOW());
INSERT INTO nurse (employeeid) VALUES (1817);
INSERT INTO nurse_specialization(employee_id, specialization_id) VALUES (1817, 4);
INSERT INTO employee (employeeid, first_name, last_name, telephone_number, date_of_employment)VALUES (1818, "Elna", "Eliasson", "040-022086", NOW());
INSERT INTO assistant_nurse (employeeid) VALUES (1818);
INSERT INTO employee (employeeid, first_name, last_name, telephone_number, date_of_employment)VALUES (1819, "Astrid", "Nordström", "026-830146", NOW());
INSERT INTO assistant_nurse (employeeid) VALUES (1819);
INSERT INTO employee (employeeid, first_name, last_name, telephone_number, date_of_employment)VALUES (1820, "Justus", "Åkesson", "026-476012", NOW());
INSERT INTO nurse (employeeid) VALUES (1820);
INSERT INTO nurse_specialization(employee_id, specialization_id) VALUES (1820, 2);
INSERT INTO employee (employeeid, first_name, last_name, telephone_number, date_of_employment)VALUES (1821, "Andreas", "Lindqvist", "026-626078", NOW());
INSERT INTO assistant_nurse (employeeid) VALUES (1821);
INSERT INTO employee (employeeid, first_name, last_name, telephone_number, date_of_employment)VALUES (1822, "Violette", "Johansson", "040-802472", NOW());
INSERT INTO assistant_nurse (employeeid) VALUES (1822);
INSERT INTO employee (employeeid, first_name, last_name, telephone_number, date_of_employment)VALUES (1823, "Madeleine", "Wallin", "016-213605", NOW());
INSERT INTO nurse (employeeid) VALUES (1823);
INSERT INTO nurse_specialization(employee_id, specialization_id) VALUES (1823, 16);
INSERT INTO employee (employeeid, first_name, last_name, telephone_number, date_of_employment)VALUES (1824, "Annelie", "Håkansson", "042-337250", NOW());
INSERT INTO nurse (employeeid) VALUES (1824);

INSERT INTO employee (employeeid, first_name, last_name, telephone_number, date_of_employment)VALUES (1825, "Marit", "Fredriksson", "077-730800", NOW());
INSERT INTO assistant_nurse (employeeid) VALUES (1825);
INSERT INTO employee (employeeid, first_name, last_name, telephone_number, date_of_employment)VALUES (1826, "Heinz", "Lundqvist", "016-584507", NOW());
INSERT INTO assistant_nurse (employeeid) VALUES (1826);
INSERT INTO employee (employeeid, first_name, last_name, telephone_number, date_of_employment)VALUES (1827, "Reinhold", "Berggren", "019-242786", NOW());
INSERT INTO assistant_nurse (employeeid) VALUES (1827);
INSERT INTO employee (employeeid, first_name, last_name, telephone_number, date_of_employment)VALUES (1828, "Silvia", "Viklund", "075-717687", NOW());
INSERT INTO nurse (employeeid) VALUES (1828);
INSERT INTO nurse_specialization(employee_id, specialization_id) VALUES (1828, 14);
INSERT INTO employee (employeeid, first_name, last_name, telephone_number, date_of_employment)VALUES (1829, "Folke", "Pålsson", "018-400634", NOW());
INSERT INTO nurse (employeeid) VALUES (1829);

INSERT INTO employee (employeeid, first_name, last_name, telephone_number, date_of_employment)VALUES (1830, "Lilian", "Bergström", "021-416536", NOW());
INSERT INTO doctor (employeeid) VALUES (1830);

INSERT INTO employee (employeeid, first_name, last_name, telephone_number, date_of_employment)VALUES (1831, "Martine", "Olofsson", "070-232736", NOW());
INSERT INTO assistant_nurse (employeeid) VALUES (1831);
INSERT INTO employee (employeeid, first_name, last_name, telephone_number, date_of_employment)VALUES (1832, "Björner", "Hansson", "036-252527", NOW());
INSERT INTO nurse (employeeid) VALUES (1832);
INSERT INTO nurse_specialization(employee_id, specialization_id) VALUES (1832, 3);
INSERT INTO employee (employeeid, first_name, last_name, telephone_number, date_of_employment)VALUES (1833, "Majli", "Mattsson", "033-764870", NOW());
INSERT INTO assistant_nurse (employeeid) VALUES (1833);
INSERT INTO employee (employeeid, first_name, last_name, telephone_number, date_of_employment)VALUES (1834, "Calla", "Berglund", "040-063072", NOW());
INSERT INTO doctor (employeeid) VALUES (1834);

INSERT INTO employee (employeeid, first_name, last_name, telephone_number, date_of_employment)VALUES (1835, "Böret", "Samuelsson", "090-616432", NOW());
INSERT INTO assistant_nurse (employeeid) VALUES (1835);
INSERT INTO employee (employeeid, first_name, last_name, telephone_number, date_of_employment)VALUES (1836, "Abraham", "Bergström", "077-086768", NOW());
INSERT INTO nurse (employeeid) VALUES (1836);
INSERT INTO nurse_specialization(employee_id, specialization_id) VALUES (1836, 13);
INSERT INTO employee (employeeid, first_name, last_name, telephone_number, date_of_employment)VALUES (1837, "Lalla", "Andersson", "090-482315", NOW());
INSERT INTO doctor (employeeid) VALUES (1837);
INSERT INTO doctor_specialization(employeeid, specializationid) VALUES (1837, 8);
INSERT INTO employee (employeeid, first_name, last_name, telephone_number, date_of_employment)VALUES (1838, "Lissi", "Martinsson", "035-487726", NOW());
INSERT INTO assistant_nurse (employeeid) VALUES (1838);
INSERT INTO employee (employeeid, first_name, last_name, telephone_number, date_of_employment)VALUES (1839, "Turid", "Björklund", "077-006640", NOW());
INSERT INTO nurse (employeeid) VALUES (1839);
INSERT INTO nurse_specialization(employee_id, specialization_id) VALUES (1839, 13);
INSERT INTO employee (employeeid, first_name, last_name, telephone_number, date_of_employment)VALUES (1840, "Manda", "Jonasson", "077-336168", NOW());
INSERT INTO nurse (employeeid) VALUES (1840);
INSERT INTO nurse_specialization(employee_id, specialization_id) VALUES (1840, 14);
INSERT INTO employee (employeeid, first_name, last_name, telephone_number, date_of_employment)VALUES (1841, "Ilona", "Arvidsson", "046-748364", NOW());
INSERT INTO nurse (employeeid) VALUES (1841);
INSERT INTO nurse_specialization(employee_id, specialization_id) VALUES (1841, 6);
INSERT INTO employee (employeeid, first_name, last_name, telephone_number, date_of_employment)VALUES (1842, "Bernhardina", "Abrahamsson", "063-057151", NOW());
INSERT INTO doctor (employeeid) VALUES (1842);
INSERT INTO doctor_specialization(employeeid, specializationid) VALUES (1842, 6);
INSERT INTO employee (employeeid, first_name, last_name, telephone_number, date_of_employment)VALUES (1843, "Inge", "Isaksson", "042-484482", NOW());
INSERT INTO assistant_nurse (employeeid) VALUES (1843);
INSERT INTO employee (employeeid, first_name, last_name, telephone_number, date_of_employment)VALUES (1844, "Sigurd", "Axelsson", "077-370738", NOW());
INSERT INTO nurse (employeeid) VALUES (1844);
INSERT INTO nurse_specialization(employee_id, specialization_id) VALUES (1844, 3);
INSERT INTO employee (employeeid, first_name, last_name, telephone_number, date_of_employment)VALUES (1845, "Aura", "Claesson", "033-211850", NOW());
INSERT INTO assistant_nurse (employeeid) VALUES (1845);
INSERT INTO employee (employeeid, first_name, last_name, telephone_number, date_of_employment)VALUES (1846, "Henrik", "Pettersson", "040-050501", NOW());
INSERT INTO assistant_nurse (employeeid) VALUES (1846);
INSERT INTO employee (employeeid, first_name, last_name, telephone_number, date_of_employment)VALUES (1847, "Juliette", "Blom", "078-285772", NOW());
INSERT INTO doctor (employeeid) VALUES (1847);

INSERT INTO employee (employeeid, first_name, last_name, telephone_number, date_of_employment)VALUES (1848, "Signy", "Wikström", "090-632168", NOW());
INSERT INTO doctor (employeeid) VALUES (1848);
INSERT INTO doctor_specialization(employeeid, specializationid) VALUES (1848, 3);
INSERT INTO employee (employeeid, first_name, last_name, telephone_number, date_of_employment)VALUES (1849, "Åke", "Lindgren", "019-710738", NOW());
INSERT INTO assistant_nurse (employeeid) VALUES (1849);
INSERT INTO employee (employeeid, first_name, last_name, telephone_number, date_of_employment)VALUES (1850, "Alef", "Berglund", "044-285383", NOW());
INSERT INTO doctor (employeeid) VALUES (1850);
INSERT INTO doctor_specialization(employeeid, specializationid) VALUES (1850, 12);
INSERT INTO employee (employeeid, first_name, last_name, telephone_number, date_of_employment)VALUES (1851, "Kim", "Åkesson", "090-546700", NOW());
INSERT INTO nurse (employeeid) VALUES (1851);
INSERT INTO nurse_specialization(employee_id, specialization_id) VALUES (1851, 14);
INSERT INTO employee (employeeid, first_name, last_name, telephone_number, date_of_employment)VALUES (1852, "Mike", "Jakobsson", "033-237331", NOW());
INSERT INTO doctor (employeeid) VALUES (1852);
INSERT INTO doctor_specialization(employeeid, specializationid) VALUES (1852, 13);
INSERT INTO employee (employeeid, first_name, last_name, telephone_number, date_of_employment)VALUES (1853, "Mickel", "Danielsson", "076-171560", NOW());
INSERT INTO assistant_nurse (employeeid) VALUES (1853);
INSERT INTO employee (employeeid, first_name, last_name, telephone_number, date_of_employment)VALUES (1854, "Janna", "Viklund", "078-661562", NOW());
INSERT INTO nurse (employeeid) VALUES (1854);

INSERT INTO employee (employeeid, first_name, last_name, telephone_number, date_of_employment)VALUES (1855, "Conny", "Strömberg", "063-153214", NOW());
INSERT INTO doctor (employeeid) VALUES (1855);
INSERT INTO doctor_specialization(employeeid, specializationid) VALUES (1855, 15);
INSERT INTO employee (employeeid, first_name, last_name, telephone_number, date_of_employment)VALUES (1856, "Allan", "Lundberg", "063-177553", NOW());
INSERT INTO assistant_nurse (employeeid) VALUES (1856);
INSERT INTO employee (employeeid, first_name, last_name, telephone_number, date_of_employment)VALUES (1857, "Bonde", "Eklund", "011-657233", NOW());
INSERT INTO assistant_nurse (employeeid) VALUES (1857);
INSERT INTO employee (employeeid, first_name, last_name, telephone_number, date_of_employment)VALUES (1858, "Sissi", "Holm", "073-315410", NOW());
INSERT INTO assistant_nurse (employeeid) VALUES (1858);
INSERT INTO employee (employeeid, first_name, last_name, telephone_number, date_of_employment)VALUES (1859, "Olav", "Eriksson", "040-755718", NOW());
INSERT INTO nurse (employeeid) VALUES (1859);

INSERT INTO employee (employeeid, first_name, last_name, telephone_number, date_of_employment)VALUES (1860, "Minnie", "Falk", "040-406001", NOW());
INSERT INTO doctor (employeeid) VALUES (1860);
INSERT INTO doctor_specialization(employeeid, specializationid) VALUES (1860, 5);
INSERT INTO employee (employeeid, first_name, last_name, telephone_number, date_of_employment)VALUES (1861, "Örjan", "Claesson", "042-004047", NOW());
INSERT INTO doctor (employeeid) VALUES (1861);
INSERT INTO doctor_specialization(employeeid, specializationid) VALUES (1861, 11);
INSERT INTO employee (employeeid, first_name, last_name, telephone_number, date_of_employment)VALUES (1862, "Rasmus", "Bergqvist", "060-433165", NOW());
INSERT INTO doctor (employeeid) VALUES (1862);
INSERT INTO doctor_specialization(employeeid, specializationid) VALUES (1862, 14);
INSERT INTO employee (employeeid, first_name, last_name, telephone_number, date_of_employment)VALUES (1863, "Mia", "Arvidsson", "035-471217", NOW());
INSERT INTO assistant_nurse (employeeid) VALUES (1863);
INSERT INTO employee (employeeid, first_name, last_name, telephone_number, date_of_employment)VALUES (1864, "Pernille", "Danielsson", "033-555517", NOW());
INSERT INTO nurse (employeeid) VALUES (1864);

INSERT INTO employee (employeeid, first_name, last_name, telephone_number, date_of_employment)VALUES (1865, "Lorentz", "Bergqvist", "040-728665", NOW());
INSERT INTO nurse (employeeid) VALUES (1865);
INSERT INTO nurse_specialization(employee_id, specialization_id) VALUES (1865, 13);
INSERT INTO employee (employeeid, first_name, last_name, telephone_number, date_of_employment)VALUES (1866, "Svante", "Fransson", "072-142013", NOW());
INSERT INTO nurse (employeeid) VALUES (1866);
INSERT INTO nurse_specialization(employee_id, specialization_id) VALUES (1866, 14);
INSERT INTO employee (employeeid, first_name, last_name, telephone_number, date_of_employment)VALUES (1867, "Trude", "Åkesson", "026-661562", NOW());
INSERT INTO doctor (employeeid) VALUES (1867);
INSERT INTO doctor_specialization(employeeid, specializationid) VALUES (1867, 1);
INSERT INTO employee (employeeid, first_name, last_name, telephone_number, date_of_employment)VALUES (1868, "Malla", "Lindqvist", "011-373237", NOW());
INSERT INTO doctor (employeeid) VALUES (1868);
INSERT INTO doctor_specialization(employeeid, specializationid) VALUES (1868, 10);
INSERT INTO employee (employeeid, first_name, last_name, telephone_number, date_of_employment)VALUES (1869, "Oskar", "Åkesson", "060-768422", NOW());
INSERT INTO doctor (employeeid) VALUES (1869);
INSERT INTO doctor_specialization(employeeid, specializationid) VALUES (1869, 10);
INSERT INTO employee (employeeid, first_name, last_name, telephone_number, date_of_employment)VALUES (1870, "Krister", "Mattsson", "026-034634", NOW());
INSERT INTO doctor (employeeid) VALUES (1870);
INSERT INTO doctor_specialization(employeeid, specializationid) VALUES (1870, 8);
INSERT INTO employee (employeeid, first_name, last_name, telephone_number, date_of_employment)VALUES (1871, "Elvy", "Ekström", "076-562770", NOW());
INSERT INTO doctor (employeeid) VALUES (1871);
INSERT INTO doctor_specialization(employeeid, specializationid) VALUES (1871, 7);
INSERT INTO employee (employeeid, first_name, last_name, telephone_number, date_of_employment)VALUES (1872, "Jimmy", "Fredriksson", "090-260018", NOW());
INSERT INTO doctor (employeeid) VALUES (1872);
INSERT INTO doctor_specialization(employeeid, specializationid) VALUES (1872, 9);
INSERT INTO employee (employeeid, first_name, last_name, telephone_number, date_of_employment)VALUES (1873, "Chris", "Lindqvist", "035-104566", NOW());
INSERT INTO assistant_nurse (employeeid) VALUES (1873);
INSERT INTO employee (employeeid, first_name, last_name, telephone_number, date_of_employment)VALUES (1874, "Knut", "Dahlberg", "021-012501", NOW());
INSERT INTO doctor (employeeid) VALUES (1874);
INSERT INTO doctor_specialization(employeeid, specializationid) VALUES (1874, 7);
INSERT INTO employee (employeeid, first_name, last_name, telephone_number, date_of_employment)VALUES (1875, "Lilian", "Persson", "073-580232", NOW());
INSERT INTO nurse (employeeid) VALUES (1875);
INSERT INTO nurse_specialization(employee_id, specialization_id) VALUES (1875, 10);
INSERT INTO employee (employeeid, first_name, last_name, telephone_number, date_of_employment)VALUES (1876, "Bina", "Ek", "031-873856", NOW());
INSERT INTO assistant_nurse (employeeid) VALUES (1876);
INSERT INTO employee (employeeid, first_name, last_name, telephone_number, date_of_employment)VALUES (1877, "Charlotta", "Eriksson", "019-640462", NOW());
INSERT INTO assistant_nurse (employeeid) VALUES (1877);
INSERT INTO employee (employeeid, first_name, last_name, telephone_number, date_of_employment)VALUES (1878, "Lilian", "Ekström", "060-744856", NOW());
INSERT INTO nurse (employeeid) VALUES (1878);
INSERT INTO nurse_specialization(employee_id, specialization_id) VALUES (1878, 4);
INSERT INTO employee (employeeid, first_name, last_name, telephone_number, date_of_employment)VALUES (1879, "Ingeman", "Arvidsson", "040-056565", NOW());
INSERT INTO nurse (employeeid) VALUES (1879);
INSERT INTO nurse_specialization(employee_id, specialization_id) VALUES (1879, 15);
INSERT INTO employee (employeeid, first_name, last_name, telephone_number, date_of_employment)VALUES (1880, "Ulla", "Jonasson", "035-452061", NOW());
INSERT INTO doctor (employeeid) VALUES (1880);
INSERT INTO doctor_specialization(employeeid, specializationid) VALUES (1880, 2);
INSERT INTO employee (employeeid, first_name, last_name, telephone_number, date_of_employment)VALUES (1881, "Adriana", "Nordin", "074-415417", NOW());
INSERT INTO nurse (employeeid) VALUES (1881);
INSERT INTO nurse_specialization(employee_id, specialization_id) VALUES (1881, 2);
INSERT INTO employee (employeeid, first_name, last_name, telephone_number, date_of_employment)VALUES (1882, "Martinus", "Persson", "021-018467", NOW());
INSERT INTO assistant_nurse (employeeid) VALUES (1882);
INSERT INTO employee (employeeid, first_name, last_name, telephone_number, date_of_employment)VALUES (1883, "Elly", "Jönsson", "026-400634", NOW());
INSERT INTO doctor (employeeid) VALUES (1883);
INSERT INTO doctor_specialization(employeeid, specializationid) VALUES (1883, 1);
INSERT INTO employee (employeeid, first_name, last_name, telephone_number, date_of_employment)VALUES (1884, "Tommy", "Berg", "074-431570", NOW());
INSERT INTO assistant_nurse (employeeid) VALUES (1884);
INSERT INTO employee (employeeid, first_name, last_name, telephone_number, date_of_employment)VALUES (1885, "Märit", "Björklund", "019-732221", NOW());
INSERT INTO nurse (employeeid) VALUES (1885);

INSERT INTO employee (employeeid, first_name, last_name, telephone_number, date_of_employment)VALUES (1886, "Alvi", "Hansson", "031-276120", NOW());
INSERT INTO doctor (employeeid) VALUES (1886);
INSERT INTO doctor_specialization(employeeid, specializationid) VALUES (1886, 16);
INSERT INTO employee (employeeid, first_name, last_name, telephone_number, date_of_employment)VALUES (1887, "Gullie", "Sundström", "018-623870", NOW());
INSERT INTO assistant_nurse (employeeid) VALUES (1887);
INSERT INTO employee (employeeid, first_name, last_name, telephone_number, date_of_employment)VALUES (1888, "Vilhelm", "Magnusson", "060-065050", NOW());
INSERT INTO doctor (employeeid) VALUES (1888);
INSERT INTO doctor_specialization(employeeid, specializationid) VALUES (1888, 15);
INSERT INTO employee (employeeid, first_name, last_name, telephone_number, date_of_employment)VALUES (1889, "Linnea", "Sundqvist", "042-460045", NOW());
INSERT INTO doctor (employeeid) VALUES (1889);
INSERT INTO doctor_specialization(employeeid, specializationid) VALUES (1889, 10);
INSERT INTO employee (employeeid, first_name, last_name, telephone_number, date_of_employment)VALUES (1890, "Lizzie", "Ström", "023-370738", NOW());
INSERT INTO doctor (employeeid) VALUES (1890);
INSERT INTO doctor_specialization(employeeid, specializationid) VALUES (1890, 3);
INSERT INTO employee (employeeid, first_name, last_name, telephone_number, date_of_employment)VALUES (1891, "Nilla", "Henriksson", "023-133214", NOW());
INSERT INTO nurse (employeeid) VALUES (1891);
INSERT INTO nurse_specialization(employee_id, specialization_id) VALUES (1891, 4);
INSERT INTO employee (employeeid, first_name, last_name, telephone_number, date_of_employment)VALUES (1892, "Guillermo", "Johansson", "070-864106", NOW());
INSERT INTO doctor (employeeid) VALUES (1892);

INSERT INTO employee (employeeid, first_name, last_name, telephone_number, date_of_employment)VALUES (1893, "Knut", "Axelsson", "076-753621", NOW());
INSERT INTO doctor (employeeid) VALUES (1893);

INSERT INTO employee (employeeid, first_name, last_name, telephone_number, date_of_employment)VALUES (1894, "Roy", "Lindholm", "033-510515", NOW());
INSERT INTO nurse (employeeid) VALUES (1894);
INSERT INTO nurse_specialization(employee_id, specialization_id) VALUES (1894, 12);
INSERT INTO employee (employeeid, first_name, last_name, telephone_number, date_of_employment)VALUES (1895, "Denise", "Holmgren", "063-562770", NOW());
INSERT INTO assistant_nurse (employeeid) VALUES (1895);
INSERT INTO employee (employeeid, first_name, last_name, telephone_number, date_of_employment)VALUES (1896, "Irina", "Hermansson", "033-601115", NOW());
INSERT INTO doctor (employeeid) VALUES (1896);

INSERT INTO employee (employeeid, first_name, last_name, telephone_number, date_of_employment)VALUES (1897, "Tom", "Öberg", "073-422351", NOW());
INSERT INTO doctor (employeeid) VALUES (1897);
INSERT INTO doctor_specialization(employeeid, specializationid) VALUES (1897, 13);
INSERT INTO employee (employeeid, first_name, last_name, telephone_number, date_of_employment)VALUES (1898, "Fritiof", "Engström", "031-253431", NOW());
INSERT INTO nurse (employeeid) VALUES (1898);
INSERT INTO nurse_specialization(employee_id, specialization_id) VALUES (1898, 3);
INSERT INTO employee (employeeid, first_name, last_name, telephone_number, date_of_employment)VALUES (1899, "Elga", "Larsson", "063-472047", NOW());
INSERT INTO assistant_nurse (employeeid) VALUES (1899);
INSERT INTO employee (employeeid, first_name, last_name, telephone_number, date_of_employment)VALUES (1900, "Aina", "Lundström", "070-040600", NOW());
INSERT INTO assistant_nurse (employeeid) VALUES (1900);
INSERT INTO employee (employeeid, first_name, last_name, telephone_number, date_of_employment)VALUES (1901, "Jonatan", "Lindqvist", "016-451340", NOW());
INSERT INTO nurse (employeeid) VALUES (1901);
INSERT INTO nurse_specialization(employee_id, specialization_id) VALUES (1901, 11);
INSERT INTO employee (employeeid, first_name, last_name, telephone_number, date_of_employment)VALUES (1902, "Helmina", "Wallin", "072-771562", NOW());
INSERT INTO doctor (employeeid) VALUES (1902);
INSERT INTO doctor_specialization(employeeid, specializationid) VALUES (1902, 8);
INSERT INTO employee (employeeid, first_name, last_name, telephone_number, date_of_employment)VALUES (1903, "Signhild", "Lundqvist", "018-464770", NOW());
INSERT INTO nurse (employeeid) VALUES (1903);
INSERT INTO nurse_specialization(employee_id, specialization_id) VALUES (1903, 14);
INSERT INTO employee (employeeid, first_name, last_name, telephone_number, date_of_employment)VALUES (1904, "Moa", "Norberg", "011-523877", NOW());
INSERT INTO doctor (employeeid) VALUES (1904);
INSERT INTO doctor_specialization(employeeid, specializationid) VALUES (1904, 10);
INSERT INTO employee (employeeid, first_name, last_name, telephone_number, date_of_employment)VALUES (1905, "Mariette", "Magnusson", "031-474113", NOW());
INSERT INTO doctor (employeeid) VALUES (1905);
INSERT INTO doctor_specialization(employeeid, specializationid) VALUES (1905, 6);
INSERT INTO employee (employeeid, first_name, last_name, telephone_number, date_of_employment)VALUES (1906, "Salli", "Bergman", "073-817651", NOW());
INSERT INTO assistant_nurse (employeeid) VALUES (1906);
INSERT INTO employee (employeeid, first_name, last_name, telephone_number, date_of_employment)VALUES (1907, "Edvard", "Danielsson", "075-846757", NOW());
INSERT INTO nurse (employeeid) VALUES (1907);

INSERT INTO employee (employeeid, first_name, last_name, telephone_number, date_of_employment)VALUES (1908, "Cissi", "Engström", "018-825418", NOW());
INSERT INTO nurse (employeeid) VALUES (1908);
INSERT INTO nurse_specialization(employee_id, specialization_id) VALUES (1908, 12);
INSERT INTO employee (employeeid, first_name, last_name, telephone_number, date_of_employment)VALUES (1909, "Isabella", "Wikström", "040-452061", NOW());
INSERT INTO assistant_nurse (employeeid) VALUES (1909);
INSERT INTO employee (employeeid, first_name, last_name, telephone_number, date_of_employment)VALUES (1910, "Hans", "Hermansson", "063-330545", NOW());
INSERT INTO assistant_nurse (employeeid) VALUES (1910);
INSERT INTO employee (employeeid, first_name, last_name, telephone_number, date_of_employment)VALUES (1911, "Tryggve", "Gunnarsson", "021-732082", NOW());
INSERT INTO doctor (employeeid) VALUES (1911);
INSERT INTO doctor_specialization(employeeid, specializationid) VALUES (1911, 7);
INSERT INTO employee (employeeid, first_name, last_name, telephone_number, date_of_employment)VALUES (1912, "Elfrida", "Larsson", "042-185745", NOW());
INSERT INTO doctor (employeeid) VALUES (1912);

INSERT INTO employee (employeeid, first_name, last_name, telephone_number, date_of_employment)VALUES (1913, "Sylve", "Gustafsson", "019-711673", NOW());
INSERT INTO doctor (employeeid) VALUES (1913);
INSERT INTO doctor_specialization(employeeid, specializationid) VALUES (1913, 12);
INSERT INTO employee (employeeid, first_name, last_name, telephone_number, date_of_employment)VALUES (1914, "Jennifer", "Holm", "044-676128", NOW());
INSERT INTO assistant_nurse (employeeid) VALUES (1914);
INSERT INTO employee (employeeid, first_name, last_name, telephone_number, date_of_employment)VALUES (1915, "Viva", "Samuelsson", "072-614434", NOW());
INSERT INTO assistant_nurse (employeeid) VALUES (1915);
INSERT INTO employee (employeeid, first_name, last_name, telephone_number, date_of_employment)VALUES (1916, "Essie", "Abrahamsson", "021-643761", NOW());
INSERT INTO doctor (employeeid) VALUES (1916);
INSERT INTO doctor_specialization(employeeid, specializationid) VALUES (1916, 4);
INSERT INTO employee (employeeid, first_name, last_name, telephone_number, date_of_employment)VALUES (1917, "Gudrun", "Håkansson", "019-562461", NOW());
INSERT INTO nurse (employeeid) VALUES (1917);
INSERT INTO nurse_specialization(employee_id, specialization_id) VALUES (1917, 2);
INSERT INTO employee (employeeid, first_name, last_name, telephone_number, date_of_employment)VALUES (1918, "Pieter", "Björk", "021-580251", NOW());
INSERT INTO doctor (employeeid) VALUES (1918);
INSERT INTO doctor_specialization(employeeid, specializationid) VALUES (1918, 11);
INSERT INTO employee (employeeid, first_name, last_name, telephone_number, date_of_employment)VALUES (1919, "Ernst", "Eriksson", "076-661562", NOW());
INSERT INTO doctor (employeeid) VALUES (1919);
INSERT INTO doctor_specialization(employeeid, specializationid) VALUES (1919, 1);
INSERT INTO employee (employeeid, first_name, last_name, telephone_number, date_of_employment)VALUES (1920, "Erkki", "Lindqvist", "036-282640", NOW());
INSERT INTO assistant_nurse (employeeid) VALUES (1920);
INSERT INTO employee (employeeid, first_name, last_name, telephone_number, date_of_employment)VALUES (1921, "Åsa", "Sundström", "033-385583", NOW());
INSERT INTO nurse (employeeid) VALUES (1921);

INSERT INTO employee (employeeid, first_name, last_name, telephone_number, date_of_employment)VALUES (1922, "Helga", "Söderberg", "036-024218", NOW());
INSERT INTO doctor (employeeid) VALUES (1922);
INSERT INTO doctor_specialization(employeeid, specializationid) VALUES (1922, 13);
INSERT INTO employee (employeeid, first_name, last_name, telephone_number, date_of_employment)VALUES (1923, "Katarzyna", "Åström", "021-016521", NOW());
INSERT INTO doctor (employeeid) VALUES (1923);
INSERT INTO doctor_specialization(employeeid, specializationid) VALUES (1923, 12);
INSERT INTO employee (employeeid, first_name, last_name, telephone_number, date_of_employment)VALUES (1924, "Maximilian", "Lindström", "044-546700", NOW());
INSERT INTO doctor (employeeid) VALUES (1924);

INSERT INTO employee (employeeid, first_name, last_name, telephone_number, date_of_employment)VALUES (1925, "Johan", "Bergman", "074-352132", NOW());
INSERT INTO assistant_nurse (employeeid) VALUES (1925);
INSERT INTO employee (employeeid, first_name, last_name, telephone_number, date_of_employment)VALUES (1926, "Stella", "Berg", "046-485252", NOW());
INSERT INTO doctor (employeeid) VALUES (1926);
INSERT INTO doctor_specialization(employeeid, specializationid) VALUES (1926, 10);
INSERT INTO employee (employeeid, first_name, last_name, telephone_number, date_of_employment)VALUES (1927, "Mariella", "Hansson", "011-271757", NOW());
INSERT INTO doctor (employeeid) VALUES (1927);
INSERT INTO doctor_specialization(employeeid, specializationid) VALUES (1927, 5);
INSERT INTO employee (employeeid, first_name, last_name, telephone_number, date_of_employment)VALUES (1928, "Antonius", "Holmberg", "011-572364", NOW());
INSERT INTO assistant_nurse (employeeid) VALUES (1928);
INSERT INTO employee (employeeid, first_name, last_name, telephone_number, date_of_employment)VALUES (1929, "Theo", "Strömberg", "035-031668", NOW());
INSERT INTO assistant_nurse (employeeid) VALUES (1929);
INSERT INTO employee (employeeid, first_name, last_name, telephone_number, date_of_employment)VALUES (1930, "Gregor", "Karlsson", "073-213404", NOW());
INSERT INTO nurse (employeeid) VALUES (1930);
INSERT INTO nurse_specialization(employee_id, specialization_id) VALUES (1930, 3);
INSERT INTO employee (employeeid, first_name, last_name, telephone_number, date_of_employment)VALUES (1931, "Märit", "Sundström", "011-202001", NOW());
INSERT INTO nurse (employeeid) VALUES (1931);
INSERT INTO nurse_specialization(employee_id, specialization_id) VALUES (1931, 4);
INSERT INTO employee (employeeid, first_name, last_name, telephone_number, date_of_employment)VALUES (1932, "Ditte", "Lindgren", "078-703106", NOW());
INSERT INTO assistant_nurse (employeeid) VALUES (1932);
INSERT INTO employee (employeeid, first_name, last_name, telephone_number, date_of_employment)VALUES (1933, "Halvard", "Eklund", "011-177438", NOW());
INSERT INTO doctor (employeeid) VALUES (1933);
INSERT INTO doctor_specialization(employeeid, specializationid) VALUES (1933, 1);
INSERT INTO employee (employeeid, first_name, last_name, telephone_number, date_of_employment)VALUES (1934, "Merit", "Sundqvist", "016-461563", NOW());
INSERT INTO assistant_nurse (employeeid) VALUES (1934);
INSERT INTO employee (employeeid, first_name, last_name, telephone_number, date_of_employment)VALUES (1935, "Agnes", "Arvidsson", "076-550801", NOW());
INSERT INTO nurse (employeeid) VALUES (1935);

INSERT INTO employee (employeeid, first_name, last_name, telephone_number, date_of_employment)VALUES (1936, "Daniel", "Lundin", "033-456078", NOW());
INSERT INTO nurse (employeeid) VALUES (1936);
INSERT INTO nurse_specialization(employee_id, specialization_id) VALUES (1936, 12);
INSERT INTO employee (employeeid, first_name, last_name, telephone_number, date_of_employment)VALUES (1937, "Allie", "Danielsson", "036-632554", NOW());
INSERT INTO nurse (employeeid) VALUES (1937);
INSERT INTO nurse_specialization(employee_id, specialization_id) VALUES (1937, 10);
INSERT INTO employee (employeeid, first_name, last_name, telephone_number, date_of_employment)VALUES (1938, "Eve", "Larsson", "063-810200", NOW());
INSERT INTO assistant_nurse (employeeid) VALUES (1938);
INSERT INTO employee (employeeid, first_name, last_name, telephone_number, date_of_employment)VALUES (1939, "Elina", "Mattsson", "023-171273", NOW());
INSERT INTO assistant_nurse (employeeid) VALUES (1939);
INSERT INTO employee (employeeid, first_name, last_name, telephone_number, date_of_employment)VALUES (1940, "Selma", "Sandström", "021-171273", NOW());
INSERT INTO nurse (employeeid) VALUES (1940);
INSERT INTO nurse_specialization(employee_id, specialization_id) VALUES (1940, 7);
INSERT INTO employee (employeeid, first_name, last_name, telephone_number, date_of_employment)VALUES (1941, "Gullie", "Löfgren", "011-776816", NOW());
INSERT INTO assistant_nurse (employeeid) VALUES (1941);
INSERT INTO employee (employeeid, first_name, last_name, telephone_number, date_of_employment)VALUES (1942, "Allan", "Bergman", "046-135414", NOW());
INSERT INTO assistant_nurse (employeeid) VALUES (1942);
INSERT INTO employee (employeeid, first_name, last_name, telephone_number, date_of_employment)VALUES (1943, "Gunnar", "Sundström", "077-762314", NOW());
INSERT INTO nurse (employeeid) VALUES (1943);
INSERT INTO nurse_specialization(employee_id, specialization_id) VALUES (1943, 8);
INSERT INTO employee (employeeid, first_name, last_name, telephone_number, date_of_employment)VALUES (1944, "Susanna", "Viklund", "036-577776", NOW());
INSERT INTO doctor (employeeid) VALUES (1944);
INSERT INTO doctor_specialization(employeeid, specializationid) VALUES (1944, 11);
INSERT INTO employee (employeeid, first_name, last_name, telephone_number, date_of_employment)VALUES (1945, "Rigmor", "Jonsson", "019-003402", NOW());
INSERT INTO doctor (employeeid) VALUES (1945);

INSERT INTO employee (employeeid, first_name, last_name, telephone_number, date_of_employment)VALUES (1946, "Jörgen", "Andersson", "078-206068", NOW());
INSERT INTO assistant_nurse (employeeid) VALUES (1946);
INSERT INTO employee (employeeid, first_name, last_name, telephone_number, date_of_employment)VALUES (1947, "Iris", "Samuelsson", "021-313573", NOW());
INSERT INTO nurse (employeeid) VALUES (1947);
INSERT INTO nurse_specialization(employee_id, specialization_id) VALUES (1947, 9);
INSERT INTO employee (employeeid, first_name, last_name, telephone_number, date_of_employment)VALUES (1948, "Steve", "Wikström", "063-424870", NOW());
INSERT INTO nurse (employeeid) VALUES (1948);
INSERT INTO nurse_specialization(employee_id, specialization_id) VALUES (1948, 16);
INSERT INTO employee (employeeid, first_name, last_name, telephone_number, date_of_employment)VALUES (1949, "Danny", "Öberg", "019-358336", NOW());
INSERT INTO nurse (employeeid) VALUES (1949);
INSERT INTO nurse_specialization(employee_id, specialization_id) VALUES (1949, 16);
INSERT INTO employee (employeeid, first_name, last_name, telephone_number, date_of_employment)VALUES (1950, "Roberto", "Isaksson", "072-087385", NOW());
INSERT INTO assistant_nurse (employeeid) VALUES (1950);
INSERT INTO employee (employeeid, first_name, last_name, telephone_number, date_of_employment)VALUES (1951, "Tekla", "Jansson", "063-736071", NOW());
INSERT INTO assistant_nurse (employeeid) VALUES (1951);
INSERT INTO employee (employeeid, first_name, last_name, telephone_number, date_of_employment)VALUES (1952, "Ralf", "Björklund", "042-660326", NOW());
INSERT INTO nurse (employeeid) VALUES (1952);
INSERT INTO nurse_specialization(employee_id, specialization_id) VALUES (1952, 7);
INSERT INTO employee (employeeid, first_name, last_name, telephone_number, date_of_employment)VALUES (1953, "Ragnar", "Björk", "040-653832", NOW());
INSERT INTO doctor (employeeid) VALUES (1953);
INSERT INTO doctor_specialization(employeeid, specializationid) VALUES (1953, 8);
INSERT INTO employee (employeeid, first_name, last_name, telephone_number, date_of_employment)VALUES (1954, "Tyra", "Björklund", "016-177438", NOW());
INSERT INTO nurse (employeeid) VALUES (1954);

INSERT INTO employee (employeeid, first_name, last_name, telephone_number, date_of_employment)VALUES (1955, "Jorge", "Öberg", "044-014817", NOW());
INSERT INTO nurse (employeeid) VALUES (1955);

INSERT INTO employee (employeeid, first_name, last_name, telephone_number, date_of_employment)VALUES (1956, "Jenny", "Bergqvist", "072-646418", NOW());
INSERT INTO nurse (employeeid) VALUES (1956);
INSERT INTO nurse_specialization(employee_id, specialization_id) VALUES (1956, 15);
INSERT INTO employee (employeeid, first_name, last_name, telephone_number, date_of_employment)VALUES (1957, "Jessika", "Holmqvist", "040-372606", NOW());
INSERT INTO doctor (employeeid) VALUES (1957);

INSERT INTO employee (employeeid, first_name, last_name, telephone_number, date_of_employment)VALUES (1958, "Freddy", "Åström", "076-216725", NOW());
INSERT INTO nurse (employeeid) VALUES (1958);
INSERT INTO nurse_specialization(employee_id, specialization_id) VALUES (1958, 11);
INSERT INTO employee (employeeid, first_name, last_name, telephone_number, date_of_employment)VALUES (1959, "Karl", "Axelsson", "070-428142", NOW());
INSERT INTO doctor (employeeid) VALUES (1959);
INSERT INTO doctor_specialization(employeeid, specializationid) VALUES (1959, 1);
INSERT INTO employee (employeeid, first_name, last_name, telephone_number, date_of_employment)VALUES (1960, "Isabella", "Öberg", "033-484541", NOW());
INSERT INTO doctor (employeeid) VALUES (1960);
INSERT INTO doctor_specialization(employeeid, specializationid) VALUES (1960, 13);
INSERT INTO employee (employeeid, first_name, last_name, telephone_number, date_of_employment)VALUES (1961, "Franz", "Lindgren", "031-664027", NOW());
INSERT INTO doctor (employeeid) VALUES (1961);

INSERT INTO employee (employeeid, first_name, last_name, telephone_number, date_of_employment)VALUES (1962, "Mari", "Fredriksson", "016-137076", NOW());
INSERT INTO assistant_nurse (employeeid) VALUES (1962);
INSERT INTO employee (employeeid, first_name, last_name, telephone_number, date_of_employment)VALUES (1963, "Tor", "Svensson", "019-060838", NOW());
INSERT INTO nurse (employeeid) VALUES (1963);
INSERT INTO nurse_specialization(employee_id, specialization_id) VALUES (1963, 1);
INSERT INTO employee (employeeid, first_name, last_name, telephone_number, date_of_employment)VALUES (1964, "Amalia", "Engström", "090-847088", NOW());
INSERT INTO doctor (employeeid) VALUES (1964);

INSERT INTO employee (employeeid, first_name, last_name, telephone_number, date_of_employment)VALUES (1965, "Sam", "Danielsson", "035-718145", NOW());
INSERT INTO nurse (employeeid) VALUES (1965);
INSERT INTO nurse_specialization(employee_id, specialization_id) VALUES (1965, 16);
INSERT INTO employee (employeeid, first_name, last_name, telephone_number, date_of_employment)VALUES (1966, "Bjarne", "Nordin", "044-712538", NOW());
INSERT INTO doctor (employeeid) VALUES (1966);
INSERT INTO doctor_specialization(employeeid, specializationid) VALUES (1966, 12);
INSERT INTO employee (employeeid, first_name, last_name, telephone_number, date_of_employment)VALUES (1967, "Lago", "Lindström", "046-317314", NOW());
INSERT INTO nurse (employeeid) VALUES (1967);
INSERT INTO nurse_specialization(employee_id, specialization_id) VALUES (1967, 7);
INSERT INTO employee (employeeid, first_name, last_name, telephone_number, date_of_employment)VALUES (1968, "Boris", "Axelsson", "060-467381", NOW());
INSERT INTO doctor (employeeid) VALUES (1968);
INSERT INTO doctor_specialization(employeeid, specializationid) VALUES (1968, 1);
INSERT INTO employee (employeeid, first_name, last_name, telephone_number, date_of_employment)VALUES (1969, "Torben", "Ekström", "060-261633", NOW());
INSERT INTO nurse (employeeid) VALUES (1969);
INSERT INTO nurse_specialization(employee_id, specialization_id) VALUES (1969, 1);
INSERT INTO employee (employeeid, first_name, last_name, telephone_number, date_of_employment)VALUES (1970, "Böret", "Nilsson", "090-411546", NOW());
INSERT INTO nurse (employeeid) VALUES (1970);
INSERT INTO nurse_specialization(employee_id, specialization_id) VALUES (1970, 2);
INSERT INTO employee (employeeid, first_name, last_name, telephone_number, date_of_employment)VALUES (1971, "Teresia", "Pettersson", "011-500514", NOW());
INSERT INTO nurse (employeeid) VALUES (1971);
INSERT INTO nurse_specialization(employee_id, specialization_id) VALUES (1971, 5);
INSERT INTO employee (employeeid, first_name, last_name, telephone_number, date_of_employment)VALUES (1972, "Bill", "Berggren", "072-033767", NOW());
INSERT INTO nurse (employeeid) VALUES (1972);
INSERT INTO nurse_specialization(employee_id, specialization_id) VALUES (1972, 10);
INSERT INTO employee (employeeid, first_name, last_name, telephone_number, date_of_employment)VALUES (1973, "Gudrun", "Åberg", "063-532763", NOW());
INSERT INTO nurse (employeeid) VALUES (1973);
INSERT INTO nurse_specialization(employee_id, specialization_id) VALUES (1973, 1);
INSERT INTO employee (employeeid, first_name, last_name, telephone_number, date_of_employment)VALUES (1974, "Tanja", "Björk", "036-502364", NOW());
INSERT INTO assistant_nurse (employeeid) VALUES (1974);
INSERT INTO employee (employeeid, first_name, last_name, telephone_number, date_of_employment)VALUES (1975, "Ansgar", "Dahlberg", "044-134756", NOW());
INSERT INTO nurse (employeeid) VALUES (1975);
INSERT INTO nurse_specialization(employee_id, specialization_id) VALUES (1975, 1);
INSERT INTO employee (employeeid, first_name, last_name, telephone_number, date_of_employment)VALUES (1976, "Israel", "Björklund", "078-827533", NOW());
INSERT INTO nurse (employeeid) VALUES (1976);

INSERT INTO employee (employeeid, first_name, last_name, telephone_number, date_of_employment)VALUES (1977, "Erkki", "Wallin", "063-677071", NOW());
INSERT INTO nurse (employeeid) VALUES (1977);
INSERT INTO nurse_specialization(employee_id, specialization_id) VALUES (1977, 14);
INSERT INTO employee (employeeid, first_name, last_name, telephone_number, date_of_employment)VALUES (1978, "Botilda", "Lundström", "063-743237", NOW());
INSERT INTO nurse (employeeid) VALUES (1978);
INSERT INTO nurse_specialization(employee_id, specialization_id) VALUES (1978, 4);
INSERT INTO employee (employeeid, first_name, last_name, telephone_number, date_of_employment)VALUES (1979, "Gundel", "Larsson", "077-030830", NOW());
INSERT INTO doctor (employeeid) VALUES (1979);
INSERT INTO doctor_specialization(employeeid, specializationid) VALUES (1979, 9);
INSERT INTO employee (employeeid, first_name, last_name, telephone_number, date_of_employment)VALUES (1980, "Hella", "Lindholm", "026-854007", NOW());
INSERT INTO assistant_nurse (employeeid) VALUES (1980);
INSERT INTO employee (employeeid, first_name, last_name, telephone_number, date_of_employment)VALUES (1981, "Gert", "Persson", "070-871658", NOW());
INSERT INTO nurse (employeeid) VALUES (1981);
INSERT INTO nurse_specialization(employee_id, specialization_id) VALUES (1981, 6);
INSERT INTO employee (employeeid, first_name, last_name, telephone_number, date_of_employment)VALUES (1982, "Nikolaus", "Lindström", "040-611480", NOW());
INSERT INTO assistant_nurse (employeeid) VALUES (1982);
INSERT INTO employee (employeeid, first_name, last_name, telephone_number, date_of_employment)VALUES (1983, "Elly", "Jonasson", "070-323810", NOW());
INSERT INTO assistant_nurse (employeeid) VALUES (1983);
INSERT INTO employee (employeeid, first_name, last_name, telephone_number, date_of_employment)VALUES (1984, "Andrietta", "Sundqvist", "044-700326", NOW());
INSERT INTO doctor (employeeid) VALUES (1984);
INSERT INTO doctor_specialization(employeeid, specializationid) VALUES (1984, 9);
INSERT INTO employee (employeeid, first_name, last_name, telephone_number, date_of_employment)VALUES (1985, "Lydia", "Åberg", "044-416536", NOW());
INSERT INTO doctor (employeeid) VALUES (1985);
INSERT INTO doctor_specialization(employeeid, specializationid) VALUES (1985, 16);
INSERT INTO employee (employeeid, first_name, last_name, telephone_number, date_of_employment)VALUES (1986, "Teodora", "Andreasson", "078-283707", NOW());
INSERT INTO doctor (employeeid) VALUES (1986);
INSERT INTO doctor_specialization(employeeid, specializationid) VALUES (1986, 9);
INSERT INTO employee (employeeid, first_name, last_name, telephone_number, date_of_employment)VALUES (1987, "Severin", "Löfgren", "073-440385", NOW());
INSERT INTO assistant_nurse (employeeid) VALUES (1987);
INSERT INTO employee (employeeid, first_name, last_name, telephone_number, date_of_employment)VALUES (1988, "Jannike", "Olsson", "040-355383", NOW());
INSERT INTO doctor (employeeid) VALUES (1988);

INSERT INTO employee (employeeid, first_name, last_name, telephone_number, date_of_employment)VALUES (1989, "Aurora", "Nyberg", "046-323810", NOW());
INSERT INTO assistant_nurse (employeeid) VALUES (1989);
INSERT INTO employee (employeeid, first_name, last_name, telephone_number, date_of_employment)VALUES (1990, "Emil", "Wikström", "035-580251", NOW());
INSERT INTO nurse (employeeid) VALUES (1990);

INSERT INTO employee (employeeid, first_name, last_name, telephone_number, date_of_employment)VALUES (1991, "Martinus", "Claesson", "073-677376", NOW());
INSERT INTO doctor (employeeid) VALUES (1991);
INSERT INTO doctor_specialization(employeeid, specializationid) VALUES (1991, 3);
INSERT INTO employee (employeeid, first_name, last_name, telephone_number, date_of_employment)VALUES (1992, "Johnny", "Mårtensson", "072-271757", NOW());
INSERT INTO nurse (employeeid) VALUES (1992);
INSERT INTO nurse_specialization(employee_id, specialization_id) VALUES (1992, 2);
INSERT INTO employee (employeeid, first_name, last_name, telephone_number, date_of_employment)VALUES (1993, "Laura", "Magnusson", "046-024357", NOW());
INSERT INTO doctor (employeeid) VALUES (1993);
INSERT INTO doctor_specialization(employeeid, specializationid) VALUES (1993, 1);
INSERT INTO employee (employeeid, first_name, last_name, telephone_number, date_of_employment)VALUES (1994, "Douglas", "Henriksson", "023-220468", NOW());
INSERT INTO assistant_nurse (employeeid) VALUES (1994);
INSERT INTO employee (employeeid, first_name, last_name, telephone_number, date_of_employment)VALUES (1995, "Konstantin", "Mattsson", "031-622448", NOW());
INSERT INTO nurse (employeeid) VALUES (1995);

INSERT INTO employee (employeeid, first_name, last_name, telephone_number, date_of_employment)VALUES (1996, "Janne", "Larsson", "023-757814", NOW());
INSERT INTO assistant_nurse (employeeid) VALUES (1996);
INSERT INTO employee (employeeid, first_name, last_name, telephone_number, date_of_employment)VALUES (1997, "Signhild", "Lindström", "078-362336", NOW());
INSERT INTO doctor (employeeid) VALUES (1997);
INSERT INTO doctor_specialization(employeeid, specializationid) VALUES (1997, 13);
INSERT INTO employee (employeeid, first_name, last_name, telephone_number, date_of_employment)VALUES (1998, "Laila", "Olsson", "072-356602", NOW());
INSERT INTO nurse (employeeid) VALUES (1998);
INSERT INTO nurse_specialization(employee_id, specialization_id) VALUES (1998, 2);
INSERT INTO employee (employeeid, first_name, last_name, telephone_number, date_of_employment)VALUES (1999, "Alve", "Nordin", "023-234615", NOW());
INSERT INTO nurse (employeeid) VALUES (1999);
INSERT INTO nurse_specialization(employee_id, specialization_id) VALUES (1999, 3);
INSERT INTO employee (employeeid, first_name, last_name, telephone_number, date_of_employment)VALUES (2000, "Boris", "Pålsson", "031-710587", NOW());
INSERT INTO assistant_nurse (employeeid) VALUES (2000);
COMMIT;
