START TRANSACTION;
INSERT INTO workplace (workplaceid, workplace_name)VALUES (1, "Abortmottagning");
INSERT INTO clinic (workplaceid)VALUES (1);
INSERT INTO workplace (workplaceid, workplace_name)VALUES (2, "Akutmottagningen");
INSERT INTO clinic (workplaceid)VALUES (2);
INSERT INTO workplace (workplaceid, workplace_name)VALUES (3, "Allmän endokrinologiska mottagningen Solna");
INSERT INTO clinic (workplaceid)VALUES (3);
INSERT INTO workplace (workplaceid, workplace_name)VALUES (4, "Amningsmottagningen Solna");
INSERT INTO clinic (workplaceid)VALUES (4);
INSERT INTO workplace (workplaceid, workplace_name)VALUES (5, "Anestesimottagningen Huddinge");
INSERT INTO clinic (workplaceid)VALUES (5);
INSERT INTO workplace (workplaceid, workplace_name)VALUES (6, "Anestesimottagningen Solna");
INSERT INTO clinic (workplaceid)VALUES (6);
INSERT INTO workplace (workplaceid, workplace_name)VALUES (7, "Antikoagulationsmottagningen Huddinge");
INSERT INTO clinic (workplaceid)VALUES (7);
INSERT INTO workplace (workplaceid, workplace_name)VALUES (8, "Auroramottagningen Solna");
INSERT INTO clinic (workplaceid)VALUES (8);
INSERT INTO workplace (workplaceid, workplace_name)VALUES (9, "Plastikmottagningen Solna");
INSERT INTO clinic (workplaceid)VALUES (9);
INSERT INTO workplace (workplaceid, workplace_name)VALUES (10, "PQCT-mottagningen Huddinge");
INSERT INTO clinic (workplaceid)VALUES (10);
INSERT INTO workplace (workplaceid, workplace_name)VALUES (11, "Psykologmottagningen");
INSERT INTO clinic (workplaceid)VALUES (11);
INSERT INTO workplace (workplaceid, workplace_name)VALUES (12, "Benmetabola sjukdomar inkl osteoporos Solna");
INSERT INTO clinic (workplaceid)VALUES (12);
INSERT INTO workplace (workplaceid, workplace_name)VALUES (13, "Bentäthetsmottagning C2-84, Huddinge");
INSERT INTO clinic (workplaceid)VALUES (13);
INSERT INTO workplace (workplaceid, workplace_name)VALUES (14, "Centrum Andrologi & Sexualmedicin");
INSERT INTO clinic (workplaceid)VALUES (14);
INSERT INTO workplace (workplaceid, workplace_name)VALUES (15, "Centrum för Fostermedicin");
INSERT INTO clinic (workplaceid)VALUES (15);
INSERT INTO workplace (workplaceid, workplace_name)VALUES (16, "Reumatologmottagning Huddinge");
INSERT INTO clinic (workplaceid)VALUES (16);
INSERT INTO workplace (workplaceid, workplace_name)VALUES (17, "Reumatologmottagning Solna");
INSERT INTO clinic (workplaceid)VALUES (17);
INSERT INTO workplace (workplaceid, workplace_name)VALUES (18, "Diabetesfotsjukvård C2:84, Huddinge");
INSERT INTO clinic (workplaceid)VALUES (18);
INSERT INTO workplace (workplaceid, workplace_name)VALUES (19, "Diabetesfotsårsmottagningen Solna");
INSERT INTO clinic (workplaceid)VALUES (19);
INSERT INTO workplace (workplaceid, workplace_name)VALUES (20, "Dialysmottagningen Huddinge");
INSERT INTO clinic (workplaceid)VALUES (20);
INSERT INTO workplace (workplaceid, workplace_name)VALUES (21, "Dialysmottagningen Solna");
INSERT INTO clinic (workplaceid)VALUES (21);
INSERT INTO workplace (workplaceid, workplace_name)VALUES (22, "Dialysmottagningen Södersjukhuset");
INSERT INTO clinic (workplaceid)VALUES (22);
INSERT INTO workplace (workplaceid, workplace_name)VALUES (23, "Sarkomkirurgi mottagning");
INSERT INTO clinic (workplaceid)VALUES (23);
INSERT INTO workplace (workplaceid, workplace_name)VALUES (24, "Sesam City");
INSERT INTO clinic (workplaceid)VALUES (24);
INSERT INTO workplace (workplaceid, workplace_name)VALUES (25, "Sesammottagning Huddinge");
INSERT INTO clinic (workplaceid)VALUES (25);
INSERT INTO workplace (workplaceid, workplace_name)VALUES (26, "Smärtcentrum");
INSERT INTO clinic (workplaceid)VALUES (26);
INSERT INTO workplace (workplaceid, workplace_name)VALUES (27, "Smärtmottagning reumatologi Solna");
INSERT INTO clinic (workplaceid)VALUES (27);
INSERT INTO workplace (workplaceid, workplace_name)VALUES (28, "Smärtmottagningen Huddinge");
INSERT INTO clinic (workplaceid)VALUES (28);
INSERT INTO workplace (workplaceid, workplace_name)VALUES (29, "Smärtmottagningen Solna");
INSERT INTO clinic (workplaceid)VALUES (29);
INSERT INTO workplace (workplaceid, workplace_name)VALUES (30, "Stomimottagningen Solna");
INSERT INTO clinic (workplaceid)VALUES (30);
INSERT INTO workplace (workplaceid, workplace_name)VALUES (31, "Sårmottagning för tumörsår");
INSERT INTO clinic (workplaceid)VALUES (31);
INSERT INTO workplace (workplaceid, workplace_name)VALUES (32, "Endokrinkirurgi mottagning");
INSERT INTO clinic (workplaceid)VALUES (32);
INSERT INTO workplace (workplaceid, workplace_name)VALUES (33, "Endokrinmottagning C2:84 Huddinge");
INSERT INTO clinic (workplaceid)VALUES (33);
INSERT INTO workplace (workplaceid, workplace_name)VALUES (34, "Endokrinmottagningen Solna");
INSERT INTO clinic (workplaceid)VALUES (34);
INSERT INTO workplace (workplaceid, workplace_name)VALUES (35, "Thorax Kärl mottagning");
INSERT INTO clinic (workplaceid)VALUES (35);
INSERT INTO workplace (workplaceid, workplace_name)VALUES (36, "Transplantationsmottagningen Huddinge");
INSERT INTO clinic (workplaceid)VALUES (36);
INSERT INTO workplace (workplaceid, workplace_name)VALUES (37, "Urologiska mottagningar");
INSERT INTO clinic (workplaceid)VALUES (37);
INSERT INTO workplace (workplaceid, workplace_name)VALUES (38, "Uroterapimottagningar");
INSERT INTO clinic (workplaceid)VALUES (38);
INSERT INTO workplace (workplaceid, workplace_name)VALUES (39, "Gastrokirurgmottagningar Huddinge");
INSERT INTO clinic (workplaceid)VALUES (39);
INSERT INTO workplace (workplaceid, workplace_name)VALUES (40, "Gastrokirurgmottagningen Solna");
INSERT INTO clinic (workplaceid)VALUES (40);
INSERT INTO workplace (workplaceid, workplace_name)VALUES (41, "Gastromottagning B71-73 Huddinge");
INSERT INTO clinic (workplaceid)VALUES (41);
INSERT INTO workplace (workplaceid, workplace_name)VALUES (42, "Gastromottagning K51-61 Huddinge");
INSERT INTO clinic (workplaceid)VALUES (42);
INSERT INTO workplace (workplaceid, workplace_name)VALUES (43, "Gastromottagningen Solna");
INSERT INTO clinic (workplaceid)VALUES (43);
INSERT INTO workplace (workplaceid, workplace_name)VALUES (44, "Genetiska enheten");
INSERT INTO clinic (workplaceid)VALUES (44);
INSERT INTO workplace (workplaceid, workplace_name)VALUES (45, "Geriatriska klinikens mottagningar");
INSERT INTO clinic (workplaceid)VALUES (45);
INSERT INTO workplace (workplaceid, workplace_name)VALUES (46, "Graviditet och förlossning");
INSERT INTO clinic (workplaceid)VALUES (46);
INSERT INTO workplace (workplaceid, workplace_name)VALUES (47, "Gynekologiska akutmottagningar");
INSERT INTO clinic (workplaceid)VALUES (47);
INSERT INTO workplace (workplaceid, workplace_name)VALUES (48, "Gynmottagning Huddinge");
INSERT INTO clinic (workplaceid)VALUES (48);
INSERT INTO workplace (workplaceid, workplace_name)VALUES (49, "Gynmottagning Liljeholmen");
INSERT INTO clinic (workplaceid)VALUES (49);
INSERT INTO workplace (workplaceid, workplace_name)VALUES (50, "Gynmottagning Solna");
INSERT INTO clinic (workplaceid)VALUES (50);
INSERT INTO workplace (workplaceid, workplace_name)VALUES (51, "Hematologimottagingen Danderyds sjukhus");
INSERT INTO clinic (workplaceid)VALUES (51);
INSERT INTO workplace (workplaceid, workplace_name)VALUES (52, "Hematologimottagningen Solna");
INSERT INTO clinic (workplaceid)VALUES (52);
INSERT INTO workplace (workplaceid, workplace_name)VALUES (53, "Hematologmottagning/dagvård R51-53 Huddinge");
INSERT INTO clinic (workplaceid)VALUES (53);
INSERT INTO workplace (workplaceid, workplace_name)VALUES (54, "HIV-mottagning Huddinge");
INSERT INTO clinic (workplaceid)VALUES (54);
INSERT INTO workplace (workplaceid, workplace_name)VALUES (55, "Hjärtsviktsmottagningen");
INSERT INTO clinic (workplaceid)VALUES (55);
INSERT INTO workplace (workplaceid, workplace_name)VALUES (56, "Hjärttransplantationsmottagningen");
INSERT INTO clinic (workplaceid)VALUES (56);
INSERT INTO workplace (workplaceid, workplace_name)VALUES (57, "Hudbehandlingsmottagningen Solna");
INSERT INTO clinic (workplaceid)VALUES (57);
INSERT INTO workplace (workplaceid, workplace_name)VALUES (58, "Hudmottagningen Solna");
INSERT INTO clinic (workplaceid)VALUES (58);
INSERT INTO workplace (workplaceid, workplace_name)VALUES (59, "Hörselrehabilitering Vuxna");
INSERT INTO clinic (workplaceid)VALUES (59);
INSERT INTO workplace (workplaceid, workplace_name)VALUES (60, "Infektionsmottagningar");
INSERT INTO clinic (workplaceid)VALUES (60);
INSERT INTO workplace (workplaceid, workplace_name)VALUES (61, "Kirurgmottagningen Solna");
INSERT INTO clinic (workplaceid)VALUES (61);
INSERT INTO workplace (workplaceid, workplace_name)VALUES (62, "Koagulationsmottagningen Solna");
INSERT INTO clinic (workplaceid)VALUES (62);
INSERT INTO workplace (workplaceid, workplace_name)VALUES (63, "Kolorektalmottagning Huddinge");
INSERT INTO clinic (workplaceid)VALUES (63);
INSERT INTO workplace (workplaceid, workplace_name)VALUES (64, "Kungsholmsdialysen");
INSERT INTO clinic (workplaceid)VALUES (64);
INSERT INTO workplace (workplaceid, workplace_name)VALUES (65, "Livsstilsmottagningen");
INSERT INTO clinic (workplaceid)VALUES (65);
INSERT INTO workplace (workplaceid, workplace_name)VALUES (66, "Ljusbehandlingsmottagningen Solna");
INSERT INTO clinic (workplaceid)VALUES (66);
INSERT INTO workplace (workplaceid, workplace_name)VALUES (67, "Logopedmottagning Huddinge");
INSERT INTO clinic (workplaceid)VALUES (67);
INSERT INTO workplace (workplaceid, workplace_name)VALUES (68, "Logopedmottagning Solna");
INSERT INTO clinic (workplaceid)VALUES (68);
INSERT INTO workplace (workplaceid, workplace_name)VALUES (69, "Läkarmottagning");
INSERT INTO clinic (workplaceid)VALUES (69);
INSERT INTO workplace (workplaceid, workplace_name)VALUES (70, "Återbesöks- och amningsmottagning Huddinge");
INSERT INTO clinic (workplaceid)VALUES (70);
INSERT INTO workplace (workplaceid, workplace_name)VALUES (71, "Återbesöksmottagningen Solna");
INSERT INTO clinic (workplaceid)VALUES (71);
INSERT INTO workplace (workplaceid, workplace_name)VALUES (72, "Neurocutan mottagning Solna");
INSERT INTO clinic (workplaceid)VALUES (72);
INSERT INTO workplace (workplaceid, workplace_name)VALUES (73, "Neurofysiologisk mottagning Huddinge");
INSERT INTO clinic (workplaceid)VALUES (73);
INSERT INTO workplace (workplaceid, workplace_name)VALUES (74, "Neurofysiologisk mottagning Solna");
INSERT INTO clinic (workplaceid)VALUES (74);
INSERT INTO workplace (workplaceid, workplace_name)VALUES (75, "Neurofysiologisk mottagning Södersjukhuset");
INSERT INTO clinic (workplaceid)VALUES (75);
INSERT INTO workplace (workplaceid, workplace_name)VALUES (76, "Neurokirurgisk mottagning Solna");
INSERT INTO clinic (workplaceid)VALUES (76);
INSERT INTO workplace (workplaceid, workplace_name)VALUES (77, "Neurologmottagningen Huddinge");
INSERT INTO clinic (workplaceid)VALUES (77);
INSERT INTO workplace (workplaceid, workplace_name)VALUES (78, "Neurologmottagningen Solna");
INSERT INTO clinic (workplaceid)VALUES (78);
INSERT INTO workplace (workplaceid, workplace_name)VALUES (79, "Njurmedicinsk mottagning och PD mottagning");
INSERT INTO clinic (workplaceid)VALUES (79);
INSERT INTO workplace (workplaceid, workplace_name)VALUES (80, "Njurmedicinska mottagningen Huddinge");
INSERT INTO clinic (workplaceid)VALUES (80);
INSERT INTO workplace (workplaceid, workplace_name)VALUES (81, "Öron-, näs- och halsakuten Huddinge");
INSERT INTO clinic (workplaceid)VALUES (81);
INSERT INTO workplace (workplaceid, workplace_name)VALUES (82, "Öron-, näs- och halsakuten Solna");
INSERT INTO clinic (workplaceid)VALUES (82);
INSERT INTO workplace (workplaceid, workplace_name)VALUES (83, "Öron-, näs- och halsakuten Södersjukhuset");
INSERT INTO clinic (workplaceid)VALUES (83);
INSERT INTO workplace (workplaceid, workplace_name)VALUES (84, "Öron-, näs- och halsmottagningen Danderyd");
INSERT INTO clinic (workplaceid)VALUES (84);
INSERT INTO workplace (workplaceid, workplace_name)VALUES (85, "Öron-, näs- och halsmottagningen Huddinge");
INSERT INTO clinic (workplaceid)VALUES (85);
INSERT INTO workplace (workplaceid, workplace_name)VALUES (86, "Öron-, näs- och halsmottagningen Solna");
INSERT INTO clinic (workplaceid)VALUES (86);
INSERT INTO workplace (workplaceid, workplace_name)VALUES (87, "ÖverviktsCentrum");
INSERT INTO clinic (workplaceid)VALUES (87);
INSERT INTO workplace (workplaceid, workplace_name)VALUES (88, "Onkologiska kliniken kontakta oss");
INSERT INTO clinic (workplaceid)VALUES (88);
INSERT INTO workplace (workplaceid, workplace_name)VALUES (89, "Ortopedmottagningen Huddinge");
INSERT INTO clinic (workplaceid)VALUES (89);
INSERT INTO workplace (workplaceid, workplace_name)VALUES (90, "Ortopedmottagningen Solna");
INSERT INTO clinic (workplaceid)VALUES (90);
INSERT INTO workplace (workplaceid, workplace_name)VALUES (91, "Osteoporoscentrum C2:84, Huddinge");
INSERT INTO clinic (workplaceid)VALUES (91);
INSERT INTO workplace (workplaceid, workplace_name)VALUES (92, "Avdelning A23a Solna");
INSERT INTO ward (workplaceid)VALUES (92);
INSERT INTO workplace (workplaceid, workplace_name)VALUES (93, "Akut Trauma Kirurgi Solna");
INSERT INTO ward (workplaceid)VALUES (93);
INSERT INTO workplace (workplaceid, workplace_name)VALUES (94, "Akutvårdsavdelningarna Huddinge");
INSERT INTO ward (workplaceid)VALUES (94);
INSERT INTO workplace (workplaceid, workplace_name)VALUES (95, "Akutvårdsavdelningarna Solna");
INSERT INTO ward (workplaceid)VALUES (95);
INSERT INTO workplace (workplaceid, workplace_name)VALUES (96, "Anestesi- och operationsavdelningen Huddinge");
INSERT INTO ward (workplaceid)VALUES (96);
INSERT INTO workplace (workplaceid, workplace_name)VALUES (97, "Avdelning A16b Solna");
INSERT INTO ward (workplaceid)VALUES (97);
INSERT INTO workplace (workplaceid, workplace_name)VALUES (98, "Avdelning A24a Solna");
INSERT INTO ward (workplaceid)VALUES (98);
INSERT INTO workplace (workplaceid, workplace_name)VALUES (99, "Avdelning A24b Solna");
INSERT INTO ward (workplaceid)VALUES (99);
INSERT INTO workplace (workplaceid, workplace_name)VALUES (100, "Avdelning A25b Solna");
INSERT INTO ward (workplaceid)VALUES (100);
INSERT INTO workplace (workplaceid, workplace_name)VALUES (101, "Avdelning B13 & B24-B34 Solna");
INSERT INTO ward (workplaceid)VALUES (101);
INSERT INTO workplace (workplaceid, workplace_name)VALUES (102, "Avdelning B13 Solna");
INSERT INTO ward (workplaceid)VALUES (102);
INSERT INTO workplace (workplaceid, workplace_name)VALUES (103, "Avdelning B15 Solna");
INSERT INTO ward (workplaceid)VALUES (103);
INSERT INTO workplace (workplaceid, workplace_name)VALUES (104, "Avdelning B82 Huddinge");
INSERT INTO ward (workplaceid)VALUES (104);
INSERT INTO workplace (workplaceid, workplace_name)VALUES (105, "Avdelning D14 Solna");
INSERT INTO ward (workplaceid)VALUES (105);
INSERT INTO workplace (workplaceid, workplace_name)VALUES (106, "Avdelning E13 Solna");
INSERT INTO ward (workplaceid)VALUES (106);
INSERT INTO workplace (workplaceid, workplace_name)VALUES (107, "Avdelning E14 Solna");
INSERT INTO ward (workplaceid)VALUES (107);
INSERT INTO workplace (workplaceid, workplace_name)VALUES (108, "Avdelning I52/I54 & I62/I64 Huddinge");
INSERT INTO ward (workplaceid)VALUES (108);
INSERT INTO workplace (workplaceid, workplace_name)VALUES (109, "Avdelning K44 (IMA) Huddinge");
INSERT INTO ward (workplaceid)VALUES (109);
INSERT INTO workplace (workplaceid, workplace_name)VALUES (110, "Avdelning K66 Huddinge");
INSERT INTO ward (workplaceid)VALUES (110);
INSERT INTO workplace (workplaceid, workplace_name)VALUES (111, "Avdelning K71-73 Huddinge");
INSERT INTO ward (workplaceid)VALUES (111);
INSERT INTO workplace (workplaceid, workplace_name)VALUES (112, "Avdelning K72 Huddinge");
INSERT INTO ward (workplaceid)VALUES (112);
INSERT INTO workplace (workplaceid, workplace_name)VALUES (113, "Avdelning K74 Huddinge");
INSERT INTO ward (workplaceid)VALUES (113);
INSERT INTO workplace (workplaceid, workplace_name)VALUES (114, "Avdelning K87-89 Huddinge");
INSERT INTO ward (workplaceid)VALUES (114);
INSERT INTO workplace (workplaceid, workplace_name)VALUES (115, "Avdelning M61-63 Huddinge");
INSERT INTO ward (workplaceid)VALUES (115);
INSERT INTO workplace (workplaceid, workplace_name)VALUES (116, "Avdelning M71-73 Huddinge");
INSERT INTO ward (workplaceid)VALUES (116);
INSERT INTO workplace (workplaceid, workplace_name)VALUES (117, "Avdelning N13 Solna");
INSERT INTO ward (workplaceid)VALUES (117);
INSERT INTO workplace (workplaceid, workplace_name)VALUES (118, "Avdelning N22");
INSERT INTO ward (workplaceid)VALUES (118);
INSERT INTO workplace (workplaceid, workplace_name)VALUES (119, "Avdelning N23 Solna");
INSERT INTO ward (workplaceid)VALUES (119);
INSERT INTO workplace (workplaceid, workplace_name)VALUES (120, "Plastikoperationsavdelning");
INSERT INTO ward (workplaceid)VALUES (120);
INSERT INTO workplace (workplaceid, workplace_name)VALUES (121, "B72 avdelning Geriatrik");
INSERT INTO ward (workplaceid)VALUES (121);
INSERT INTO workplace (workplaceid, workplace_name)VALUES (122, "B74 avdelning Geriatrik");
INSERT INTO ward (workplaceid)VALUES (122);
INSERT INTO workplace (workplaceid, workplace_name)VALUES (123, "B81 avdelning Geriatrik");
INSERT INTO ward (workplaceid)VALUES (123);
INSERT INTO workplace (workplaceid, workplace_name)VALUES (124, "B83 avdelning Geriatrik");
INSERT INTO ward (workplaceid)VALUES (124);
INSERT INTO workplace (workplaceid, workplace_name)VALUES (125, "BB Karolinska Solna");
INSERT INTO ward (workplaceid)VALUES (125);
INSERT INTO workplace (workplaceid, workplace_name)VALUES (126, "Centrala röntgen Solna");
INSERT INTO ward (workplaceid)VALUES (126);
INSERT INTO workplace (workplaceid, workplace_name)VALUES (127, "Centraloperation Solna");
INSERT INTO ward (workplaceid)VALUES (127);
INSERT INTO workplace (workplaceid, workplace_name)VALUES (128, "R71 avdelning Geriatrik");
INSERT INTO ward (workplaceid)VALUES (128);
INSERT INTO workplace (workplaceid, workplace_name)VALUES (129, "R73 avdelning Geriatrik");
INSERT INTO ward (workplaceid)VALUES (129);
INSERT INTO workplace (workplaceid, workplace_name)VALUES (130, "Dagkirurgi/Sömnlaboratorium B84 Huddinge");
INSERT INTO ward (workplaceid)VALUES (130);
INSERT INTO workplace (workplaceid, workplace_name)VALUES (131, "Dagvårdsavdelning A15b Solna");
INSERT INTO ward (workplaceid)VALUES (131);
INSERT INTO workplace (workplaceid, workplace_name)VALUES (132, "Dagvårdsavdelning D25 Solna");
INSERT INTO ward (workplaceid)VALUES (132);
INSERT INTO workplace (workplaceid, workplace_name)VALUES (133, "Dagvårdsavdelning R72 Huddinge");
INSERT INTO ward (workplaceid)VALUES (133);
INSERT INTO workplace (workplaceid, workplace_name)VALUES (134, "Dagvårdsmottagningen Solna");
INSERT INTO ward (workplaceid)VALUES (134);
INSERT INTO workplace (workplaceid, workplace_name)VALUES (135, "Diabetes- och metabola dagvårdsavdelningen C2:84, Huddinge");
INSERT INTO ward (workplaceid)VALUES (135);
INSERT INTO workplace (workplaceid, workplace_name)VALUES (136, "Slutenvårdsavdelning D26 Solna");
INSERT INTO ward (workplaceid)VALUES (136);
INSERT INTO workplace (workplaceid, workplace_name)VALUES (137, "Smärtavdelningen Huddinge");
INSERT INTO ward (workplaceid)VALUES (137);
INSERT INTO workplace (workplaceid, workplace_name)VALUES (138, "Syrgasmottagning");
INSERT INTO ward (workplaceid)VALUES (138);
INSERT INTO workplace (workplaceid, workplace_name)VALUES (139, "Endokrindagvården Solna");
INSERT INTO ward (workplaceid)VALUES (139);
INSERT INTO workplace (workplaceid, workplace_name)VALUES (140, "THIVA och THIMA");
INSERT INTO ward (workplaceid)VALUES (140);
INSERT INTO workplace (workplaceid, workplace_name)VALUES (141, "Thoraxkirurgisk inskrivningsenhet N13 Solna");
INSERT INTO ward (workplaceid)VALUES (141);
INSERT INTO workplace (workplaceid, workplace_name)VALUES (142, "Thoraxoperation");
INSERT INTO ward (workplaceid)VALUES (142);
INSERT INTO workplace (workplaceid, workplace_name)VALUES (143, "Thoraxröntgen Solna");
INSERT INTO ward (workplaceid)VALUES (143);
INSERT INTO workplace (workplaceid, workplace_name)VALUES (144, "Uppvakningsavdelningen Huddinge");
INSERT INTO ward (workplaceid)VALUES (144);
INSERT INTO workplace (workplaceid, workplace_name)VALUES (145, "Urologisk dagvårdsenhet Huddinge");
INSERT INTO ward (workplaceid)VALUES (145);
INSERT INTO workplace (workplaceid, workplace_name)VALUES (146, "Geriatriska klinikens avdelningar");
INSERT INTO ward (workplaceid)VALUES (146);
INSERT INTO workplace (workplaceid, workplace_name)VALUES (147, "Graviditet och förlossning");
INSERT INTO ward (workplaceid)VALUES (147);
INSERT INTO workplace (workplaceid, workplace_name)VALUES (148, "Gynavdelning Huddinge");
INSERT INTO ward (workplaceid)VALUES (148);
INSERT INTO workplace (workplaceid, workplace_name)VALUES (149, "Gynavdelning Solna");
INSERT INTO ward (workplaceid)VALUES (149);
INSERT INTO workplace (workplaceid, workplace_name)VALUES (150, "Hematologmottagning/dagvård R51-53 Huddinge");
INSERT INTO ward (workplaceid)VALUES (150);
INSERT INTO workplace (workplaceid, workplace_name)VALUES (151, "Hjärtarytmiverksamheten");
INSERT INTO ward (workplaceid)VALUES (151);
INSERT INTO workplace (workplaceid, workplace_name)VALUES (152, "Hjärtintensivavdelning");
INSERT INTO ward (workplaceid)VALUES (152);
INSERT INTO workplace (workplaceid, workplace_name)VALUES (153, "Hyperbarmedicin");
INSERT INTO ward (workplaceid)VALUES (153);
INSERT INTO workplace (workplaceid, workplace_name)VALUES (154, "Intensivvårdsavdelningen Huddinge");
INSERT INTO ward (workplaceid)VALUES (154);
INSERT INTO workplace (workplaceid, workplace_name)VALUES (155, "Intensivvårdsavdelningen Solna");
INSERT INTO ward (workplaceid)VALUES (155);
INSERT INTO workplace (workplaceid, workplace_name)VALUES (156, "Kontaktinformation N15 och M82");
INSERT INTO ward (workplaceid)VALUES (156);
INSERT INTO workplace (workplaceid, workplace_name)VALUES (157, "Kontaktinformation N15 och M82");
INSERT INTO ward (workplaceid)VALUES (157);
INSERT INTO workplace (workplaceid, workplace_name)VALUES (158, "Kranskärlsverksamheten");
INSERT INTO ward (workplaceid)VALUES (158);
INSERT INTO workplace (workplaceid, workplace_name)VALUES (159, "Mammografienheten Solna");
INSERT INTO ward (workplaceid)VALUES (159);
INSERT INTO workplace (workplaceid, workplace_name)VALUES (160, "Neurokirurgisk avdelning R14 Solna");
INSERT INTO ward (workplaceid)VALUES (160);
INSERT INTO workplace (workplaceid, workplace_name)VALUES (161, "Neurokirurgisk avdelning R16 Solna");
INSERT INTO ward (workplaceid)VALUES (161);
INSERT INTO workplace (workplaceid, workplace_name)VALUES (162, "Neurokirurgisk intensivvårdsavdelning Solna");
INSERT INTO ward (workplaceid)VALUES (162);
INSERT INTO workplace (workplaceid, workplace_name)VALUES (163, "Neurokirurgisk intermediärvårdsavdelning (NIMA) Solna");
INSERT INTO ward (workplaceid)VALUES (163);
INSERT INTO workplace (workplaceid, workplace_name)VALUES (164, "Neurokirurgisk operationsavdelning Solna");
INSERT INTO ward (workplaceid)VALUES (164);
INSERT INTO workplace (workplaceid, workplace_name)VALUES (165, "Neurologavd R81 - Veckovård Huddinge");
INSERT INTO ward (workplaceid)VALUES (165);
INSERT INTO workplace (workplaceid, workplace_name)VALUES (166, "Neurologavd R82 - Strokevård/NAVE Huddinge");
INSERT INTO ward (workplaceid)VALUES (166);
INSERT INTO workplace (workplaceid, workplace_name)VALUES (167, "Neurologavd R84 - Allmänneurologi Huddinge");
INSERT INTO ward (workplaceid)VALUES (167);
INSERT INTO workplace (workplaceid, workplace_name)VALUES (168, "Neurologavdelning R15/R12/NAVE Solna");
INSERT INTO ward (workplaceid)VALUES (168);
INSERT INTO workplace (workplaceid, workplace_name)VALUES (169, "Neurologavdelning R18 Solna");
INSERT INTO ward (workplaceid)VALUES (169);
INSERT INTO workplace (workplaceid, workplace_name)VALUES (170, "Neurologavdelning R19 Solna");
INSERT INTO ward (workplaceid)VALUES (170);
INSERT INTO workplace (workplaceid, workplace_name)VALUES (171, "Njurstensenheten Huddinge");
INSERT INTO ward (workplaceid)VALUES (171);
INSERT INTO workplace (workplaceid, workplace_name)VALUES (172, "Nuklearmedicin, Huddinge");
INSERT INTO ward (workplaceid)VALUES (172);
INSERT INTO workplace (workplaceid, workplace_name)VALUES (173, "Nuklearmedicin, Solna");
INSERT INTO ward (workplaceid)VALUES (173);
INSERT INTO workplace (workplaceid, workplace_name)VALUES (174, "Öron-, näs- och halsoperation Solna");
INSERT INTO ward (workplaceid)VALUES (174);
INSERT INTO workplace (workplaceid, workplace_name)VALUES (175, "Öron-, näs-, hals- och cochleaoperation Huddinge");
INSERT INTO ward (workplaceid)VALUES (175);
INSERT INTO workplace (workplaceid, workplace_name)VALUES (176, "Onkologiska kliniken kontakta oss");
INSERT INTO ward (workplaceid)VALUES (176);
INSERT INTO workplace (workplaceid, workplace_name)VALUES (177, "Ortopedavdelning A22a Solna");
INSERT INTO ward (workplaceid)VALUES (177);
INSERT INTO workplace (workplaceid, workplace_name)VALUES (178, "Ortopedavdelning A25a Solna");
INSERT INTO ward (workplaceid)VALUES (178);
INSERT INTO workplace (workplaceid, workplace_name)VALUES (179, "Ortopedavdelning K83 Huddinge");
INSERT INTO ward (workplaceid)VALUES (179);
INSERT INTO workplace (workplaceid, workplace_name)VALUES (180, "Ortopedoperation Huddinge");
INSERT INTO ward (workplaceid)VALUES (180);
INSERT INTO workplace (workplaceid, workplace_name)VALUES (181, "Ortopedoperation Solna");
INSERT INTO ward (workplaceid)VALUES (181);
INSERT INTO specialization (specializationid, specialization_name)VALUES (1, "Allmän medicin");
INSERT INTO specialization (specializationid, specialization_name)VALUES (2, "Anestesiologi");
INSERT INTO specialization (specializationid, specialization_name)VALUES (3, "Barnmedicin/pediatrik");
INSERT INTO specialization (specializationid, specialization_name)VALUES (4, "Dermatologi");
INSERT INTO specialization (specializationid, specialization_name)VALUES (5, "Gynekologi");
INSERT INTO specialization (specializationid, specialization_name)VALUES (6, "Invärtesmedicin");
INSERT INTO specialization (specializationid, specialization_name)VALUES (7, "Kirurgi");
INSERT INTO specialization (specializationid, specialization_name)VALUES (8, "Klinisk kemi");
INSERT INTO specialization (specializationid, specialization_name)VALUES (9, "Neurologi");
INSERT INTO specialization (specializationid, specialization_name)VALUES (10, "Pediatrik");
INSERT INTO specialization (specializationid, specialization_name)VALUES (11, "Obstetrik");
INSERT INTO specialization (specializationid, specialization_name)VALUES (12, "Odontologi");
INSERT INTO specialization (specializationid, specialization_name)VALUES (13, "Oftalmologi");
INSERT INTO specialization (specializationid, specialization_name)VALUES (14, "Oto-rhino-laryngologi");
INSERT INTO specialization (specializationid, specialization_name)VALUES (15, "Psykiatri");
INSERT INTO specialization (specializationid, specialization_name)VALUES (16, "Socialmedicin");
INSERT INTO specialization (specializationid, specialization_name)VALUES (17, "Urologi");
INSERT INTO employee (employeeid, first_name, last_name, telephone_number, date_of_employment)VALUES (1, "Diana", "Lind", "063-651252", "2010-09-06);
INSERT INTO nurse (employeeid) VALUES (1);
INSERT INTO nurse_specialization(employee_id, specialization_id) VALUES (1, 12);
INSERT INTO employee (employeeid, first_name, last_name, telephone_number, date_of_employment)VALUES (2, "Angelika", "Jansson", "073-083554", "2008-03-20);
INSERT INTO doctor (employeeid) VALUES (2);
INSERT INTO doctor_specialization(employeeid, specializationid) VALUES (2, 15);
INSERT INTO employee (employeeid, first_name, last_name, telephone_number, date_of_employment)VALUES (3, "Majken", "Hermansson", "075-503750", "2009-02-09);
INSERT INTO nurse (employeeid) VALUES (3);
INSERT INTO nurse_specialization(employee_id, specialization_id) VALUES (3, 11);
INSERT INTO employee (employeeid, first_name, last_name, telephone_number, date_of_employment)VALUES (4, "Marika", "Björk", "026-271325", "2010-07-24);
INSERT INTO nurse (employeeid) VALUES (4);
INSERT INTO nurse_specialization(employee_id, specialization_id) VALUES (4, 7);
INSERT INTO employee (employeeid, first_name, last_name, telephone_number, date_of_employment)VALUES (5, "Sissela", "Sandberg", "075-642724", "2013-09-30);
INSERT INTO nurse (employeeid) VALUES (5);
INSERT INTO nurse_specialization(employee_id, specialization_id) VALUES (5, 16);
INSERT INTO employee (employeeid, first_name, last_name, telephone_number, date_of_employment)VALUES (6, "Bodil", "Eriksson", "036-035378", "2005-05-21);
INSERT INTO nurse (employeeid) VALUES (6);
INSERT INTO nurse_specialization(employee_id, specialization_id) VALUES (6, 7);
INSERT INTO employee (employeeid, first_name, last_name, telephone_number, date_of_employment)VALUES (7, "Ingegerd", "Jönsson", "063-412784", "2005-04-09);
INSERT INTO nurse (employeeid) VALUES (7);
INSERT INTO nurse_specialization(employee_id, specialization_id) VALUES (7, 10);
INSERT INTO employee (employeeid, first_name, last_name, telephone_number, date_of_employment)VALUES (8, "Antoni", "Johansson", "031-710758", "2007-05-01);
INSERT INTO nurse (employeeid) VALUES (8);

INSERT INTO employee (employeeid, first_name, last_name, telephone_number, date_of_employment)VALUES (9, "Linnea", "Gustafsson", "076-706413", "2007-08-21);
INSERT INTO nurse (employeeid) VALUES (9);
INSERT INTO nurse_specialization(employee_id, specialization_id) VALUES (9, 2);
INSERT INTO employee (employeeid, first_name, last_name, telephone_number, date_of_employment)VALUES (10, "Laurens", "Danielsson", "026-886650", "2011-12-18);
INSERT INTO nurse (employeeid) VALUES (10);
INSERT INTO nurse_specialization(employee_id, specialization_id) VALUES (10, 13);
INSERT INTO employee (employeeid, first_name, last_name, telephone_number, date_of_employment)VALUES (11, "Katrin", "Söderberg", "036-354231", "2008-11-03);
INSERT INTO nurse (employeeid) VALUES (11);
INSERT INTO nurse_specialization(employee_id, specialization_id) VALUES (11, 4);
INSERT INTO employee (employeeid, first_name, last_name, telephone_number, date_of_employment)VALUES (12, "Hilda", "Åström", "018-482732", "2006-01-15);
INSERT INTO nurse (employeeid) VALUES (12);
INSERT INTO nurse_specialization(employee_id, specialization_id) VALUES (12, 4);
INSERT INTO employee (employeeid, first_name, last_name, telephone_number, date_of_employment)VALUES (13, "Selma", "Lundström", "070-738146", "2010-10-29);
INSERT INTO doctor (employeeid) VALUES (13);

INSERT INTO employee (employeeid, first_name, last_name, telephone_number, date_of_employment)VALUES (14, "Jakob", "Lindström", "018-634106", "2010-11-02);
INSERT INTO doctor (employeeid) VALUES (14);
INSERT INTO doctor_specialization(employeeid, specializationid) VALUES (14, 7);
INSERT INTO employee (employeeid, first_name, last_name, telephone_number, date_of_employment)VALUES (15, "Denise", "Holmqvist", "036-423756", "2008-10-11);
INSERT INTO doctor (employeeid) VALUES (15);
INSERT INTO doctor_specialization(employeeid, specializationid) VALUES (15, 8);
INSERT INTO employee (employeeid, first_name, last_name, telephone_number, date_of_employment)VALUES (16, "Gulla", "Wallin", "090-873682", "2009-04-09);
INSERT INTO nurse (employeeid) VALUES (16);
INSERT INTO nurse_specialization(employee_id, specialization_id) VALUES (16, 7);
INSERT INTO employee (employeeid, first_name, last_name, telephone_number, date_of_employment)VALUES (17, "Leopold", "Ekström", "040-446288", "2005-12-03);
INSERT INTO doctor (employeeid) VALUES (17);
INSERT INTO doctor_specialization(employeeid, specializationid) VALUES (17, 7);
INSERT INTO employee (employeeid, first_name, last_name, telephone_number, date_of_employment)VALUES (18, "Andres", "Pettersson", "044-610102", "2013-01-02);
INSERT INTO nurse (employeeid) VALUES (18);
INSERT INTO nurse_specialization(employee_id, specialization_id) VALUES (18, 5);
INSERT INTO employee (employeeid, first_name, last_name, telephone_number, date_of_employment)VALUES (19, "Sammy", "Berggren", "042-152683", "2008-09-24);
INSERT INTO doctor (employeeid) VALUES (19);
INSERT INTO doctor_specialization(employeeid, specializationid) VALUES (19, 3);
INSERT INTO employee (employeeid, first_name, last_name, telephone_number, date_of_employment)VALUES (20, "Elisabet", "Axelsson", "040-287618", "2012-02-05);
INSERT INTO doctor (employeeid) VALUES (20);
INSERT INTO doctor_specialization(employeeid, specializationid) VALUES (20, 2);
INSERT INTO employee (employeeid, first_name, last_name, telephone_number, date_of_employment)VALUES (21, "Olavi", "Söderberg", "074-836780", "2011-07-24);
INSERT INTO doctor (employeeid) VALUES (21);
INSERT INTO doctor_specialization(employeeid, specializationid) VALUES (21, 15);
INSERT INTO employee (employeeid, first_name, last_name, telephone_number, date_of_employment)VALUES (22, "Line", "Magnusson", "036-014351", "2012-07-04);
INSERT INTO doctor (employeeid) VALUES (22);
INSERT INTO doctor_specialization(employeeid, specializationid) VALUES (22, 6);
INSERT INTO employee (employeeid, first_name, last_name, telephone_number, date_of_employment)VALUES (23, "Heidi", "Larsson", "076-314434", "2012-01-15);
INSERT INTO assistant_nurse (employeeid) VALUES (23);
INSERT INTO employee (employeeid, first_name, last_name, telephone_number, date_of_employment)VALUES (24, "Mina", "Åkesson", "078-674200", "2006-03-13);
INSERT INTO assistant_nurse (employeeid) VALUES (24);
INSERT INTO employee (employeeid, first_name, last_name, telephone_number, date_of_employment)VALUES (25, "Bror", "Lundqvist", "018-877871", "2007-02-19);
INSERT INTO assistant_nurse (employeeid) VALUES (25);
INSERT INTO employee (employeeid, first_name, last_name, telephone_number, date_of_employment)VALUES (26, "Jimi", "Söderberg", "063-166758", "2006-06-25);
INSERT INTO assistant_nurse (employeeid) VALUES (26);
INSERT INTO employee (employeeid, first_name, last_name, telephone_number, date_of_employment)VALUES (27, "Arne", "Nyström", "060-477118", "2011-05-22);
INSERT INTO doctor (employeeid) VALUES (27);
INSERT INTO doctor_specialization(employeeid, specializationid) VALUES (27, 2);
INSERT INTO employee (employeeid, first_name, last_name, telephone_number, date_of_employment)VALUES (28, "Björner", "Lundqvist", "044-218887", "2007-09-03);
INSERT INTO assistant_nurse (employeeid) VALUES (28);
INSERT INTO employee (employeeid, first_name, last_name, telephone_number, date_of_employment)VALUES (29, "Sigfrid", "Wallin", "072-666755", "2009-02-27);
INSERT INTO assistant_nurse (employeeid) VALUES (29);
INSERT INTO employee (employeeid, first_name, last_name, telephone_number, date_of_employment)VALUES (30, "Ditte", "Ivarsson", "011-748203", "2012-06-26);
INSERT INTO nurse (employeeid) VALUES (30);
INSERT INTO nurse_specialization(employee_id, specialization_id) VALUES (30, 12);
INSERT INTO employee (employeeid, first_name, last_name, telephone_number, date_of_employment)VALUES (31, "Elling", "Jakobsson", "090-043161", "2008-08-21);
INSERT INTO doctor (employeeid) VALUES (31);
INSERT INTO doctor_specialization(employeeid, specializationid) VALUES (31, 5);
INSERT INTO employee (employeeid, first_name, last_name, telephone_number, date_of_employment)VALUES (32, "Ralf", "Hellström", "019-712474", "2013-08-24);
INSERT INTO assistant_nurse (employeeid) VALUES (32);
INSERT INTO employee (employeeid, first_name, last_name, telephone_number, date_of_employment)VALUES (33, "Gisela", "Sundberg", "031-007572", "2012-07-22);
INSERT INTO nurse (employeeid) VALUES (33);
INSERT INTO nurse_specialization(employee_id, specialization_id) VALUES (33, 13);
INSERT INTO employee (employeeid, first_name, last_name, telephone_number, date_of_employment)VALUES (34, "Albin", "Lundin", "073-583831", "2005-09-29);
INSERT INTO doctor (employeeid) VALUES (34);
INSERT INTO doctor_specialization(employeeid, specializationid) VALUES (34, 13);
INSERT INTO employee (employeeid, first_name, last_name, telephone_number, date_of_employment)VALUES (35, "Leonard", "Strömberg", "046-276422", "2012-05-09);
INSERT INTO assistant_nurse (employeeid) VALUES (35);
INSERT INTO employee (employeeid, first_name, last_name, telephone_number, date_of_employment)VALUES (36, "Ellen", "Martinsson", "046-114451", "2010-07-10);
INSERT INTO assistant_nurse (employeeid) VALUES (36);
INSERT INTO employee (employeeid, first_name, last_name, telephone_number, date_of_employment)VALUES (37, "Rafael", "Wikström", "016-773226", "2006-01-24);
INSERT INTO doctor (employeeid) VALUES (37);
INSERT INTO doctor_specialization(employeeid, specializationid) VALUES (37, 3);
INSERT INTO employee (employeeid, first_name, last_name, telephone_number, date_of_employment)VALUES (38, "Fred", "Gustafsson", "042-810768", "2012-11-23);
INSERT INTO doctor (employeeid) VALUES (38);

INSERT INTO employee (employeeid, first_name, last_name, telephone_number, date_of_employment)VALUES (39, "Malena", "Eriksson", "031-441850", "2013-05-28);
INSERT INTO nurse (employeeid) VALUES (39);

INSERT INTO employee (employeeid, first_name, last_name, telephone_number, date_of_employment)VALUES (40, "Pernille", "Lundgren", "074-243611", "2011-08-13);
INSERT INTO doctor (employeeid) VALUES (40);
INSERT INTO doctor_specialization(employeeid, specializationid) VALUES (40, 11);
INSERT INTO employee (employeeid, first_name, last_name, telephone_number, date_of_employment)VALUES (41, "Andrietta", "Gustafsson", "026-437817", "2009-01-15);
INSERT INTO assistant_nurse (employeeid) VALUES (41);
INSERT INTO employee (employeeid, first_name, last_name, telephone_number, date_of_employment)VALUES (42, "Hanne", "Bengtsson", "074-247763", "2014-06-19);
INSERT INTO assistant_nurse (employeeid) VALUES (42);
INSERT INTO employee (employeeid, first_name, last_name, telephone_number, date_of_employment)VALUES (43, "Georgina", "Bengtsson", "040-071134", "2009-07-10);
INSERT INTO nurse (employeeid) VALUES (43);
INSERT INTO nurse_specialization(employee_id, specialization_id) VALUES (43, 14);
INSERT INTO employee (employeeid, first_name, last_name, telephone_number, date_of_employment)VALUES (44, "Mark", "Jonsson", "035-635584", "2009-11-30);
INSERT INTO doctor (employeeid) VALUES (44);
INSERT INTO doctor_specialization(employeeid, specializationid) VALUES (44, 3);
INSERT INTO employee (employeeid, first_name, last_name, telephone_number, date_of_employment)VALUES (45, "Herbert", "Månsson", "060-110875", "2012-10-10);
INSERT INTO doctor (employeeid) VALUES (45);
INSERT INTO doctor_specialization(employeeid, specializationid) VALUES (45, 2);
INSERT INTO employee (employeeid, first_name, last_name, telephone_number, date_of_employment)VALUES (46, "Antoinetta", "Åberg", "072-112346", "2009-06-13);
INSERT INTO nurse (employeeid) VALUES (46);
INSERT INTO nurse_specialization(employee_id, specialization_id) VALUES (46, 2);
INSERT INTO employee (employeeid, first_name, last_name, telephone_number, date_of_employment)VALUES (47, "Frej", "Lundqvist", "018-714763", "2013-09-16);
INSERT INTO nurse (employeeid) VALUES (47);
INSERT INTO nurse_specialization(employee_id, specialization_id) VALUES (47, 7);
INSERT INTO employee (employeeid, first_name, last_name, telephone_number, date_of_employment)VALUES (48, "Linn", "Isaksson", "031-204446", "2011-12-23);
INSERT INTO nurse (employeeid) VALUES (48);
INSERT INTO nurse_specialization(employee_id, specialization_id) VALUES (48, 4);
INSERT INTO employee (employeeid, first_name, last_name, telephone_number, date_of_employment)VALUES (49, "Kajsa", "Hedlund", "075-867827", "2005-04-25);
INSERT INTO doctor (employeeid) VALUES (49);
INSERT INTO doctor_specialization(employeeid, specializationid) VALUES (49, 2);
INSERT INTO employee (employeeid, first_name, last_name, telephone_number, date_of_employment)VALUES (50, "Sten", "Fredriksson", "073-841135", "2007-11-12);
INSERT INTO nurse (employeeid) VALUES (50);
INSERT INTO nurse_specialization(employee_id, specialization_id) VALUES (50, 3);
INSERT INTO employee (employeeid, first_name, last_name, telephone_number, date_of_employment)VALUES (51, "Elna", "Månsson", "060-758131", "2011-11-06);
INSERT INTO assistant_nurse (employeeid) VALUES (51);
INSERT INTO employee (employeeid, first_name, last_name, telephone_number, date_of_employment)VALUES (52, "Marielle", "Åström", "076-178446", "2010-06-15);
INSERT INTO assistant_nurse (employeeid) VALUES (52);
INSERT INTO employee (employeeid, first_name, last_name, telephone_number, date_of_employment)VALUES (53, "Viljo", "Lind", "090-056400", "2013-04-28);
INSERT INTO assistant_nurse (employeeid) VALUES (53);
INSERT INTO employee (employeeid, first_name, last_name, telephone_number, date_of_employment)VALUES (54, "Tage", "Pålsson", "070-008033", "2014-12-11);
INSERT INTO assistant_nurse (employeeid) VALUES (54);
INSERT INTO employee (employeeid, first_name, last_name, telephone_number, date_of_employment)VALUES (55, "Björner", "Berglund", "046-757387", "2007-03-14);
INSERT INTO nurse (employeeid) VALUES (55);
INSERT INTO nurse_specialization(employee_id, specialization_id) VALUES (55, 1);
INSERT INTO employee (employeeid, first_name, last_name, telephone_number, date_of_employment)VALUES (56, "Janne", "Eklund", "076-170067", "2008-01-31);
INSERT INTO assistant_nurse (employeeid) VALUES (56);
INSERT INTO employee (employeeid, first_name, last_name, telephone_number, date_of_employment)VALUES (57, "Birgitte", "Olsson", "016-210081", "2005-08-18);
INSERT INTO assistant_nurse (employeeid) VALUES (57);
INSERT INTO employee (employeeid, first_name, last_name, telephone_number, date_of_employment)VALUES (58, "Ninna", "Jönsson", "090-005830", "2007-01-29);
INSERT INTO assistant_nurse (employeeid) VALUES (58);
INSERT INTO employee (employeeid, first_name, last_name, telephone_number, date_of_employment)VALUES (59, "Josefin", "Lindström", "042-756668", "2005-05-22);
INSERT INTO doctor (employeeid) VALUES (59);

INSERT INTO employee (employeeid, first_name, last_name, telephone_number, date_of_employment)VALUES (60, "Birte", "Jonasson", "070-831550", "2008-03-20);
INSERT INTO nurse (employeeid) VALUES (60);
INSERT INTO nurse_specialization(employee_id, specialization_id) VALUES (60, 4);
INSERT INTO employee (employeeid, first_name, last_name, telephone_number, date_of_employment)VALUES (61, "Immanuel", "Axelsson", "036-441748", "2011-04-20);
INSERT INTO assistant_nurse (employeeid) VALUES (61);
INSERT INTO employee (employeeid, first_name, last_name, telephone_number, date_of_employment)VALUES (62, "Silvia", "Dahlberg", "011-327855", "2008-07-07);
INSERT INTO assistant_nurse (employeeid) VALUES (62);
INSERT INTO employee (employeeid, first_name, last_name, telephone_number, date_of_employment)VALUES (63, "Lydia", "Bengtsson", "078-422527", "2007-01-24);
INSERT INTO doctor (employeeid) VALUES (63);
INSERT INTO doctor_specialization(employeeid, specializationid) VALUES (63, 2);
INSERT INTO employee (employeeid, first_name, last_name, telephone_number, date_of_employment)VALUES (64, "Clarence", "Bergman", "016-504823", "2014-11-28);
INSERT INTO doctor (employeeid) VALUES (64);
INSERT INTO doctor_specialization(employeeid, specializationid) VALUES (64, 16);
INSERT INTO employee (employeeid, first_name, last_name, telephone_number, date_of_employment)VALUES (65, "Denise", "Holm", "018-438447", "2007-06-29);
INSERT INTO doctor (employeeid) VALUES (65);
INSERT INTO doctor_specialization(employeeid, specializationid) VALUES (65, 13);
INSERT INTO employee (employeeid, first_name, last_name, telephone_number, date_of_employment)VALUES (66, "Arvid", "Lindberg", "073-184685", "2010-01-13);
INSERT INTO nurse (employeeid) VALUES (66);
INSERT INTO nurse_specialization(employee_id, specialization_id) VALUES (66, 15);
INSERT INTO employee (employeeid, first_name, last_name, telephone_number, date_of_employment)VALUES (67, "Katinka", "Claesson", "075-622063", "2008-06-16);
INSERT INTO assistant_nurse (employeeid) VALUES (67);
INSERT INTO employee (employeeid, first_name, last_name, telephone_number, date_of_employment)VALUES (68, "Axelina", "Jönsson", "036-867827", "2011-07-20);
INSERT INTO nurse (employeeid) VALUES (68);

INSERT INTO employee (employeeid, first_name, last_name, telephone_number, date_of_employment)VALUES (69, "Marga", "Isaksson", "026-183878", "2014-05-03);
INSERT INTO nurse (employeeid) VALUES (69);

INSERT INTO employee (employeeid, first_name, last_name, telephone_number, date_of_employment)VALUES (70, "Esten", "Lindholm", "019-131086", "2007-10-27);
INSERT INTO doctor (employeeid) VALUES (70);
INSERT INTO doctor_specialization(employeeid, specializationid) VALUES (70, 4);
INSERT INTO employee (employeeid, first_name, last_name, telephone_number, date_of_employment)VALUES (71, "Lina", "Björk", "076-330607", "2009-10-29);
INSERT INTO nurse (employeeid) VALUES (71);
INSERT INTO nurse_specialization(employee_id, specialization_id) VALUES (71, 13);
INSERT INTO employee (employeeid, first_name, last_name, telephone_number, date_of_employment)VALUES (72, "Ragna", "Sandström", "060-587373", "2006-11-04);
INSERT INTO doctor (employeeid) VALUES (72);

INSERT INTO employee (employeeid, first_name, last_name, telephone_number, date_of_employment)VALUES (73, "Ansgarius", "Holm", "072-514063", "2013-08-18);
INSERT INTO assistant_nurse (employeeid) VALUES (73);
INSERT INTO employee (employeeid, first_name, last_name, telephone_number, date_of_employment)VALUES (74, "Roger", "Engström", "077-815037", "2009-09-29);
INSERT INTO doctor (employeeid) VALUES (74);
INSERT INTO doctor_specialization(employeeid, specializationid) VALUES (74, 16);
INSERT INTO employee (employeeid, first_name, last_name, telephone_number, date_of_employment)VALUES (75, "Gabriel", "Johansson", "040-318081", "2011-09-25);
INSERT INTO doctor (employeeid) VALUES (75);
INSERT INTO doctor_specialization(employeeid, specializationid) VALUES (75, 8);
INSERT INTO employee (employeeid, first_name, last_name, telephone_number, date_of_employment)VALUES (76, "Brigitta", "Holmberg", "046-047214", "2012-11-03);
INSERT INTO assistant_nurse (employeeid) VALUES (76);
INSERT INTO employee (employeeid, first_name, last_name, telephone_number, date_of_employment)VALUES (77, "Sissela", "Engström", "011-867827", "2007-02-19);
INSERT INTO nurse (employeeid) VALUES (77);
INSERT INTO nurse_specialization(employee_id, specialization_id) VALUES (77, 5);
INSERT INTO employee (employeeid, first_name, last_name, telephone_number, date_of_employment)VALUES (78, "Olav", "Ek", "076-858468", "2010-11-19);
INSERT INTO doctor (employeeid) VALUES (78);
INSERT INTO doctor_specialization(employeeid, specializationid) VALUES (78, 7);
INSERT INTO employee (employeeid, first_name, last_name, telephone_number, date_of_employment)VALUES (79, "Emil", "Sundström", "060-487342", "2008-01-19);
INSERT INTO doctor (employeeid) VALUES (79);

INSERT INTO employee (employeeid, first_name, last_name, telephone_number, date_of_employment)VALUES (80, "Andy", "Magnusson", "077-620375", "2005-06-08);
INSERT INTO doctor (employeeid) VALUES (80);
INSERT INTO doctor_specialization(employeeid, specializationid) VALUES (80, 11);
INSERT INTO employee (employeeid, first_name, last_name, telephone_number, date_of_employment)VALUES (81, "Nadja", "Nilsson", "063-001380", "2007-03-29);
INSERT INTO assistant_nurse (employeeid) VALUES (81);
INSERT INTO employee (employeeid, first_name, last_name, telephone_number, date_of_employment)VALUES (82, "Claes", "Bengtsson", "073-248234", "2005-04-11);
INSERT INTO assistant_nurse (employeeid) VALUES (82);
INSERT INTO employee (employeeid, first_name, last_name, telephone_number, date_of_employment)VALUES (83, "Lena", "Bergström", "076-111458", "2006-01-29);
INSERT INTO nurse (employeeid) VALUES (83);
INSERT INTO nurse_specialization(employee_id, specialization_id) VALUES (83, 16);
INSERT INTO employee (employeeid, first_name, last_name, telephone_number, date_of_employment)VALUES (84, "Alla", "Larsson", "026-460353", "2011-07-04);
INSERT INTO assistant_nurse (employeeid) VALUES (84);
INSERT INTO employee (employeeid, first_name, last_name, telephone_number, date_of_employment)VALUES (85, "Olavus", "Lindqvist", "077-138214", "2012-04-13);
INSERT INTO nurse (employeeid) VALUES (85);
INSERT INTO nurse_specialization(employee_id, specialization_id) VALUES (85, 8);
INSERT INTO employee (employeeid, first_name, last_name, telephone_number, date_of_employment)VALUES (86, "Charlotta", "Jakobsson", "033-288541", "2013-12-29);
INSERT INTO doctor (employeeid) VALUES (86);
INSERT INTO doctor_specialization(employeeid, specializationid) VALUES (86, 5);
INSERT INTO employee (employeeid, first_name, last_name, telephone_number, date_of_employment)VALUES (87, "Sigbritt", "Ström", "075-880646", "2006-06-09);
INSERT INTO doctor (employeeid) VALUES (87);
INSERT INTO doctor_specialization(employeeid, specializationid) VALUES (87, 14);
INSERT INTO employee (employeeid, first_name, last_name, telephone_number, date_of_employment)VALUES (88, "Lise", "Lundberg", "040-814133", "2011-04-16);
INSERT INTO nurse (employeeid) VALUES (88);
INSERT INTO nurse_specialization(employee_id, specialization_id) VALUES (88, 3);
INSERT INTO employee (employeeid, first_name, last_name, telephone_number, date_of_employment)VALUES (89, "Emilia", "Strömberg", "026-527628", "2009-02-14);
INSERT INTO doctor (employeeid) VALUES (89);

INSERT INTO employee (employeeid, first_name, last_name, telephone_number, date_of_employment)VALUES (90, "Mona", "Åkesson", "035-058035", "2010-08-08);
INSERT INTO nurse (employeeid) VALUES (90);
INSERT INTO nurse_specialization(employee_id, specialization_id) VALUES (90, 6);
INSERT INTO employee (employeeid, first_name, last_name, telephone_number, date_of_employment)VALUES (91, "Alfrida", "Bergström", "060-848166", "2013-11-14);
INSERT INTO assistant_nurse (employeeid) VALUES (91);
INSERT INTO employee (employeeid, first_name, last_name, telephone_number, date_of_employment)VALUES (92, "Uno", "Andersson", "072-137022", "2014-11-23);
INSERT INTO doctor (employeeid) VALUES (92);
INSERT INTO doctor_specialization(employeeid, specializationid) VALUES (92, 8);
INSERT INTO employee (employeeid, first_name, last_name, telephone_number, date_of_employment)VALUES (93, "Torvald", "Hedlund", "073-043767", "2007-06-07);
INSERT INTO doctor (employeeid) VALUES (93);
INSERT INTO doctor_specialization(employeeid, specializationid) VALUES (93, 13);
INSERT INTO employee (employeeid, first_name, last_name, telephone_number, date_of_employment)VALUES (94, "Ilse", "Lund", "073-704268", "2013-09-10);
INSERT INTO assistant_nurse (employeeid) VALUES (94);
INSERT INTO employee (employeeid, first_name, last_name, telephone_number, date_of_employment)VALUES (95, "Linus", "Magnusson", "074-154428", "2014-01-27);
INSERT INTO assistant_nurse (employeeid) VALUES (95);
INSERT INTO employee (employeeid, first_name, last_name, telephone_number, date_of_employment)VALUES (96, "Chris", "Dahlberg", "026-480367", "2005-11-16);
INSERT INTO assistant_nurse (employeeid) VALUES (96);
INSERT INTO employee (employeeid, first_name, last_name, telephone_number, date_of_employment)VALUES (97, "Arent", "Sandström", "060-402082", "2005-09-23);
INSERT INTO assistant_nurse (employeeid) VALUES (97);
INSERT INTO employee (employeeid, first_name, last_name, telephone_number, date_of_employment)VALUES (98, "Arvida", "Åberg", "076-288541", "2014-04-18);
INSERT INTO nurse (employeeid) VALUES (98);

INSERT INTO employee (employeeid, first_name, last_name, telephone_number, date_of_employment)VALUES (99, "Iren", "Blomqvist", "019-775008", "2009-07-21);
INSERT INTO nurse (employeeid) VALUES (99);
INSERT INTO nurse_specialization(employee_id, specialization_id) VALUES (99, 10);
INSERT INTO employee (employeeid, first_name, last_name, telephone_number, date_of_employment)VALUES (100, "Francisco", "Eliasson", "019-055261", "2013-03-04);
INSERT INTO nurse (employeeid) VALUES (100);

INSERT INTO employee (employeeid, first_name, last_name, telephone_number, date_of_employment)VALUES (101, "Ossian", "Lundin", "011-480367", "2005-07-17);
INSERT INTO assistant_nurse (employeeid) VALUES (101);
INSERT INTO employee (employeeid, first_name, last_name, telephone_number, date_of_employment)VALUES (102, "Eilert", "Jonsson", "046-727638", "2007-10-19);
INSERT INTO doctor (employeeid) VALUES (102);
INSERT INTO doctor_specialization(employeeid, specializationid) VALUES (102, 6);
INSERT INTO employee (employeeid, first_name, last_name, telephone_number, date_of_employment)VALUES (103, "Lou", "Bengtsson", "033-760630", "2005-11-05);
INSERT INTO doctor (employeeid) VALUES (103);

INSERT INTO employee (employeeid, first_name, last_name, telephone_number, date_of_employment)VALUES (104, "Mimmie", "Eriksson", "090-757728", "2006-07-19);
INSERT INTO assistant_nurse (employeeid) VALUES (104);
INSERT INTO employee (employeeid, first_name, last_name, telephone_number, date_of_employment)VALUES (105, "Sibylla", "Strömberg", "031-824482", "2006-06-09);
INSERT INTO nurse (employeeid) VALUES (105);
INSERT INTO nurse_specialization(employee_id, specialization_id) VALUES (105, 1);
INSERT INTO employee (employeeid, first_name, last_name, telephone_number, date_of_employment)VALUES (106, "Elina", "Ek", "075-467782", "2007-07-23);
INSERT INTO doctor (employeeid) VALUES (106);
INSERT INTO doctor_specialization(employeeid, specializationid) VALUES (106, 1);
INSERT INTO employee (employeeid, first_name, last_name, telephone_number, date_of_employment)VALUES (107, "Malte", "Ström", "016-486132", "2011-12-02);
INSERT INTO nurse (employeeid) VALUES (107);

INSERT INTO employee (employeeid, first_name, last_name, telephone_number, date_of_employment)VALUES (108, "Eva", "Sundström", "073-578632", "2009-06-01);
INSERT INTO assistant_nurse (employeeid) VALUES (108);
INSERT INTO employee (employeeid, first_name, last_name, telephone_number, date_of_employment)VALUES (109, "Sally", "Lundberg", "090-240144", "2006-09-20);
INSERT INTO nurse (employeeid) VALUES (109);
INSERT INTO nurse_specialization(employee_id, specialization_id) VALUES (109, 6);
INSERT INTO employee (employeeid, first_name, last_name, telephone_number, date_of_employment)VALUES (110, "Palle", "Blomqvist", "078-706147", "2008-12-03);
INSERT INTO nurse (employeeid) VALUES (110);
INSERT INTO nurse_specialization(employee_id, specialization_id) VALUES (110, 4);
INSERT INTO employee (employeeid, first_name, last_name, telephone_number, date_of_employment)VALUES (111, "Inge", "Hansson", "073-700714", "2007-03-13);
INSERT INTO doctor (employeeid) VALUES (111);
INSERT INTO doctor_specialization(employeeid, specializationid) VALUES (111, 15);
INSERT INTO employee (employeeid, first_name, last_name, telephone_number, date_of_employment)VALUES (112, "Tora", "Håkansson", "074-245375", "2010-12-09);
INSERT INTO assistant_nurse (employeeid) VALUES (112);
INSERT INTO employee (employeeid, first_name, last_name, telephone_number, date_of_employment)VALUES (113, "Klara", "Bergman", "018-315112", "2009-03-27);
INSERT INTO assistant_nurse (employeeid) VALUES (113);
INSERT INTO employee (employeeid, first_name, last_name, telephone_number, date_of_employment)VALUES (114, "Petrus", "Hansson", "016-863542", "2010-10-31);
INSERT INTO assistant_nurse (employeeid) VALUES (114);
INSERT INTO employee (employeeid, first_name, last_name, telephone_number, date_of_employment)VALUES (115, "Kim", "Jönsson", "044-638442", "2010-10-29);
INSERT INTO nurse (employeeid) VALUES (115);
INSERT INTO nurse_specialization(employee_id, specialization_id) VALUES (115, 3);
INSERT INTO employee (employeeid, first_name, last_name, telephone_number, date_of_employment)VALUES (116, "Gösta", "Johansson", "040-105882", "2008-12-28);
INSERT INTO assistant_nurse (employeeid) VALUES (116);
INSERT INTO employee (employeeid, first_name, last_name, telephone_number, date_of_employment)VALUES (117, "Styrbjörn", "Nilsson", "074-144040", "2005-02-17);
INSERT INTO assistant_nurse (employeeid) VALUES (117);
INSERT INTO employee (employeeid, first_name, last_name, telephone_number, date_of_employment)VALUES (118, "Jim", "Nordström", "070-163832", "2012-11-21);
INSERT INTO doctor (employeeid) VALUES (118);
INSERT INTO doctor_specialization(employeeid, specializationid) VALUES (118, 14);
INSERT INTO employee (employeeid, first_name, last_name, telephone_number, date_of_employment)VALUES (119, "Clarence", "Claesson", "070-417180", "2012-03-21);
INSERT INTO assistant_nurse (employeeid) VALUES (119);
INSERT INTO employee (employeeid, first_name, last_name, telephone_number, date_of_employment)VALUES (120, "Josefina", "Isaksson", "070-115586", "2012-05-22);
INSERT INTO doctor (employeeid) VALUES (120);

INSERT INTO employee (employeeid, first_name, last_name, telephone_number, date_of_employment)VALUES (121, "Esbjörn", "Löfgren", "077-121620", "2011-12-03);
INSERT INTO doctor (employeeid) VALUES (121);
INSERT INTO doctor_specialization(employeeid, specializationid) VALUES (121, 10);
INSERT INTO employee (employeeid, first_name, last_name, telephone_number, date_of_employment)VALUES (122, "Sigbritt", "Lundström", "040-341111", "2014-01-21);
INSERT INTO assistant_nurse (employeeid) VALUES (122);
INSERT INTO employee (employeeid, first_name, last_name, telephone_number, date_of_employment)VALUES (123, "Francesco", "Nilsson", "031-750643", "2005-10-17);
INSERT INTO assistant_nurse (employeeid) VALUES (123);
INSERT INTO employee (employeeid, first_name, last_name, telephone_number, date_of_employment)VALUES (124, "Inkeri", "Bengtsson", "023-731855", "2014-06-14);
INSERT INTO assistant_nurse (employeeid) VALUES (124);
INSERT INTO employee (employeeid, first_name, last_name, telephone_number, date_of_employment)VALUES (125, "Linus", "Falk", "019-771722", "2009-03-16);
INSERT INTO doctor (employeeid) VALUES (125);
INSERT INTO doctor_specialization(employeeid, specializationid) VALUES (125, 8);
INSERT INTO employee (employeeid, first_name, last_name, telephone_number, date_of_employment)VALUES (126, "Ellis", "Lundström", "031-776833", "2009-09-27);
INSERT INTO nurse (employeeid) VALUES (126);
INSERT INTO nurse_specialization(employee_id, specialization_id) VALUES (126, 6);
INSERT INTO employee (employeeid, first_name, last_name, telephone_number, date_of_employment)VALUES (127, "Paavo", "Håkansson", "046-028720", "2014-08-19);
INSERT INTO nurse (employeeid) VALUES (127);

INSERT INTO employee (employeeid, first_name, last_name, telephone_number, date_of_employment)VALUES (128, "Kristen", "Berggren", "046-267631", "2009-03-17);
INSERT INTO assistant_nurse (employeeid) VALUES (128);
INSERT INTO employee (employeeid, first_name, last_name, telephone_number, date_of_employment)VALUES (129, "Elf", "Strömberg", "042-168440", "2012-08-09);
INSERT INTO doctor (employeeid) VALUES (129);

INSERT INTO employee (employeeid, first_name, last_name, telephone_number, date_of_employment)VALUES (130, "Marietta", "Bengtsson", "016-370741", "2007-07-01);
INSERT INTO nurse (employeeid) VALUES (130);
INSERT INTO nurse_specialization(employee_id, specialization_id) VALUES (130, 8);
INSERT INTO employee (employeeid, first_name, last_name, telephone_number, date_of_employment)VALUES (131, "Samuel", "Samuelsson", "021-854215", "2011-08-12);
INSERT INTO assistant_nurse (employeeid) VALUES (131);
INSERT INTO employee (employeeid, first_name, last_name, telephone_number, date_of_employment)VALUES (132, "Sylva", "Åberg", "011-730115", "2012-11-02);
INSERT INTO nurse (employeeid) VALUES (132);
INSERT INTO nurse_specialization(employee_id, specialization_id) VALUES (132, 12);
INSERT INTO employee (employeeid, first_name, last_name, telephone_number, date_of_employment)VALUES (133, "Moa", "Svensson", "076-461385", "2007-05-14);
INSERT INTO assistant_nurse (employeeid) VALUES (133);
INSERT INTO employee (employeeid, first_name, last_name, telephone_number, date_of_employment)VALUES (134, "Styrbjörn", "Nilsson", "042-713528", "2009-11-09);
INSERT INTO nurse (employeeid) VALUES (134);

INSERT INTO employee (employeeid, first_name, last_name, telephone_number, date_of_employment)VALUES (135, "Sonny", "Eklund", "023-406557", "2012-07-08);
INSERT INTO nurse (employeeid) VALUES (135);
INSERT INTO nurse_specialization(employee_id, specialization_id) VALUES (135, 15);
INSERT INTO employee (employeeid, first_name, last_name, telephone_number, date_of_employment)VALUES (136, "Katinka", "Sandström", "036-327772", "2007-01-25);
INSERT INTO doctor (employeeid) VALUES (136);
INSERT INTO doctor_specialization(employeeid, specializationid) VALUES (136, 16);
INSERT INTO employee (employeeid, first_name, last_name, telephone_number, date_of_employment)VALUES (137, "Per", "Sandberg", "090-520260", "2013-11-27);
INSERT INTO nurse (employeeid) VALUES (137);
INSERT INTO nurse_specialization(employee_id, specialization_id) VALUES (137, 1);
INSERT INTO employee (employeeid, first_name, last_name, telephone_number, date_of_employment)VALUES (138, "Marguerite", "Jakobsson", "078-624280", "2010-01-20);
INSERT INTO doctor (employeeid) VALUES (138);
INSERT INTO doctor_specialization(employeeid, specializationid) VALUES (138, 2);
INSERT INTO employee (employeeid, first_name, last_name, telephone_number, date_of_employment)VALUES (139, "Silvia", "Lundin", "073-718718", "2011-03-29);
INSERT INTO nurse (employeeid) VALUES (139);
INSERT INTO nurse_specialization(employee_id, specialization_id) VALUES (139, 16);
INSERT INTO employee (employeeid, first_name, last_name, telephone_number, date_of_employment)VALUES (140, "Kristen", "Berglund", "070-128810", "2006-07-25);
INSERT INTO nurse (employeeid) VALUES (140);

INSERT INTO employee (employeeid, first_name, last_name, telephone_number, date_of_employment)VALUES (141, "Brigitta", "Jönsson", "036-446288", "2007-12-09);
INSERT INTO nurse (employeeid) VALUES (141);

INSERT INTO employee (employeeid, first_name, last_name, telephone_number, date_of_employment)VALUES (142, "Nilla", "Mattsson", "077-114870", "2005-05-24);
INSERT INTO doctor (employeeid) VALUES (142);
INSERT INTO doctor_specialization(employeeid, specializationid) VALUES (142, 6);
INSERT INTO employee (employeeid, first_name, last_name, telephone_number, date_of_employment)VALUES (143, "Petri", "Hermansson", "021-473678", "2008-10-12);
INSERT INTO assistant_nurse (employeeid) VALUES (143);
INSERT INTO employee (employeeid, first_name, last_name, telephone_number, date_of_employment)VALUES (144, "Sigge", "Sundqvist", "090-206844", "2009-05-31);
INSERT INTO assistant_nurse (employeeid) VALUES (144);
INSERT INTO employee (employeeid, first_name, last_name, telephone_number, date_of_employment)VALUES (145, "Göran", "Hermansson", "018-438628", "2008-10-13);
INSERT INTO assistant_nurse (employeeid) VALUES (145);
INSERT INTO employee (employeeid, first_name, last_name, telephone_number, date_of_employment)VALUES (146, "Bessie", "Dahlberg", "026-877720", "2010-12-29);
INSERT INTO doctor (employeeid) VALUES (146);
INSERT INTO doctor_specialization(employeeid, specializationid) VALUES (146, 1);
INSERT INTO employee (employeeid, first_name, last_name, telephone_number, date_of_employment)VALUES (147, "Antoinetta", "Björk", "023-454776", "2006-06-06);
INSERT INTO assistant_nurse (employeeid) VALUES (147);
INSERT INTO employee (employeeid, first_name, last_name, telephone_number, date_of_employment)VALUES (148, "Kim", "Bergman", "090-726740", "2010-01-22);
INSERT INTO assistant_nurse (employeeid) VALUES (148);
INSERT INTO employee (employeeid, first_name, last_name, telephone_number, date_of_employment)VALUES (149, "Gunnar", "Ek", "016-071134", "2012-02-19);
INSERT INTO nurse (employeeid) VALUES (149);
INSERT INTO nurse_specialization(employee_id, specialization_id) VALUES (149, 2);
INSERT INTO employee (employeeid, first_name, last_name, telephone_number, date_of_employment)VALUES (150, "Bertel", "Öberg", "073-646081", "2010-02-22);
INSERT INTO assistant_nurse (employeeid) VALUES (150);
INSERT INTO employee (employeeid, first_name, last_name, telephone_number, date_of_employment)VALUES (151, "Vladimir", "Söderberg", "077-871407", "2006-08-02);
INSERT INTO nurse (employeeid) VALUES (151);
INSERT INTO nurse_specialization(employee_id, specialization_id) VALUES (151, 4);
INSERT INTO employee (employeeid, first_name, last_name, telephone_number, date_of_employment)VALUES (152, "Paulinus", "Forsberg", "016-157425", "2006-09-17);
INSERT INTO assistant_nurse (employeeid) VALUES (152);
INSERT INTO employee (employeeid, first_name, last_name, telephone_number, date_of_employment)VALUES (153, "Helen", "Ekström", "031-073645", "2011-04-04);
INSERT INTO doctor (employeeid) VALUES (153);
INSERT INTO doctor_specialization(employeeid, specializationid) VALUES (153, 9);
INSERT INTO employee (employeeid, first_name, last_name, telephone_number, date_of_employment)VALUES (154, "Pieter", "Sjögren", "033-616505", "2012-06-23);
INSERT INTO doctor (employeeid) VALUES (154);
INSERT INTO doctor_specialization(employeeid, specializationid) VALUES (154, 6);
INSERT INTO employee (employeeid, first_name, last_name, telephone_number, date_of_employment)VALUES (155, "Carine", "Henriksson", "011-824482", "2005-03-07);
INSERT INTO assistant_nurse (employeeid) VALUES (155);
INSERT INTO employee (employeeid, first_name, last_name, telephone_number, date_of_employment)VALUES (156, "Martina", "Lundin", "090-250723", "2008-09-18);
INSERT INTO nurse (employeeid) VALUES (156);
INSERT INTO nurse_specialization(employee_id, specialization_id) VALUES (156, 1);
INSERT INTO employee (employeeid, first_name, last_name, telephone_number, date_of_employment)VALUES (157, "Ernst", "Eliasson", "018-652570", "2005-12-03);
INSERT INTO nurse (employeeid) VALUES (157);
INSERT INTO nurse_specialization(employee_id, specialization_id) VALUES (157, 6);
INSERT INTO employee (employeeid, first_name, last_name, telephone_number, date_of_employment)VALUES (158, "Leo", "Åkesson", "076-744631", "2005-10-04);
INSERT INTO nurse (employeeid) VALUES (158);

INSERT INTO employee (employeeid, first_name, last_name, telephone_number, date_of_employment)VALUES (159, "Nadja", "Jakobsson", "016-402082", "2010-11-02);
INSERT INTO assistant_nurse (employeeid) VALUES (159);
INSERT INTO employee (employeeid, first_name, last_name, telephone_number, date_of_employment)VALUES (160, "Reidun", "Jönsson", "021-452723", "2013-05-13);
INSERT INTO assistant_nurse (employeeid) VALUES (160);
INSERT INTO employee (employeeid, first_name, last_name, telephone_number, date_of_employment)VALUES (161, "Henrika", "Mattsson", "016-852751", "2008-11-07);
INSERT INTO assistant_nurse (employeeid) VALUES (161);
INSERT INTO employee (employeeid, first_name, last_name, telephone_number, date_of_employment)VALUES (162, "Isa", "Henriksson", "019-877871", "2010-11-24);
INSERT INTO nurse (employeeid) VALUES (162);
INSERT INTO nurse_specialization(employee_id, specialization_id) VALUES (162, 6);
INSERT INTO employee (employeeid, first_name, last_name, telephone_number, date_of_employment)VALUES (163, "Elise", "Holmqvist", "018-736287", "2014-05-04);
INSERT INTO nurse (employeeid) VALUES (163);

INSERT INTO employee (employeeid, first_name, last_name, telephone_number, date_of_employment)VALUES (164, "Elaine", "Jakobsson", "019-661426", "2014-12-02);
INSERT INTO doctor (employeeid) VALUES (164);
INSERT INTO doctor_specialization(employeeid, specializationid) VALUES (164, 4);
INSERT INTO employee (employeeid, first_name, last_name, telephone_number, date_of_employment)VALUES (165, "Sissela", "Holmgren", "035-158680", "2005-05-24);
INSERT INTO nurse (employeeid) VALUES (165);
INSERT INTO nurse_specialization(employee_id, specialization_id) VALUES (165, 14);
INSERT INTO employee (employeeid, first_name, last_name, telephone_number, date_of_employment)VALUES (166, "Arndt", "Engström", "060-044238", "2008-11-14);
INSERT INTO doctor (employeeid) VALUES (166);
INSERT INTO doctor_specialization(employeeid, specializationid) VALUES (166, 15);
INSERT INTO employee (employeeid, first_name, last_name, telephone_number, date_of_employment)VALUES (167, "Borghild", "Månsson", "090-520311", "2014-10-08);
INSERT INTO nurse (employeeid) VALUES (167);
INSERT INTO nurse_specialization(employee_id, specialization_id) VALUES (167, 15);
INSERT INTO employee (employeeid, first_name, last_name, telephone_number, date_of_employment)VALUES (168, "Tor", "Lindholm", "031-184685", "2007-06-09);
INSERT INTO nurse (employeeid) VALUES (168);

INSERT INTO employee (employeeid, first_name, last_name, telephone_number, date_of_employment)VALUES (169, "Stefania", "Mattsson", "016-331858", "2013-03-25);
INSERT INTO assistant_nurse (employeeid) VALUES (169);
INSERT INTO employee (employeeid, first_name, last_name, telephone_number, date_of_employment)VALUES (170, "Jen", "Samuelsson", "073-104620", "2008-01-03);
INSERT INTO assistant_nurse (employeeid) VALUES (170);
INSERT INTO employee (employeeid, first_name, last_name, telephone_number, date_of_employment)VALUES (171, "Assar", "Sandström", "042-815486", "2007-08-20);
INSERT INTO doctor (employeeid) VALUES (171);

INSERT INTO employee (employeeid, first_name, last_name, telephone_number, date_of_employment)VALUES (172, "Görel", "Isaksson", "042-424825", "2005-01-13);
INSERT INTO doctor (employeeid) VALUES (172);

INSERT INTO employee (employeeid, first_name, last_name, telephone_number, date_of_employment)VALUES (173, "Elof", "Hedlund", "075-470504", "2013-01-04);
INSERT INTO doctor (employeeid) VALUES (173);
INSERT INTO doctor_specialization(employeeid, specializationid) VALUES (173, 16);
INSERT INTO employee (employeeid, first_name, last_name, telephone_number, date_of_employment)VALUES (174, "Vendela", "Claesson", "072-338155", "2006-10-07);
INSERT INTO nurse (employeeid) VALUES (174);
INSERT INTO nurse_specialization(employee_id, specialization_id) VALUES (174, 5);
INSERT INTO employee (employeeid, first_name, last_name, telephone_number, date_of_employment)VALUES (175, "Ola", "Sjöberg", "077-741083", "2008-09-30);
INSERT INTO doctor (employeeid) VALUES (175);

INSERT INTO employee (employeeid, first_name, last_name, telephone_number, date_of_employment)VALUES (176, "Matti", "Engström", "044-743711", "2013-03-04);
INSERT INTO doctor (employeeid) VALUES (176);

INSERT INTO employee (employeeid, first_name, last_name, telephone_number, date_of_employment)VALUES (177, "Lone", "Berggren", "021-271454", "2010-11-19);
INSERT INTO assistant_nurse (employeeid) VALUES (177);
INSERT INTO employee (employeeid, first_name, last_name, telephone_number, date_of_employment)VALUES (178, "Sone", "Jönsson", "023-122830", "2010-10-06);
INSERT INTO assistant_nurse (employeeid) VALUES (178);
INSERT INTO employee (employeeid, first_name, last_name, telephone_number, date_of_employment)VALUES (179, "Jimmy", "Söderberg", "078-348664", "2013-12-17);
INSERT INTO nurse (employeeid) VALUES (179);
INSERT INTO nurse_specialization(employee_id, specialization_id) VALUES (179, 12);
INSERT INTO employee (employeeid, first_name, last_name, telephone_number, date_of_employment)VALUES (180, "James", "Gunnarsson", "075-164218", "2012-11-25);
INSERT INTO nurse (employeeid) VALUES (180);
INSERT INTO nurse_specialization(employee_id, specialization_id) VALUES (180, 7);
INSERT INTO employee (employeeid, first_name, last_name, telephone_number, date_of_employment)VALUES (181, "Fatima", "Söderberg", "040-212568", "2006-08-06);
INSERT INTO assistant_nurse (employeeid) VALUES (181);
INSERT INTO employee (employeeid, first_name, last_name, telephone_number, date_of_employment)VALUES (182, "Robin", "Gunnarsson", "018-176162", "2012-09-02);
INSERT INTO assistant_nurse (employeeid) VALUES (182);
INSERT INTO employee (employeeid, first_name, last_name, telephone_number, date_of_employment)VALUES (183, "Hampus", "Lindgren", "042-857565", "2006-02-14);
INSERT INTO doctor (employeeid) VALUES (183);

INSERT INTO employee (employeeid, first_name, last_name, telephone_number, date_of_employment)VALUES (184, "Elzbieta", "Johansson", "033-380115", "2009-07-16);
INSERT INTO assistant_nurse (employeeid) VALUES (184);
INSERT INTO employee (employeeid, first_name, last_name, telephone_number, date_of_employment)VALUES (185, "Irena", "Jonasson", "011-455224", "2007-04-05);
INSERT INTO doctor (employeeid) VALUES (185);
INSERT INTO doctor_specialization(employeeid, specializationid) VALUES (185, 5);
INSERT INTO employee (employeeid, first_name, last_name, telephone_number, date_of_employment)VALUES (186, "Evy", "Eklund", "044-206844", "2007-09-12);
INSERT INTO doctor (employeeid) VALUES (186);
INSERT INTO doctor_specialization(employeeid, specializationid) VALUES (186, 15);
INSERT INTO employee (employeeid, first_name, last_name, telephone_number, date_of_employment)VALUES (187, "Tuve", "Månsson", "073-075558", "2014-01-10);
INSERT INTO doctor (employeeid) VALUES (187);
INSERT INTO doctor_specialization(employeeid, specializationid) VALUES (187, 3);
INSERT INTO employee (employeeid, first_name, last_name, telephone_number, date_of_employment)VALUES (188, "Hulda", "Jonasson", "044-045384", "2008-12-05);
INSERT INTO nurse (employeeid) VALUES (188);
INSERT INTO nurse_specialization(employee_id, specialization_id) VALUES (188, 4);
INSERT INTO employee (employeeid, first_name, last_name, telephone_number, date_of_employment)VALUES (189, "Ingela", "Berggren", "078-512882", "2009-08-12);
INSERT INTO doctor (employeeid) VALUES (189);
INSERT INTO doctor_specialization(employeeid, specializationid) VALUES (189, 13);
INSERT INTO employee (employeeid, first_name, last_name, telephone_number, date_of_employment)VALUES (190, "Eskil", "Ström", "060-008033", "2009-08-18);
INSERT INTO assistant_nurse (employeeid) VALUES (190);
INSERT INTO employee (employeeid, first_name, last_name, telephone_number, date_of_employment)VALUES (191, "Max", "Gunnarsson", "018-281835", "2010-09-23);
INSERT INTO assistant_nurse (employeeid) VALUES (191);
INSERT INTO employee (employeeid, first_name, last_name, telephone_number, date_of_employment)VALUES (192, "Millan", "Gunnarsson", "018-087505", "2008-05-26);
INSERT INTO nurse (employeeid) VALUES (192);
INSERT INTO nurse_specialization(employee_id, specialization_id) VALUES (192, 8);
INSERT INTO employee (employeeid, first_name, last_name, telephone_number, date_of_employment)VALUES (193, "Beatrice", "Sjögren", "076-008134", "2005-12-07);
INSERT INTO nurse (employeeid) VALUES (193);
INSERT INTO nurse_specialization(employee_id, specialization_id) VALUES (193, 2);
INSERT INTO employee (employeeid, first_name, last_name, telephone_number, date_of_employment)VALUES (194, "Lillemor", "Pettersson", "031-004448", "2006-11-14);
INSERT INTO nurse (employeeid) VALUES (194);

INSERT INTO employee (employeeid, first_name, last_name, telephone_number, date_of_employment)VALUES (195, "Sylve", "Nordström", "072-276422", "2010-01-05);
INSERT INTO nurse (employeeid) VALUES (195);
INSERT INTO nurse_specialization(employee_id, specialization_id) VALUES (195, 8);
INSERT INTO employee (employeeid, first_name, last_name, telephone_number, date_of_employment)VALUES (196, "Meta", "Hellström", "060-500834", "2009-05-20);
INSERT INTO nurse (employeeid) VALUES (196);

INSERT INTO employee (employeeid, first_name, last_name, telephone_number, date_of_employment)VALUES (197, "Sabina", "Lundberg", "023-243485", "2010-10-03);
INSERT INTO nurse (employeeid) VALUES (197);
INSERT INTO nurse_specialization(employee_id, specialization_id) VALUES (197, 6);
INSERT INTO employee (employeeid, first_name, last_name, telephone_number, date_of_employment)VALUES (198, "Bojan", "Svensson", "026-744313", "2008-10-02);
INSERT INTO nurse (employeeid) VALUES (198);

INSERT INTO employee (employeeid, first_name, last_name, telephone_number, date_of_employment)VALUES (199, "Yrsa", "Magnusson", "031-775771", "2006-01-23);
INSERT INTO assistant_nurse (employeeid) VALUES (199);
INSERT INTO employee (employeeid, first_name, last_name, telephone_number, date_of_employment)VALUES (200, "Aura", "Lundgren", "073-348727", "2007-03-12);
INSERT INTO assistant_nurse (employeeid) VALUES (200);
INSERT INTO employee (employeeid, first_name, last_name, telephone_number, date_of_employment)VALUES (201, "Davida", "Larsson", "035-676772", "2010-06-14);
INSERT INTO nurse (employeeid) VALUES (201);
INSERT INTO nurse_specialization(employee_id, specialization_id) VALUES (201, 1);
INSERT INTO employee (employeeid, first_name, last_name, telephone_number, date_of_employment)VALUES (202, "Stella", "Hellström", "075-738313", "2012-06-28);
INSERT INTO assistant_nurse (employeeid) VALUES (202);
INSERT INTO employee (employeeid, first_name, last_name, telephone_number, date_of_employment)VALUES (203, "Elena", "Holmqvist", "076-254651", "2014-03-22);
INSERT INTO assistant_nurse (employeeid) VALUES (203);
INSERT INTO employee (employeeid, first_name, last_name, telephone_number, date_of_employment)VALUES (204, "Franklin", "Danielsson", "072-726521", "2007-04-15);
INSERT INTO doctor (employeeid) VALUES (204);
INSERT INTO doctor_specialization(employeeid, specializationid) VALUES (204, 16);
INSERT INTO employee (employeeid, first_name, last_name, telephone_number, date_of_employment)VALUES (205, "Sibylla", "Engström", "077-715366", "2006-09-01);
INSERT INTO nurse (employeeid) VALUES (205);
INSERT INTO nurse_specialization(employee_id, specialization_id) VALUES (205, 9);
INSERT INTO employee (employeeid, first_name, last_name, telephone_number, date_of_employment)VALUES (206, "Magda", "Björklund", "044-072233", "2013-10-24);
INSERT INTO doctor (employeeid) VALUES (206);
INSERT INTO doctor_specialization(employeeid, specializationid) VALUES (206, 2);
INSERT INTO employee (employeeid, first_name, last_name, telephone_number, date_of_employment)VALUES (207, "Heidi", "Dahlberg", "075-837444", "2007-04-12);
INSERT INTO nurse (employeeid) VALUES (207);
INSERT INTO nurse_specialization(employee_id, specialization_id) VALUES (207, 11);
INSERT INTO employee (employeeid, first_name, last_name, telephone_number, date_of_employment)VALUES (208, "Göran", "Hedlund", "060-112346", "2010-12-25);
INSERT INTO doctor (employeeid) VALUES (208);
INSERT INTO doctor_specialization(employeeid, specializationid) VALUES (208, 6);
INSERT INTO employee (employeeid, first_name, last_name, telephone_number, date_of_employment)VALUES (209, "Sissa", "Jonsson", "077-885810", "2006-07-19);
INSERT INTO doctor (employeeid) VALUES (209);
INSERT INTO doctor_specialization(employeeid, specializationid) VALUES (209, 8);
INSERT INTO employee (employeeid, first_name, last_name, telephone_number, date_of_employment)VALUES (210, "Karna", "Sundqvist", "033-225357", "2007-02-03);
INSERT INTO nurse (employeeid) VALUES (210);
INSERT INTO nurse_specialization(employee_id, specialization_id) VALUES (210, 13);
INSERT INTO employee (employeeid, first_name, last_name, telephone_number, date_of_employment)VALUES (211, "Måns", "Pettersson", "074-215126", "2012-10-31);
INSERT INTO assistant_nurse (employeeid) VALUES (211);
INSERT INTO employee (employeeid, first_name, last_name, telephone_number, date_of_employment)VALUES (212, "Susie", "Hansen", "077-130730", "2011-09-14);
INSERT INTO assistant_nurse (employeeid) VALUES (212);
INSERT INTO employee (employeeid, first_name, last_name, telephone_number, date_of_employment)VALUES (213, "Henry", "Berg", "075-324512", "2007-11-21);
INSERT INTO nurse (employeeid) VALUES (213);

INSERT INTO employee (employeeid, first_name, last_name, telephone_number, date_of_employment)VALUES (214, "Antoni", "Gustafsson", "078-564045", "2009-06-19);
INSERT INTO assistant_nurse (employeeid) VALUES (214);
INSERT INTO employee (employeeid, first_name, last_name, telephone_number, date_of_employment)VALUES (215, "Fred", "Håkansson", "070-723851", "2011-05-29);
INSERT INTO nurse (employeeid) VALUES (215);
INSERT INTO nurse_specialization(employee_id, specialization_id) VALUES (215, 10);
INSERT INTO employee (employeeid, first_name, last_name, telephone_number, date_of_employment)VALUES (216, "Esteban", "Håkansson", "031-602466", "2011-12-26);
INSERT INTO nurse (employeeid) VALUES (216);

INSERT INTO employee (employeeid, first_name, last_name, telephone_number, date_of_employment)VALUES (217, "Hervor", "Eriksson", "090-806825", "2006-12-03);
INSERT INTO doctor (employeeid) VALUES (217);
INSERT INTO doctor_specialization(employeeid, specializationid) VALUES (217, 3);
INSERT INTO employee (employeeid, first_name, last_name, telephone_number, date_of_employment)VALUES (218, "Yvonne", "Lundqvist", "073-685563", "2009-03-11);
INSERT INTO assistant_nurse (employeeid) VALUES (218);
INSERT INTO employee (employeeid, first_name, last_name, telephone_number, date_of_employment)VALUES (219, "Isabella", "Holm", "036-455128", "2009-04-02);
INSERT INTO nurse (employeeid) VALUES (219);

INSERT INTO employee (employeeid, first_name, last_name, telephone_number, date_of_employment)VALUES (220, "Sissa", "Engström", "018-865452", "2008-09-11);
INSERT INTO assistant_nurse (employeeid) VALUES (220);
INSERT INTO employee (employeeid, first_name, last_name, telephone_number, date_of_employment)VALUES (221, "Rikard", "Fredriksson", "021-487774", "2010-02-28);
INSERT INTO nurse (employeeid) VALUES (221);
INSERT INTO nurse_specialization(employee_id, specialization_id) VALUES (221, 5);
INSERT INTO employee (employeeid, first_name, last_name, telephone_number, date_of_employment)VALUES (222, "Lis", "Viklund", "035-452723", "2006-09-12);
INSERT INTO doctor (employeeid) VALUES (222);
INSERT INTO doctor_specialization(employeeid, specializationid) VALUES (222, 11);
INSERT INTO employee (employeeid, first_name, last_name, telephone_number, date_of_employment)VALUES (223, "Ragnvald", "Holmqvist", "021-587535", "2007-04-21);
INSERT INTO nurse (employeeid) VALUES (223);
INSERT INTO nurse_specialization(employee_id, specialization_id) VALUES (223, 2);
INSERT INTO employee (employeeid, first_name, last_name, telephone_number, date_of_employment)VALUES (224, "Davida", "Fredriksson", "033-080878", "2006-04-02);
INSERT INTO doctor (employeeid) VALUES (224);
INSERT INTO doctor_specialization(employeeid, specializationid) VALUES (224, 3);
INSERT INTO employee (employeeid, first_name, last_name, telephone_number, date_of_employment)VALUES (225, "Vicky", "Sjögren", "021-877720", "2011-11-21);
INSERT INTO nurse (employeeid) VALUES (225);
INSERT INTO nurse_specialization(employee_id, specialization_id) VALUES (225, 1);
INSERT INTO employee (employeeid, first_name, last_name, telephone_number, date_of_employment)VALUES (226, "Alida", "Lundqvist", "011-831571", "2011-06-04);
INSERT INTO assistant_nurse (employeeid) VALUES (226);
INSERT INTO employee (employeeid, first_name, last_name, telephone_number, date_of_employment)VALUES (227, "Helvig", "Åkesson", "076-377284", "2014-12-14);
INSERT INTO assistant_nurse (employeeid) VALUES (227);
INSERT INTO employee (employeeid, first_name, last_name, telephone_number, date_of_employment)VALUES (228, "Roberto", "Mattsson", "063-786768", "2006-01-14);
INSERT INTO assistant_nurse (employeeid) VALUES (228);
INSERT INTO employee (employeeid, first_name, last_name, telephone_number, date_of_employment)VALUES (229, "Claus", "Berglund", "070-336261", "2013-08-11);
INSERT INTO doctor (employeeid) VALUES (229);
INSERT INTO doctor_specialization(employeeid, specializationid) VALUES (229, 6);
INSERT INTO employee (employeeid, first_name, last_name, telephone_number, date_of_employment)VALUES (230, "Riitta", "Eklund", "040-778287", "2014-10-26);
INSERT INTO assistant_nurse (employeeid) VALUES (230);
INSERT INTO employee (employeeid, first_name, last_name, telephone_number, date_of_employment)VALUES (231, "Emilio", "Bengtsson", "078-476511", "2014-04-17);
INSERT INTO nurse (employeeid) VALUES (231);

INSERT INTO employee (employeeid, first_name, last_name, telephone_number, date_of_employment)VALUES (232, "Sam", "Strömberg", "060-071761", "2009-06-23);
INSERT INTO nurse (employeeid) VALUES (232);
INSERT INTO nurse_specialization(employee_id, specialization_id) VALUES (232, 10);
INSERT INTO employee (employeeid, first_name, last_name, telephone_number, date_of_employment)VALUES (233, "Martinus", "Berggren", "023-877720", "2005-11-07);
INSERT INTO nurse (employeeid) VALUES (233);
INSERT INTO nurse_specialization(employee_id, specialization_id) VALUES (233, 13);
INSERT INTO employee (employeeid, first_name, last_name, telephone_number, date_of_employment)VALUES (234, "Louise", "Eklund", "090-137186", "2005-10-27);
INSERT INTO nurse (employeeid) VALUES (234);
INSERT INTO nurse_specialization(employee_id, specialization_id) VALUES (234, 8);
INSERT INTO employee (employeeid, first_name, last_name, telephone_number, date_of_employment)VALUES (235, "Silva", "Holmgren", "074-733817", "2006-02-16);
INSERT INTO doctor (employeeid) VALUES (235);
INSERT INTO doctor_specialization(employeeid, specializationid) VALUES (235, 7);
INSERT INTO employee (employeeid, first_name, last_name, telephone_number, date_of_employment)VALUES (236, "Marco", "Mårtensson", "044-052284", "2005-06-27);
INSERT INTO nurse (employeeid) VALUES (236);
INSERT INTO nurse_specialization(employee_id, specialization_id) VALUES (236, 15);
INSERT INTO employee (employeeid, first_name, last_name, telephone_number, date_of_employment)VALUES (237, "Elias", "Holmgren", "076-041527", "2007-07-15);
INSERT INTO nurse (employeeid) VALUES (237);
INSERT INTO nurse_specialization(employee_id, specialization_id) VALUES (237, 16);
INSERT INTO employee (employeeid, first_name, last_name, telephone_number, date_of_employment)VALUES (238, "Ragnhild", "Sandberg", "075-855076", "2009-12-11);
INSERT INTO nurse (employeeid) VALUES (238);
INSERT INTO nurse_specialization(employee_id, specialization_id) VALUES (238, 7);
INSERT INTO employee (employeeid, first_name, last_name, telephone_number, date_of_employment)VALUES (239, "Karna", "Fransson", "073-255174", "2006-04-06);
INSERT INTO assistant_nurse (employeeid) VALUES (239);
INSERT INTO employee (employeeid, first_name, last_name, telephone_number, date_of_employment)VALUES (240, "Emmy", "Wikström", "036-548366", "2007-08-05);
INSERT INTO nurse (employeeid) VALUES (240);
INSERT INTO nurse_specialization(employee_id, specialization_id) VALUES (240, 5);
INSERT INTO employee (employeeid, first_name, last_name, telephone_number, date_of_employment)VALUES (241, "Alrik", "Jakobsson", "021-737203", "2007-04-24);
INSERT INTO assistant_nurse (employeeid) VALUES (241);
INSERT INTO employee (employeeid, first_name, last_name, telephone_number, date_of_employment)VALUES (242, "Rutger", "Berg", "072-072233", "2014-07-15);
INSERT INTO doctor (employeeid) VALUES (242);
INSERT INTO doctor_specialization(employeeid, specializationid) VALUES (242, 14);
INSERT INTO employee (employeeid, first_name, last_name, telephone_number, date_of_employment)VALUES (243, "Artur", "Hedlund", "040-580623", "2013-04-12);
INSERT INTO doctor (employeeid) VALUES (243);
INSERT INTO doctor_specialization(employeeid, specializationid) VALUES (243, 7);
INSERT INTO employee (employeeid, first_name, last_name, telephone_number, date_of_employment)VALUES (244, "Teddy", "Månsson", "019-523154", "2008-01-23);
INSERT INTO doctor (employeeid) VALUES (244);
INSERT INTO doctor_specialization(employeeid, specializationid) VALUES (244, 16);
INSERT INTO employee (employeeid, first_name, last_name, telephone_number, date_of_employment)VALUES (245, "Amalie", "Nilsson", "026-128662", "2007-12-18);
INSERT INTO assistant_nurse (employeeid) VALUES (245);
INSERT INTO employee (employeeid, first_name, last_name, telephone_number, date_of_employment)VALUES (246, "Mickel", "Berglund", "078-056128", "2013-02-15);
INSERT INTO doctor (employeeid) VALUES (246);
INSERT INTO doctor_specialization(employeeid, specializationid) VALUES (246, 1);
INSERT INTO employee (employeeid, first_name, last_name, telephone_number, date_of_employment)VALUES (247, "André", "Söderberg", "060-760011", "2009-12-13);
INSERT INTO nurse (employeeid) VALUES (247);
INSERT INTO nurse_specialization(employee_id, specialization_id) VALUES (247, 7);
INSERT INTO employee (employeeid, first_name, last_name, telephone_number, date_of_employment)VALUES (248, "Neta", "Mattsson", "033-808341", "2014-07-01);
INSERT INTO doctor (employeeid) VALUES (248);
INSERT INTO doctor_specialization(employeeid, specializationid) VALUES (248, 14);
INSERT INTO employee (employeeid, first_name, last_name, telephone_number, date_of_employment)VALUES (249, "Stefanus", "Berglund", "019-570388", "2006-09-25);
INSERT INTO assistant_nurse (employeeid) VALUES (249);
INSERT INTO employee (employeeid, first_name, last_name, telephone_number, date_of_employment)VALUES (250, "Ellen", "Löfgren", "026-616568", "2010-10-13);
INSERT INTO nurse (employeeid) VALUES (250);

INSERT INTO employee (employeeid, first_name, last_name, telephone_number, date_of_employment)VALUES (251, "Sture", "Lundberg", "033-338355", "2011-05-12);
INSERT INTO assistant_nurse (employeeid) VALUES (251);
INSERT INTO employee (employeeid, first_name, last_name, telephone_number, date_of_employment)VALUES (252, "Magne", "Axelsson", "018-184685", "2007-12-28);
INSERT INTO doctor (employeeid) VALUES (252);
INSERT INTO doctor_specialization(employeeid, specializationid) VALUES (252, 7);
INSERT INTO employee (employeeid, first_name, last_name, telephone_number, date_of_employment)VALUES (253, "Olly", "Holmgren", "033-618576", "2011-12-23);
INSERT INTO nurse (employeeid) VALUES (253);
INSERT INTO nurse_specialization(employee_id, specialization_id) VALUES (253, 1);
INSERT INTO employee (employeeid, first_name, last_name, telephone_number, date_of_employment)VALUES (254, "Hill", "Sundström", "036-667508", "2013-10-20);
INSERT INTO doctor (employeeid) VALUES (254);
INSERT INTO doctor_specialization(employeeid, specializationid) VALUES (254, 8);
INSERT INTO employee (employeeid, first_name, last_name, telephone_number, date_of_employment)VALUES (255, "Emily", "Holmgren", "070-105233", "2006-10-15);
INSERT INTO assistant_nurse (employeeid) VALUES (255);
INSERT INTO employee (employeeid, first_name, last_name, telephone_number, date_of_employment)VALUES (256, "Mårten", "Axelsson", "023-035616", "2005-02-19);
INSERT INTO nurse (employeeid) VALUES (256);
INSERT INTO nurse_specialization(employee_id, specialization_id) VALUES (256, 3);
INSERT INTO employee (employeeid, first_name, last_name, telephone_number, date_of_employment)VALUES (257, "Margrete", "Söderberg", "040-112415", "2010-12-09);
INSERT INTO nurse (employeeid) VALUES (257);
INSERT INTO nurse_specialization(employee_id, specialization_id) VALUES (257, 12);
INSERT INTO employee (employeeid, first_name, last_name, telephone_number, date_of_employment)VALUES (258, "Michelle", "Svensson", "016-867023", "2005-03-15);
INSERT INTO assistant_nurse (employeeid) VALUES (258);
INSERT INTO employee (employeeid, first_name, last_name, telephone_number, date_of_employment)VALUES (259, "Dag", "Strömberg", "023-482382", "2005-11-14);
INSERT INTO assistant_nurse (employeeid) VALUES (259);
INSERT INTO employee (employeeid, first_name, last_name, telephone_number, date_of_employment)VALUES (260, "Folke", "Eriksson", "040-466054", "2006-01-02);
INSERT INTO doctor (employeeid) VALUES (260);
INSERT INTO doctor_specialization(employeeid, specializationid) VALUES (260, 12);
INSERT INTO employee (employeeid, first_name, last_name, telephone_number, date_of_employment)VALUES (261, "Heine", "Falk", "036-537405", "2008-05-25);
INSERT INTO nurse (employeeid) VALUES (261);
INSERT INTO nurse_specialization(employee_id, specialization_id) VALUES (261, 6);
INSERT INTO employee (employeeid, first_name, last_name, telephone_number, date_of_employment)VALUES (262, "Emanuel", "Håkansson", "070-336405", "2009-10-10);
INSERT INTO doctor (employeeid) VALUES (262);
INSERT INTO doctor_specialization(employeeid, specializationid) VALUES (262, 2);
INSERT INTO employee (employeeid, first_name, last_name, telephone_number, date_of_employment)VALUES (263, "Dorthy", "Månsson", "042-345172", "2006-03-03);
INSERT INTO assistant_nurse (employeeid) VALUES (263);
INSERT INTO employee (employeeid, first_name, last_name, telephone_number, date_of_employment)VALUES (264, "Natan", "Håkansson", "019-342576", "2005-07-13);
INSERT INTO assistant_nurse (employeeid) VALUES (264);
INSERT INTO employee (employeeid, first_name, last_name, telephone_number, date_of_employment)VALUES (265, "Reiner", "Svensson", "036-073820", "2009-02-04);
INSERT INTO assistant_nurse (employeeid) VALUES (265);
INSERT INTO employee (employeeid, first_name, last_name, telephone_number, date_of_employment)VALUES (266, "Gunni", "Johansson", "070-245164", "2013-05-03);
INSERT INTO doctor (employeeid) VALUES (266);
INSERT INTO doctor_specialization(employeeid, specializationid) VALUES (266, 11);
INSERT INTO employee (employeeid, first_name, last_name, telephone_number, date_of_employment)VALUES (267, "Märta", "Nyberg", "021-031307", "2013-03-08);
INSERT INTO nurse (employeeid) VALUES (267);
INSERT INTO nurse_specialization(employee_id, specialization_id) VALUES (267, 10);
INSERT INTO employee (employeeid, first_name, last_name, telephone_number, date_of_employment)VALUES (268, "Sture", "Pålsson", "044-041383", "2009-07-31);
INSERT INTO doctor (employeeid) VALUES (268);

INSERT INTO employee (employeeid, first_name, last_name, telephone_number, date_of_employment)VALUES (269, "Johanna", "Lind", "044-461486", "2006-06-26);
INSERT INTO assistant_nurse (employeeid) VALUES (269);
INSERT INTO employee (employeeid, first_name, last_name, telephone_number, date_of_employment)VALUES (270, "Kajsa", "Hedlund", "016-775771", "2011-03-24);
INSERT INTO assistant_nurse (employeeid) VALUES (270);
INSERT INTO employee (employeeid, first_name, last_name, telephone_number, date_of_employment)VALUES (271, "Marta", "Martinsson", "073-602466", "2012-01-16);
INSERT INTO nurse (employeeid) VALUES (271);
INSERT INTO nurse_specialization(employee_id, specialization_id) VALUES (271, 5);
INSERT INTO employee (employeeid, first_name, last_name, telephone_number, date_of_employment)VALUES (272, "Aina", "Bergqvist", "072-203513", "2014-09-26);
INSERT INTO assistant_nurse (employeeid) VALUES (272);
INSERT INTO employee (employeeid, first_name, last_name, telephone_number, date_of_employment)VALUES (273, "Sonny", "Eliasson", "072-888071", "2007-05-04);
INSERT INTO assistant_nurse (employeeid) VALUES (273);
INSERT INTO employee (employeeid, first_name, last_name, telephone_number, date_of_employment)VALUES (274, "Yvonne", "Andreasson", "075-354231", "2009-12-31);
INSERT INTO nurse (employeeid) VALUES (274);
INSERT INTO nurse_specialization(employee_id, specialization_id) VALUES (274, 12);
INSERT INTO employee (employeeid, first_name, last_name, telephone_number, date_of_employment)VALUES (275, "Gittan", "Gunnarsson", "019-877720", "2005-01-10);
INSERT INTO assistant_nurse (employeeid) VALUES (275);
INSERT INTO employee (employeeid, first_name, last_name, telephone_number, date_of_employment)VALUES (276, "Måns", "Jönsson", "074-407525", "2005-07-07);
INSERT INTO nurse (employeeid) VALUES (276);
INSERT INTO nurse_specialization(employee_id, specialization_id) VALUES (276, 11);
INSERT INTO employee (employeeid, first_name, last_name, telephone_number, date_of_employment)VALUES (277, "Eddie", "Öberg", "018-536155", "2007-10-18);
INSERT INTO assistant_nurse (employeeid) VALUES (277);
INSERT INTO employee (employeeid, first_name, last_name, telephone_number, date_of_employment)VALUES (278, "Robert", "Johansson", "072-406837", "2010-08-12);
INSERT INTO assistant_nurse (employeeid) VALUES (278);
INSERT INTO employee (employeeid, first_name, last_name, telephone_number, date_of_employment)VALUES (279, "Ninni", "Samuelsson", "046-024886", "2011-02-12);
INSERT INTO assistant_nurse (employeeid) VALUES (279);
INSERT INTO employee (employeeid, first_name, last_name, telephone_number, date_of_employment)VALUES (280, "Gisela", "Svensson", "019-743407", "2012-01-23);
INSERT INTO doctor (employeeid) VALUES (280);
INSERT INTO doctor_specialization(employeeid, specializationid) VALUES (280, 8);
INSERT INTO employee (employeeid, first_name, last_name, telephone_number, date_of_employment)VALUES (281, "Georg", "Lindberg", "074-041851", "2012-07-10);
INSERT INTO nurse (employeeid) VALUES (281);
INSERT INTO nurse_specialization(employee_id, specialization_id) VALUES (281, 13);
INSERT INTO employee (employeeid, first_name, last_name, telephone_number, date_of_employment)VALUES (282, "Nellie", "Lindberg", "074-857565", "2011-04-24);
INSERT INTO nurse (employeeid) VALUES (282);
INSERT INTO nurse_specialization(employee_id, specialization_id) VALUES (282, 8);
INSERT INTO employee (employeeid, first_name, last_name, telephone_number, date_of_employment)VALUES (283, "Tori", "Åkesson", "060-505266", "2014-06-13);
INSERT INTO doctor (employeeid) VALUES (283);
INSERT INTO doctor_specialization(employeeid, specializationid) VALUES (283, 5);
INSERT INTO employee (employeeid, first_name, last_name, telephone_number, date_of_employment)VALUES (284, "Esse", "Blom", "077-227352", "2009-02-23);
INSERT INTO doctor (employeeid) VALUES (284);
INSERT INTO doctor_specialization(employeeid, specializationid) VALUES (284, 4);
INSERT INTO employee (employeeid, first_name, last_name, telephone_number, date_of_employment)VALUES (285, "Annika", "Holm", "026-446288", "2007-03-05);
INSERT INTO doctor (employeeid) VALUES (285);
INSERT INTO doctor_specialization(employeeid, specializationid) VALUES (285, 10);
INSERT INTO employee (employeeid, first_name, last_name, telephone_number, date_of_employment)VALUES (286, "Morgan", "Åström", "075-465208", "2014-10-10);
INSERT INTO nurse (employeeid) VALUES (286);
INSERT INTO nurse_specialization(employee_id, specialization_id) VALUES (286, 13);
INSERT INTO employee (employeeid, first_name, last_name, telephone_number, date_of_employment)VALUES (287, "Kevin", "Blom", "073-101720", "2008-10-31);
INSERT INTO doctor (employeeid) VALUES (287);
INSERT INTO doctor_specialization(employeeid, specializationid) VALUES (287, 5);
INSERT INTO employee (employeeid, first_name, last_name, telephone_number, date_of_employment)VALUES (288, "Marga", "Abrahamsson", "075-764742", "2006-04-26);
INSERT INTO assistant_nurse (employeeid) VALUES (288);
INSERT INTO employee (employeeid, first_name, last_name, telephone_number, date_of_employment)VALUES (289, "Birger", "Hansen", "060-524127", "2010-09-27);
INSERT INTO assistant_nurse (employeeid) VALUES (289);
INSERT INTO employee (employeeid, first_name, last_name, telephone_number, date_of_employment)VALUES (290, "Gretchen", "Dahlberg", "021-413156", "2010-12-18);
INSERT INTO nurse (employeeid) VALUES (290);
INSERT INTO nurse_specialization(employee_id, specialization_id) VALUES (290, 12);
INSERT INTO employee (employeeid, first_name, last_name, telephone_number, date_of_employment)VALUES (291, "Palle", "Bergström", "074-627353", "2006-07-12);
INSERT INTO doctor (employeeid) VALUES (291);
INSERT INTO doctor_specialization(employeeid, specializationid) VALUES (291, 9);
INSERT INTO employee (employeeid, first_name, last_name, telephone_number, date_of_employment)VALUES (292, "Marja", "Mårtensson", "073-184705", "2012-02-17);
INSERT INTO assistant_nurse (employeeid) VALUES (292);
INSERT INTO employee (employeeid, first_name, last_name, telephone_number, date_of_employment)VALUES (293, "Mirja", "Ek", "031-252586", "2010-10-11);
INSERT INTO doctor (employeeid) VALUES (293);

INSERT INTO employee (employeeid, first_name, last_name, telephone_number, date_of_employment)VALUES (294, "Åsa", "Fredriksson", "070-283438", "2014-01-31);
INSERT INTO nurse (employeeid) VALUES (294);
INSERT INTO nurse_specialization(employee_id, specialization_id) VALUES (294, 7);
INSERT INTO employee (employeeid, first_name, last_name, telephone_number, date_of_employment)VALUES (295, "Marion", "Sandberg", "072-723851", "2006-04-21);
INSERT INTO assistant_nurse (employeeid) VALUES (295);
INSERT INTO employee (employeeid, first_name, last_name, telephone_number, date_of_employment)VALUES (296, "Natanael", "Olsson", "060-735504", "2012-03-24);
INSERT INTO assistant_nurse (employeeid) VALUES (296);
INSERT INTO employee (employeeid, first_name, last_name, telephone_number, date_of_employment)VALUES (297, "Gregor", "Nordin", "023-868745", "2013-01-19);
INSERT INTO assistant_nurse (employeeid) VALUES (297);
INSERT INTO employee (employeeid, first_name, last_name, telephone_number, date_of_employment)VALUES (298, "Sonny", "Hellström", "060-132066", "2013-11-13);
INSERT INTO doctor (employeeid) VALUES (298);
INSERT INTO doctor_specialization(employeeid, specializationid) VALUES (298, 1);
INSERT INTO employee (employeeid, first_name, last_name, telephone_number, date_of_employment)VALUES (299, "Gaby", "Sjöberg", "023-066214", "2008-05-02);
INSERT INTO assistant_nurse (employeeid) VALUES (299);
INSERT INTO employee (employeeid, first_name, last_name, telephone_number, date_of_employment)VALUES (300, "Ingar", "Nilsson", "033-407772", "2007-09-12);
INSERT INTO assistant_nurse (employeeid) VALUES (300);
INSERT INTO employee (employeeid, first_name, last_name, telephone_number, date_of_employment)VALUES (301, "Luise", "Hansson", "077-002742", "2008-02-05);
INSERT INTO doctor (employeeid) VALUES (301);

INSERT INTO employee (employeeid, first_name, last_name, telephone_number, date_of_employment)VALUES (302, "Lauri", "Andreasson", "074-547183", "2007-08-13);
INSERT INTO assistant_nurse (employeeid) VALUES (302);
INSERT INTO employee (employeeid, first_name, last_name, telephone_number, date_of_employment)VALUES (303, "Stefan", "Viklund", "033-447061", "2010-07-29);
INSERT INTO assistant_nurse (employeeid) VALUES (303);
INSERT INTO employee (employeeid, first_name, last_name, telephone_number, date_of_employment)VALUES (304, "Dora", "Pettersson", "060-163564", "2014-10-16);
INSERT INTO assistant_nurse (employeeid) VALUES (304);
INSERT INTO employee (employeeid, first_name, last_name, telephone_number, date_of_employment)VALUES (305, "Elof", "Eriksson", "035-706413", "2012-08-06);
INSERT INTO nurse (employeeid) VALUES (305);
INSERT INTO nurse_specialization(employee_id, specialization_id) VALUES (305, 1);
INSERT INTO employee (employeeid, first_name, last_name, telephone_number, date_of_employment)VALUES (306, "Fatima", "Söderberg", "060-315112", "2009-11-16);
INSERT INTO nurse (employeeid) VALUES (306);
INSERT INTO nurse_specialization(employee_id, specialization_id) VALUES (306, 6);
INSERT INTO employee (employeeid, first_name, last_name, telephone_number, date_of_employment)VALUES (307, "Esa", "Öberg", "044-431111", "2007-06-24);
INSERT INTO assistant_nurse (employeeid) VALUES (307);
INSERT INTO employee (employeeid, first_name, last_name, telephone_number, date_of_employment)VALUES (308, "Lissi", "Lundqvist", "070-685053", "2009-11-15);
INSERT INTO doctor (employeeid) VALUES (308);
INSERT INTO doctor_specialization(employeeid, specializationid) VALUES (308, 5);
INSERT INTO employee (employeeid, first_name, last_name, telephone_number, date_of_employment)VALUES (309, "Christel", "Hermansson", "078-881353", "2005-02-01);
INSERT INTO nurse (employeeid) VALUES (309);
INSERT INTO nurse_specialization(employee_id, specialization_id) VALUES (309, 9);
INSERT INTO employee (employeeid, first_name, last_name, telephone_number, date_of_employment)VALUES (310, "Alve", "Bengtsson", "073-728402", "2005-09-03);
INSERT INTO assistant_nurse (employeeid) VALUES (310);
INSERT INTO employee (employeeid, first_name, last_name, telephone_number, date_of_employment)VALUES (311, "Johan", "Hermansson", "078-041527", "2013-08-18);
INSERT INTO nurse (employeeid) VALUES (311);
INSERT INTO nurse_specialization(employee_id, specialization_id) VALUES (311, 8);
INSERT INTO employee (employeeid, first_name, last_name, telephone_number, date_of_employment)VALUES (312, "Andrea", "Holmgren", "060-737812", "2008-02-14);
INSERT INTO assistant_nurse (employeeid) VALUES (312);
INSERT INTO employee (employeeid, first_name, last_name, telephone_number, date_of_employment)VALUES (313, "Jörgen", "Gustafsson", "019-013878", "2008-02-24);
INSERT INTO assistant_nurse (employeeid) VALUES (313);
INSERT INTO employee (employeeid, first_name, last_name, telephone_number, date_of_employment)VALUES (314, "Meta", "Jansson", "040-227671", "2005-11-08);
INSERT INTO doctor (employeeid) VALUES (314);
INSERT INTO doctor_specialization(employeeid, specializationid) VALUES (314, 2);
INSERT INTO employee (employeeid, first_name, last_name, telephone_number, date_of_employment)VALUES (315, "Alida", "Pettersson", "031-130588", "2013-11-01);
INSERT INTO doctor (employeeid) VALUES (315);

INSERT INTO employee (employeeid, first_name, last_name, telephone_number, date_of_employment)VALUES (316, "Edde", "Isaksson", "063-202632", "2007-04-14);
INSERT INTO assistant_nurse (employeeid) VALUES (316);
INSERT INTO employee (employeeid, first_name, last_name, telephone_number, date_of_employment)VALUES (317, "Urban", "Eliasson", "060-886650", "2010-07-18);
INSERT INTO nurse (employeeid) VALUES (317);
INSERT INTO nurse_specialization(employee_id, specialization_id) VALUES (317, 11);
INSERT INTO employee (employeeid, first_name, last_name, telephone_number, date_of_employment)VALUES (318, "Ansgar", "Magnusson", "063-848548", "2013-06-22);
INSERT INTO doctor (employeeid) VALUES (318);
INSERT INTO doctor_specialization(employeeid, specializationid) VALUES (318, 11);
INSERT INTO employee (employeeid, first_name, last_name, telephone_number, date_of_employment)VALUES (319, "Helny", "Falk", "072-512811", "2010-10-12);
INSERT INTO nurse (employeeid) VALUES (319);
INSERT INTO nurse_specialization(employee_id, specialization_id) VALUES (319, 10);
INSERT INTO employee (employeeid, first_name, last_name, telephone_number, date_of_employment)VALUES (320, "Angela", "Andersson", "072-216511", "2005-08-02);
INSERT INTO nurse (employeeid) VALUES (320);
INSERT INTO nurse_specialization(employee_id, specialization_id) VALUES (320, 8);
INSERT INTO employee (employeeid, first_name, last_name, telephone_number, date_of_employment)VALUES (321, "Aini", "Svensson", "078-603068", "2013-07-14);
INSERT INTO assistant_nurse (employeeid) VALUES (321);
INSERT INTO employee (employeeid, first_name, last_name, telephone_number, date_of_employment)VALUES (322, "Antoinetta", "Eliasson", "070-210081", "2009-02-13);
INSERT INTO assistant_nurse (employeeid) VALUES (322);
INSERT INTO employee (employeeid, first_name, last_name, telephone_number, date_of_employment)VALUES (323, "Hakvin", "Söderberg", "073-146503", "2010-02-03);
INSERT INTO doctor (employeeid) VALUES (323);
INSERT INTO doctor_specialization(employeeid, specializationid) VALUES (323, 5);
INSERT INTO employee (employeeid, first_name, last_name, telephone_number, date_of_employment)VALUES (324, "Alba", "Sjögren", "075-458620", "2007-03-08);
INSERT INTO nurse (employeeid) VALUES (324);

INSERT INTO employee (employeeid, first_name, last_name, telephone_number, date_of_employment)VALUES (325, "Aline", "Bergman", "033-872554", "2011-02-15);
INSERT INTO doctor (employeeid) VALUES (325);

INSERT INTO employee (employeeid, first_name, last_name, telephone_number, date_of_employment)VALUES (326, "Torsten", "Hansen", "063-052284", "2013-11-17);
INSERT INTO doctor (employeeid) VALUES (326);
INSERT INTO doctor_specialization(employeeid, specializationid) VALUES (326, 7);
INSERT INTO employee (employeeid, first_name, last_name, telephone_number, date_of_employment)VALUES (327, "Irene", "Håkansson", "040-363421", "2014-02-24);
INSERT INTO assistant_nurse (employeeid) VALUES (327);
INSERT INTO employee (employeeid, first_name, last_name, telephone_number, date_of_employment)VALUES (328, "Finn", "Lindberg", "042-767637", "2009-10-18);
INSERT INTO doctor (employeeid) VALUES (328);
INSERT INTO doctor_specialization(employeeid, specializationid) VALUES (328, 12);
INSERT INTO employee (employeeid, first_name, last_name, telephone_number, date_of_employment)VALUES (329, "Alice", "Nordin", "019-523248", "2010-04-13);
INSERT INTO assistant_nurse (employeeid) VALUES (329);
INSERT INTO employee (employeeid, first_name, last_name, telephone_number, date_of_employment)VALUES (330, "Tina", "Lundqvist", "026-566287", "2007-12-20);
INSERT INTO doctor (employeeid) VALUES (330);
INSERT INTO doctor_specialization(employeeid, specializationid) VALUES (330, 9);
INSERT INTO employee (employeeid, first_name, last_name, telephone_number, date_of_employment)VALUES (331, "Tove", "Sandberg", "070-827683", "2013-11-17);
INSERT INTO doctor (employeeid) VALUES (331);

INSERT INTO employee (employeeid, first_name, last_name, telephone_number, date_of_employment)VALUES (332, "Igor", "Lund", "036-106282", "2010-08-18);
INSERT INTO doctor (employeeid) VALUES (332);
INSERT INTO doctor_specialization(employeeid, specializationid) VALUES (332, 4);
INSERT INTO employee (employeeid, first_name, last_name, telephone_number, date_of_employment)VALUES (333, "Doris", "Eliasson", "044-154450", "2007-11-20);
INSERT INTO nurse (employeeid) VALUES (333);
INSERT INTO nurse_specialization(employee_id, specialization_id) VALUES (333, 10);
INSERT INTO employee (employeeid, first_name, last_name, telephone_number, date_of_employment)VALUES (334, "Mina", "Mattsson", "090-336405", "2010-12-18);
INSERT INTO doctor (employeeid) VALUES (334);
INSERT INTO doctor_specialization(employeeid, specializationid) VALUES (334, 7);
INSERT INTO employee (employeeid, first_name, last_name, telephone_number, date_of_employment)VALUES (335, "Constance", "Pålsson", "072-314550", "2013-06-23);
INSERT INTO nurse (employeeid) VALUES (335);
INSERT INTO nurse_specialization(employee_id, specialization_id) VALUES (335, 2);
INSERT INTO employee (employeeid, first_name, last_name, telephone_number, date_of_employment)VALUES (336, "Alexia", "Strömberg", "060-005647", "2006-05-10);
INSERT INTO doctor (employeeid) VALUES (336);
INSERT INTO doctor_specialization(employeeid, specializationid) VALUES (336, 1);
INSERT INTO employee (employeeid, first_name, last_name, telephone_number, date_of_employment)VALUES (337, "Olivia", "Johansson", "078-572670", "2009-05-31);
INSERT INTO assistant_nurse (employeeid) VALUES (337);
INSERT INTO employee (employeeid, first_name, last_name, telephone_number, date_of_employment)VALUES (338, "Reidun", "Jonsson", "021-707138", "2007-10-23);
INSERT INTO nurse (employeeid) VALUES (338);
INSERT INTO nurse_specialization(employee_id, specialization_id) VALUES (338, 14);
INSERT INTO employee (employeeid, first_name, last_name, telephone_number, date_of_employment)VALUES (339, "Berta", "Falk", "036-013873", "2012-05-19);
INSERT INTO nurse (employeeid) VALUES (339);
INSERT INTO nurse_specialization(employee_id, specialization_id) VALUES (339, 16);
INSERT INTO employee (employeeid, first_name, last_name, telephone_number, date_of_employment)VALUES (340, "Friedrich", "Fransson", "070-572754", "2012-05-24);
INSERT INTO doctor (employeeid) VALUES (340);
INSERT INTO doctor_specialization(employeeid, specializationid) VALUES (340, 9);
INSERT INTO employee (employeeid, first_name, last_name, telephone_number, date_of_employment)VALUES (341, "Sissi", "Nordin", "072-536155", "2012-05-31);
INSERT INTO nurse (employeeid) VALUES (341);
INSERT INTO nurse_specialization(employee_id, specialization_id) VALUES (341, 1);
INSERT INTO employee (employeeid, first_name, last_name, telephone_number, date_of_employment)VALUES (342, "Dana", "Andreasson", "075-412533", "2006-06-05);
INSERT INTO nurse (employeeid) VALUES (342);

INSERT INTO employee (employeeid, first_name, last_name, telephone_number, date_of_employment)VALUES (343, "Marina", "Björk", "075-522326", "2008-04-02);
INSERT INTO assistant_nurse (employeeid) VALUES (343);
INSERT INTO employee (employeeid, first_name, last_name, telephone_number, date_of_employment)VALUES (344, "Alexis", "Bergman", "078-371621", "2006-06-19);
INSERT INTO nurse (employeeid) VALUES (344);
INSERT INTO nurse_specialization(employee_id, specialization_id) VALUES (344, 7);
INSERT INTO employee (employeeid, first_name, last_name, telephone_number, date_of_employment)VALUES (345, "Kerttu", "Hedlund", "090-661426", "2010-06-09);
INSERT INTO nurse (employeeid) VALUES (345);
INSERT INTO nurse_specialization(employee_id, specialization_id) VALUES (345, 3);
INSERT INTO employee (employeeid, first_name, last_name, telephone_number, date_of_employment)VALUES (346, "Trude", "Lind", "073-350427", "2009-03-07);
INSERT INTO nurse (employeeid) VALUES (346);
INSERT INTO nurse_specialization(employee_id, specialization_id) VALUES (346, 3);
INSERT INTO employee (employeeid, first_name, last_name, telephone_number, date_of_employment)VALUES (347, "Luisa", "Jonasson", "072-424381", "2006-11-29);
INSERT INTO doctor (employeeid) VALUES (347);

INSERT INTO employee (employeeid, first_name, last_name, telephone_number, date_of_employment)VALUES (348, "Esteban", "Lind", "090-635584", "2008-08-14);
INSERT INTO doctor (employeeid) VALUES (348);

INSERT INTO employee (employeeid, first_name, last_name, telephone_number, date_of_employment)VALUES (349, "Rainer", "Andreasson", "018-822320", "2011-08-16);
INSERT INTO assistant_nurse (employeeid) VALUES (349);
INSERT INTO employee (employeeid, first_name, last_name, telephone_number, date_of_employment)VALUES (350, "Caspar", "Johansson", "077-303671", "2005-01-25);
INSERT INTO assistant_nurse (employeeid) VALUES (350);
INSERT INTO employee (employeeid, first_name, last_name, telephone_number, date_of_employment)VALUES (351, "Dick", "Danielsson", "070-443171", "2007-10-07);
INSERT INTO doctor (employeeid) VALUES (351);
INSERT INTO doctor_specialization(employeeid, specializationid) VALUES (351, 15);
INSERT INTO employee (employeeid, first_name, last_name, telephone_number, date_of_employment)VALUES (352, "Karl", "Bengtsson", "078-137843", "2010-12-06);
INSERT INTO assistant_nurse (employeeid) VALUES (352);
INSERT INTO employee (employeeid, first_name, last_name, telephone_number, date_of_employment)VALUES (353, "Mariana", "Falk", "040-662547", "2013-12-27);
INSERT INTO nurse (employeeid) VALUES (353);
INSERT INTO nurse_specialization(employee_id, specialization_id) VALUES (353, 13);
INSERT INTO employee (employeeid, first_name, last_name, telephone_number, date_of_employment)VALUES (354, "Gustav", "Strömberg", "036-455306", "2006-04-20);
INSERT INTO doctor (employeeid) VALUES (354);
INSERT INTO doctor_specialization(employeeid, specializationid) VALUES (354, 8);
INSERT INTO employee (employeeid, first_name, last_name, telephone_number, date_of_employment)VALUES (355, "Albertina", "Karlsson", "021-130588", "2014-03-18);
INSERT INTO doctor (employeeid) VALUES (355);
INSERT INTO doctor_specialization(employeeid, specializationid) VALUES (355, 2);
INSERT INTO employee (employeeid, first_name, last_name, telephone_number, date_of_employment)VALUES (356, "Douglas", "Pålsson", "044-814133", "2013-09-25);
INSERT INTO nurse (employeeid) VALUES (356);
INSERT INTO nurse_specialization(employee_id, specialization_id) VALUES (356, 11);
INSERT INTO employee (employeeid, first_name, last_name, telephone_number, date_of_employment)VALUES (357, "Pedro", "Håkansson", "016-537774", "2006-04-12);
INSERT INTO doctor (employeeid) VALUES (357);
INSERT INTO doctor_specialization(employeeid, specializationid) VALUES (357, 10);
INSERT INTO employee (employeeid, first_name, last_name, telephone_number, date_of_employment)VALUES (358, "Frida", "Lundberg", "036-425641", "2010-07-05);
INSERT INTO nurse (employeeid) VALUES (358);
INSERT INTO nurse_specialization(employee_id, specialization_id) VALUES (358, 2);
INSERT INTO employee (employeeid, first_name, last_name, telephone_number, date_of_employment)VALUES (359, "Jutta", "Lundström", "035-661203", "2010-02-18);
INSERT INTO doctor (employeeid) VALUES (359);
INSERT INTO doctor_specialization(employeeid, specializationid) VALUES (359, 13);
INSERT INTO employee (employeeid, first_name, last_name, telephone_number, date_of_employment)VALUES (360, "Jimmy", "Jansson", "044-130588", "2014-06-16);
INSERT INTO nurse (employeeid) VALUES (360);
INSERT INTO nurse_specialization(employee_id, specialization_id) VALUES (360, 11);
INSERT INTO employee (employeeid, first_name, last_name, telephone_number, date_of_employment)VALUES (361, "Felix", "Isaksson", "077-211361", "2008-06-08);
INSERT INTO assistant_nurse (employeeid) VALUES (361);
INSERT INTO employee (employeeid, first_name, last_name, telephone_number, date_of_employment)VALUES (362, "Vanja", "Holmberg", "026-810635", "2012-05-04);
INSERT INTO nurse (employeeid) VALUES (362);
INSERT INTO nurse_specialization(employee_id, specialization_id) VALUES (362, 3);
INSERT INTO employee (employeeid, first_name, last_name, telephone_number, date_of_employment)VALUES (363, "Vendela", "Bergqvist", "046-426686", "2010-08-22);
INSERT INTO nurse (employeeid) VALUES (363);
INSERT INTO nurse_specialization(employee_id, specialization_id) VALUES (363, 6);
INSERT INTO employee (employeeid, first_name, last_name, telephone_number, date_of_employment)VALUES (364, "Vendela", "Norberg", "042-210065", "2005-04-19);
INSERT INTO doctor (employeeid) VALUES (364);
INSERT INTO doctor_specialization(employeeid, specializationid) VALUES (364, 12);
INSERT INTO employee (employeeid, first_name, last_name, telephone_number, date_of_employment)VALUES (365, "Beth", "Ekström", "040-764682", "2013-10-25);
INSERT INTO assistant_nurse (employeeid) VALUES (365);
INSERT INTO employee (employeeid, first_name, last_name, telephone_number, date_of_employment)VALUES (366, "Rosalie", "Lindström", "046-616568", "2012-05-10);
INSERT INTO nurse (employeeid) VALUES (366);
INSERT INTO nurse_specialization(employee_id, specialization_id) VALUES (366, 2);
INSERT INTO employee (employeeid, first_name, last_name, telephone_number, date_of_employment)VALUES (367, "Ingegerd", "Sundqvist", "042-464585", "2009-03-08);
INSERT INTO doctor (employeeid) VALUES (367);
INSERT INTO doctor_specialization(employeeid, specializationid) VALUES (367, 6);
INSERT INTO employee (employeeid, first_name, last_name, telephone_number, date_of_employment)VALUES (368, "Tommi", "Hermansson", "042-748710", "2013-08-17);
INSERT INTO doctor (employeeid) VALUES (368);

INSERT INTO employee (employeeid, first_name, last_name, telephone_number, date_of_employment)VALUES (369, "Mikaela", "Jönsson", "046-873682", "2005-02-04);
INSERT INTO nurse (employeeid) VALUES (369);
INSERT INTO nurse_specialization(employee_id, specialization_id) VALUES (369, 9);
INSERT INTO employee (employeeid, first_name, last_name, telephone_number, date_of_employment)VALUES (370, "Agne", "Nyberg", "072-222705", "2011-08-21);
INSERT INTO nurse (employeeid) VALUES (370);
INSERT INTO nurse_specialization(employee_id, specialization_id) VALUES (370, 9);
INSERT INTO employee (employeeid, first_name, last_name, telephone_number, date_of_employment)VALUES (371, "Belinda", "Jonasson", "036-737203", "2013-09-06);
INSERT INTO assistant_nurse (employeeid) VALUES (371);
INSERT INTO employee (employeeid, first_name, last_name, telephone_number, date_of_employment)VALUES (372, "Sebastian", "Berg", "019-715366", "2006-09-26);
INSERT INTO doctor (employeeid) VALUES (372);
INSERT INTO doctor_specialization(employeeid, specializationid) VALUES (372, 10);
INSERT INTO employee (employeeid, first_name, last_name, telephone_number, date_of_employment)VALUES (373, "Maurits", "Lund", "076-010411", "2005-09-19);
INSERT INTO doctor (employeeid) VALUES (373);

INSERT INTO employee (employeeid, first_name, last_name, telephone_number, date_of_employment)VALUES (374, "Rutger", "Blomqvist", "060-481605", "2014-02-03);
INSERT INTO doctor (employeeid) VALUES (374);
INSERT INTO doctor_specialization(employeeid, specializationid) VALUES (374, 1);
INSERT INTO employee (employeeid, first_name, last_name, telephone_number, date_of_employment)VALUES (375, "Maurits", "Ekström", "021-672167", "2005-05-21);
INSERT INTO assistant_nurse (employeeid) VALUES (375);
INSERT INTO employee (employeeid, first_name, last_name, telephone_number, date_of_employment)VALUES (376, "Ulf", "Mattsson", "035-882117", "2005-08-17);
INSERT INTO doctor (employeeid) VALUES (376);

INSERT INTO employee (employeeid, first_name, last_name, telephone_number, date_of_employment)VALUES (377, "Lizzy", "Mårtensson", "060-774516", "2011-06-14);
INSERT INTO nurse (employeeid) VALUES (377);
INSERT INTO nurse_specialization(employee_id, specialization_id) VALUES (377, 2);
INSERT INTO employee (employeeid, first_name, last_name, telephone_number, date_of_employment)VALUES (378, "Josefine", "Magnusson", "023-862422", "2013-12-14);
INSERT INTO assistant_nurse (employeeid) VALUES (378);
INSERT INTO employee (employeeid, first_name, last_name, telephone_number, date_of_employment)VALUES (379, "Belinda", "Persson", "031-284864", "2005-06-24);
INSERT INTO assistant_nurse (employeeid) VALUES (379);
INSERT INTO employee (employeeid, first_name, last_name, telephone_number, date_of_employment)VALUES (380, "Agaton", "Lundström", "075-117530", "2007-09-07);
INSERT INTO doctor (employeeid) VALUES (380);
INSERT INTO doctor_specialization(employeeid, specializationid) VALUES (380, 2);
INSERT INTO employee (employeeid, first_name, last_name, telephone_number, date_of_employment)VALUES (381, "Gunnar", "Isaksson", "016-164218", "2007-03-25);
INSERT INTO nurse (employeeid) VALUES (381);
INSERT INTO nurse_specialization(employee_id, specialization_id) VALUES (381, 12);
INSERT INTO employee (employeeid, first_name, last_name, telephone_number, date_of_employment)VALUES (382, "Birgit", "Eklund", "073-663805", "2009-08-17);
INSERT INTO assistant_nurse (employeeid) VALUES (382);
INSERT INTO employee (employeeid, first_name, last_name, telephone_number, date_of_employment)VALUES (383, "Adriana", "Gustafsson", "031-716738", "2013-05-12);
INSERT INTO assistant_nurse (employeeid) VALUES (383);
INSERT INTO employee (employeeid, first_name, last_name, telephone_number, date_of_employment)VALUES (384, "Börje", "Hansson", "060-821144", "2009-09-07);
INSERT INTO doctor (employeeid) VALUES (384);
INSERT INTO doctor_specialization(employeeid, specializationid) VALUES (384, 4);
INSERT INTO employee (employeeid, first_name, last_name, telephone_number, date_of_employment)VALUES (385, "Charlott", "Björk", "018-730115", "2005-06-01);
INSERT INTO assistant_nurse (employeeid) VALUES (385);
INSERT INTO employee (employeeid, first_name, last_name, telephone_number, date_of_employment)VALUES (386, "Allie", "Berggren", "031-276422", "2006-05-22);
INSERT INTO nurse (employeeid) VALUES (386);

INSERT INTO employee (employeeid, first_name, last_name, telephone_number, date_of_employment)VALUES (387, "Astrid", "Forsberg", "046-847884", "2008-10-20);
INSERT INTO doctor (employeeid) VALUES (387);
INSERT INTO doctor_specialization(employeeid, specializationid) VALUES (387, 6);
INSERT INTO employee (employeeid, first_name, last_name, telephone_number, date_of_employment)VALUES (388, "Emy", "Viklund", "077-325674", "2012-07-29);
INSERT INTO nurse (employeeid) VALUES (388);
INSERT INTO nurse_specialization(employee_id, specialization_id) VALUES (388, 1);
INSERT INTO employee (employeeid, first_name, last_name, telephone_number, date_of_employment)VALUES (389, "Mark", "Engström", "042-542015", "2014-04-02);
INSERT INTO nurse (employeeid) VALUES (389);
INSERT INTO nurse_specialization(employee_id, specialization_id) VALUES (389, 13);
INSERT INTO employee (employeeid, first_name, last_name, telephone_number, date_of_employment)VALUES (390, "Birgit", "Eklund", "063-010857", "2011-09-19);
INSERT INTO nurse (employeeid) VALUES (390);

INSERT INTO employee (employeeid, first_name, last_name, telephone_number, date_of_employment)VALUES (391, "Bella", "Persson", "026-710257", "2013-08-04);
INSERT INTO nurse (employeeid) VALUES (391);
INSERT INTO nurse_specialization(employee_id, specialization_id) VALUES (391, 16);
INSERT INTO employee (employeeid, first_name, last_name, telephone_number, date_of_employment)VALUES (392, "Elna", "Pålsson", "063-887445", "2014-12-13);
INSERT INTO nurse (employeeid) VALUES (392);
INSERT INTO nurse_specialization(employee_id, specialization_id) VALUES (392, 4);
INSERT INTO employee (employeeid, first_name, last_name, telephone_number, date_of_employment)VALUES (393, "Pentti", "Lindholm", "077-178437", "2013-12-22);
INSERT INTO doctor (employeeid) VALUES (393);

INSERT INTO employee (employeeid, first_name, last_name, telephone_number, date_of_employment)VALUES (394, "Erika", "Eliasson", "046-642621", "2008-05-26);
INSERT INTO doctor (employeeid) VALUES (394);
INSERT INTO doctor_specialization(employeeid, specializationid) VALUES (394, 10);
INSERT INTO employee (employeeid, first_name, last_name, telephone_number, date_of_employment)VALUES (395, "Susie", "Blomqvist", "090-504230", "2009-05-08);
INSERT INTO doctor (employeeid) VALUES (395);

INSERT INTO employee (employeeid, first_name, last_name, telephone_number, date_of_employment)VALUES (396, "Marie", "Jakobsson", "021-168440", "2006-03-17);
INSERT INTO assistant_nurse (employeeid) VALUES (396);
INSERT INTO employee (employeeid, first_name, last_name, telephone_number, date_of_employment)VALUES (397, "Åke", "Isaksson", "072-811407", "2005-11-05);
INSERT INTO nurse (employeeid) VALUES (397);

INSERT INTO employee (employeeid, first_name, last_name, telephone_number, date_of_employment)VALUES (398, "Knut", "Bergqvist", "023-441164", "2014-12-10);
INSERT INTO doctor (employeeid) VALUES (398);
INSERT INTO doctor_specialization(employeeid, specializationid) VALUES (398, 8);
INSERT INTO employee (employeeid, first_name, last_name, telephone_number, date_of_employment)VALUES (399, "Margreta", "Åström", "021-624748", "2009-07-16);
INSERT INTO assistant_nurse (employeeid) VALUES (399);
INSERT INTO employee (employeeid, first_name, last_name, telephone_number, date_of_employment)VALUES (400, "Ernesto", "Wallin", "018-417026", "2014-05-10);
INSERT INTO nurse (employeeid) VALUES (400);
INSERT INTO nurse_specialization(employee_id, specialization_id) VALUES (400, 4);
INSERT INTO employee (employeeid, first_name, last_name, telephone_number, date_of_employment)VALUES (401, "Antoni", "Mattsson", "040-277655", "2012-07-23);
INSERT INTO nurse (employeeid) VALUES (401);
INSERT INTO nurse_specialization(employee_id, specialization_id) VALUES (401, 14);
INSERT INTO employee (employeeid, first_name, last_name, telephone_number, date_of_employment)VALUES (402, "Alli", "Wallin", "072-625736", "2008-10-16);
INSERT INTO nurse (employeeid) VALUES (402);

INSERT INTO employee (employeeid, first_name, last_name, telephone_number, date_of_employment)VALUES (403, "Charles", "Eklund", "040-026217", "2009-04-01);
INSERT INTO doctor (employeeid) VALUES (403);
INSERT INTO doctor_specialization(employeeid, specializationid) VALUES (403, 5);
INSERT INTO employee (employeeid, first_name, last_name, telephone_number, date_of_employment)VALUES (404, "Axel", "Jonsson", "060-571041", "2005-10-08);
INSERT INTO assistant_nurse (employeeid) VALUES (404);
INSERT INTO employee (employeeid, first_name, last_name, telephone_number, date_of_employment)VALUES (405, "Pernille", "Abrahamsson", "018-614744", "2007-05-19);
INSERT INTO nurse (employeeid) VALUES (405);
INSERT INTO nurse_specialization(employee_id, specialization_id) VALUES (405, 9);
INSERT INTO employee (employeeid, first_name, last_name, telephone_number, date_of_employment)VALUES (406, "Grete", "Åström", "019-435103", "2009-10-27);
INSERT INTO assistant_nurse (employeeid) VALUES (406);
INSERT INTO employee (employeeid, first_name, last_name, telephone_number, date_of_employment)VALUES (407, "Ragnhild", "Pettersson", "021-474062", "2012-02-11);
INSERT INTO doctor (employeeid) VALUES (407);
INSERT INTO doctor_specialization(employeeid, specializationid) VALUES (407, 11);
INSERT INTO employee (employeeid, first_name, last_name, telephone_number, date_of_employment)VALUES (408, "Hugo", "Söderberg", "075-425577", "2014-02-04);
INSERT INTO doctor (employeeid) VALUES (408);
INSERT INTO doctor_specialization(employeeid, specializationid) VALUES (408, 5);
INSERT INTO employee (employeeid, first_name, last_name, telephone_number, date_of_employment)VALUES (409, "Melchior", "Hansen", "074-265751", "2011-12-20);
INSERT INTO nurse (employeeid) VALUES (409);
INSERT INTO nurse_specialization(employee_id, specialization_id) VALUES (409, 12);
INSERT INTO employee (employeeid, first_name, last_name, telephone_number, date_of_employment)VALUES (410, "Svante", "Månsson", "023-344650", "2005-07-11);
INSERT INTO nurse (employeeid) VALUES (410);
INSERT INTO nurse_specialization(employee_id, specialization_id) VALUES (410, 2);
INSERT INTO employee (employeeid, first_name, last_name, telephone_number, date_of_employment)VALUES (411, "Sonny", "Gunnarsson", "090-325348", "2009-09-23);
INSERT INTO assistant_nurse (employeeid) VALUES (411);
INSERT INTO employee (employeeid, first_name, last_name, telephone_number, date_of_employment)VALUES (412, "Britt", "Strömberg", "016-824482", "2011-09-21);
INSERT INTO nurse (employeeid) VALUES (412);
INSERT INTO nurse_specialization(employee_id, specialization_id) VALUES (412, 3);
INSERT INTO employee (employeeid, first_name, last_name, telephone_number, date_of_employment)VALUES (413, "Kenny", "Berglund", "060-863168", "2009-09-26);
INSERT INTO nurse (employeeid) VALUES (413);
INSERT INTO nurse_specialization(employee_id, specialization_id) VALUES (413, 2);
INSERT INTO employee (employeeid, first_name, last_name, telephone_number, date_of_employment)VALUES (414, "Malte", "Abrahamsson", "035-314572", "2006-04-08);
INSERT INTO doctor (employeeid) VALUES (414);
INSERT INTO doctor_specialization(employeeid, specializationid) VALUES (414, 8);
INSERT INTO employee (employeeid, first_name, last_name, telephone_number, date_of_employment)VALUES (415, "Dagny", "Åström", "076-453180", "2008-08-07);
INSERT INTO doctor (employeeid) VALUES (415);
INSERT INTO doctor_specialization(employeeid, specializationid) VALUES (415, 12);
INSERT INTO employee (employeeid, first_name, last_name, telephone_number, date_of_employment)VALUES (416, "Clary", "Claesson", "042-247763", "2010-12-28);
INSERT INTO nurse (employeeid) VALUES (416);
INSERT INTO nurse_specialization(employee_id, specialization_id) VALUES (416, 5);
INSERT INTO employee (employeeid, first_name, last_name, telephone_number, date_of_employment)VALUES (417, "Mariette", "Sandberg", "040-710758", "2005-08-25);
INSERT INTO nurse (employeeid) VALUES (417);
INSERT INTO nurse_specialization(employee_id, specialization_id) VALUES (417, 2);
INSERT INTO employee (employeeid, first_name, last_name, telephone_number, date_of_employment)VALUES (418, "Ketty", "Nilsson", "076-878124", "2006-04-21);
INSERT INTO nurse (employeeid) VALUES (418);
INSERT INTO nurse_specialization(employee_id, specialization_id) VALUES (418, 3);
INSERT INTO employee (employeeid, first_name, last_name, telephone_number, date_of_employment)VALUES (419, "Gina", "Ivarsson", "060-676252", "2008-02-19);
INSERT INTO doctor (employeeid) VALUES (419);

INSERT INTO employee (employeeid, first_name, last_name, telephone_number, date_of_employment)VALUES (420, "Violetta", "Lindholm", "016-855076", "2009-04-18);
INSERT INTO nurse (employeeid) VALUES (420);
INSERT INTO nurse_specialization(employee_id, specialization_id) VALUES (420, 13);
INSERT INTO employee (employeeid, first_name, last_name, telephone_number, date_of_employment)VALUES (421, "Valdemar", "Sandberg", "035-137743", "2013-01-05);
INSERT INTO nurse (employeeid) VALUES (421);
INSERT INTO nurse_specialization(employee_id, specialization_id) VALUES (421, 2);
INSERT INTO employee (employeeid, first_name, last_name, telephone_number, date_of_employment)VALUES (422, "Aini", "Holmgren", "026-005647", "2011-04-09);
INSERT INTO assistant_nurse (employeeid) VALUES (422);
INSERT INTO employee (employeeid, first_name, last_name, telephone_number, date_of_employment)VALUES (423, "Stephen", "Månsson", "031-211361", "2006-10-21);
INSERT INTO doctor (employeeid) VALUES (423);
INSERT INTO doctor_specialization(employeeid, specializationid) VALUES (423, 1);
INSERT INTO employee (employeeid, first_name, last_name, telephone_number, date_of_employment)VALUES (424, "Klara", "Svensson", "077-585717", "2009-12-29);
INSERT INTO assistant_nurse (employeeid) VALUES (424);
INSERT INTO employee (employeeid, first_name, last_name, telephone_number, date_of_employment)VALUES (425, "Åsa", "Bengtsson", "019-868678", "2010-11-02);
INSERT INTO nurse (employeeid) VALUES (425);
INSERT INTO nurse_specialization(employee_id, specialization_id) VALUES (425, 12);
INSERT INTO employee (employeeid, first_name, last_name, telephone_number, date_of_employment)VALUES (426, "Eugenia", "Hellström", "044-324512", "2007-11-02);
INSERT INTO assistant_nurse (employeeid) VALUES (426);
INSERT INTO employee (employeeid, first_name, last_name, telephone_number, date_of_employment)VALUES (427, "Agata", "Holmqvist", "018-580533", "2005-01-08);
INSERT INTO doctor (employeeid) VALUES (427);
INSERT INTO doctor_specialization(employeeid, specializationid) VALUES (427, 10);
INSERT INTO employee (employeeid, first_name, last_name, telephone_number, date_of_employment)VALUES (428, "Robert", "Lundberg", "023-672783", "2013-12-10);
INSERT INTO nurse (employeeid) VALUES (428);
INSERT INTO nurse_specialization(employee_id, specialization_id) VALUES (428, 7);
INSERT INTO employee (employeeid, first_name, last_name, telephone_number, date_of_employment)VALUES (429, "Jim", "Bergström", "026-680032", "2011-10-27);
INSERT INTO doctor (employeeid) VALUES (429);
INSERT INTO doctor_specialization(employeeid, specializationid) VALUES (429, 5);
INSERT INTO employee (employeeid, first_name, last_name, telephone_number, date_of_employment)VALUES (430, "Ragnvald", "Ek", "075-716738", "2012-07-10);
INSERT INTO assistant_nurse (employeeid) VALUES (430);
INSERT INTO employee (employeeid, first_name, last_name, telephone_number, date_of_employment)VALUES (431, "Esse", "Forsberg", "019-657821", "2005-07-26);
INSERT INTO nurse (employeeid) VALUES (431);
INSERT INTO nurse_specialization(employee_id, specialization_id) VALUES (431, 16);
INSERT INTO employee (employeeid, first_name, last_name, telephone_number, date_of_employment)VALUES (432, "Ritva", "Magnusson", "019-078706", "2014-06-15);
INSERT INTO assistant_nurse (employeeid) VALUES (432);
INSERT INTO employee (employeeid, first_name, last_name, telephone_number, date_of_employment)VALUES (433, "Elena", "Ekström", "077-861671", "2013-01-09);
INSERT INTO nurse (employeeid) VALUES (433);
INSERT INTO nurse_specialization(employee_id, specialization_id) VALUES (433, 12);
INSERT INTO employee (employeeid, first_name, last_name, telephone_number, date_of_employment)VALUES (434, "Aslög", "Ivarsson", "078-584148", "2005-05-20);
INSERT INTO doctor (employeeid) VALUES (434);
INSERT INTO doctor_specialization(employeeid, specializationid) VALUES (434, 7);
INSERT INTO employee (employeeid, first_name, last_name, telephone_number, date_of_employment)VALUES (435, "Åsa", "Samuelsson", "033-646160", "2011-09-08);
INSERT INTO assistant_nurse (employeeid) VALUES (435);
INSERT INTO employee (employeeid, first_name, last_name, telephone_number, date_of_employment)VALUES (436, "August", "Karlsson", "070-477461", "2008-10-21);
INSERT INTO doctor (employeeid) VALUES (436);
INSERT INTO doctor_specialization(employeeid, specializationid) VALUES (436, 7);
INSERT INTO employee (employeeid, first_name, last_name, telephone_number, date_of_employment)VALUES (437, "Gisela", "Bergström", "011-677024", "2005-02-16);
INSERT INTO assistant_nurse (employeeid) VALUES (437);
INSERT INTO employee (employeeid, first_name, last_name, telephone_number, date_of_employment)VALUES (438, "Guillermo", "Norberg", "035-802871", "2008-12-28);
INSERT INTO doctor (employeeid) VALUES (438);
INSERT INTO doctor_specialization(employeeid, specializationid) VALUES (438, 15);
INSERT INTO employee (employeeid, first_name, last_name, telephone_number, date_of_employment)VALUES (439, "Pelle", "Ivarsson", "035-836356", "2010-07-18);
INSERT INTO nurse (employeeid) VALUES (439);
INSERT INTO nurse_specialization(employee_id, specialization_id) VALUES (439, 16);
INSERT INTO employee (employeeid, first_name, last_name, telephone_number, date_of_employment)VALUES (440, "Antonius", "Henriksson", "040-344650", "2006-06-09);
INSERT INTO nurse (employeeid) VALUES (440);

INSERT INTO employee (employeeid, first_name, last_name, telephone_number, date_of_employment)VALUES (441, "Birgitte", "Andreasson", "044-484834", "2013-07-01);
INSERT INTO doctor (employeeid) VALUES (441);
INSERT INTO doctor_specialization(employeeid, specializationid) VALUES (441, 11);
INSERT INTO employee (employeeid, first_name, last_name, telephone_number, date_of_employment)VALUES (442, "Essie", "Lindqvist", "044-373331", "2005-09-15);
INSERT INTO doctor (employeeid) VALUES (442);
INSERT INTO doctor_specialization(employeeid, specializationid) VALUES (442, 5);
INSERT INTO employee (employeeid, first_name, last_name, telephone_number, date_of_employment)VALUES (443, "Jimi", "Lundström", "018-347366", "2009-12-23);
INSERT INTO nurse (employeeid) VALUES (443);
INSERT INTO nurse_specialization(employee_id, specialization_id) VALUES (443, 10);
INSERT INTO employee (employeeid, first_name, last_name, telephone_number, date_of_employment)VALUES (444, "José", "Andreasson", "040-122830", "2006-06-22);
INSERT INTO assistant_nurse (employeeid) VALUES (444);
INSERT INTO employee (employeeid, first_name, last_name, telephone_number, date_of_employment)VALUES (445, "Ioannis", "Bergman", "042-015728", "2007-09-16);
INSERT INTO nurse (employeeid) VALUES (445);
INSERT INTO nurse_specialization(employee_id, specialization_id) VALUES (445, 6);
INSERT INTO employee (employeeid, first_name, last_name, telephone_number, date_of_employment)VALUES (446, "Svea", "Pålsson", "036-474721", "2011-12-18);
INSERT INTO doctor (employeeid) VALUES (446);
INSERT INTO doctor_specialization(employeeid, specializationid) VALUES (446, 10);
INSERT INTO employee (employeeid, first_name, last_name, telephone_number, date_of_employment)VALUES (447, "Valfrida", "Åkesson", "031-620457", "2008-07-15);
INSERT INTO nurse (employeeid) VALUES (447);

INSERT INTO employee (employeeid, first_name, last_name, telephone_number, date_of_employment)VALUES (448, "Hjördis", "Bergman", "042-412101", "2011-02-25);
INSERT INTO assistant_nurse (employeeid) VALUES (448);
INSERT INTO employee (employeeid, first_name, last_name, telephone_number, date_of_employment)VALUES (449, "Julius", "Wallin", "033-382574", "2012-01-05);
INSERT INTO doctor (employeeid) VALUES (449);
INSERT INTO doctor_specialization(employeeid, specializationid) VALUES (449, 13);
INSERT INTO employee (employeeid, first_name, last_name, telephone_number, date_of_employment)VALUES (450, "Francesco", "Hermansson", "046-682338", "2011-10-29);
INSERT INTO assistant_nurse (employeeid) VALUES (450);
INSERT INTO employee (employeeid, first_name, last_name, telephone_number, date_of_employment)VALUES (451, "Eberhard", "Magnusson", "074-038141", "2007-05-21);
INSERT INTO assistant_nurse (employeeid) VALUES (451);
INSERT INTO employee (employeeid, first_name, last_name, telephone_number, date_of_employment)VALUES (452, "Stephanie", "Nordström", "016-221432", "2012-05-31);
INSERT INTO doctor (employeeid) VALUES (452);
INSERT INTO doctor_specialization(employeeid, specializationid) VALUES (452, 8);
INSERT INTO employee (employeeid, first_name, last_name, telephone_number, date_of_employment)VALUES (453, "Esa", "Bengtsson", "042-050045", "2011-12-11);
INSERT INTO doctor (employeeid) VALUES (453);
INSERT INTO doctor_specialization(employeeid, specializationid) VALUES (453, 16);
INSERT INTO employee (employeeid, first_name, last_name, telephone_number, date_of_employment)VALUES (454, "Bertina", "Olsson", "073-146503", "2005-11-10);
INSERT INTO doctor (employeeid) VALUES (454);
INSERT INTO doctor_specialization(employeeid, specializationid) VALUES (454, 6);
INSERT INTO employee (employeeid, first_name, last_name, telephone_number, date_of_employment)VALUES (455, "Birger", "Johansson", "074-417026", "2011-12-26);
INSERT INTO doctor (employeeid) VALUES (455);

INSERT INTO employee (employeeid, first_name, last_name, telephone_number, date_of_employment)VALUES (456, "Vendela", "Sundqvist", "035-783271", "2008-07-11);
INSERT INTO nurse (employeeid) VALUES (456);
INSERT INTO nurse_specialization(employee_id, specialization_id) VALUES (456, 6);
INSERT INTO employee (employeeid, first_name, last_name, telephone_number, date_of_employment)VALUES (457, "Martti", "Henriksson", "026-636541", "2010-06-19);
INSERT INTO nurse (employeeid) VALUES (457);
INSERT INTO nurse_specialization(employee_id, specialization_id) VALUES (457, 14);
INSERT INTO employee (employeeid, first_name, last_name, telephone_number, date_of_employment)VALUES (458, "Isabella", "Bergman", "042-166758", "2010-06-24);
INSERT INTO assistant_nurse (employeeid) VALUES (458);
INSERT INTO employee (employeeid, first_name, last_name, telephone_number, date_of_employment)VALUES (459, "Elina", "Wallin", "075-300100", "2008-03-28);
INSERT INTO assistant_nurse (employeeid) VALUES (459);
INSERT INTO employee (employeeid, first_name, last_name, telephone_number, date_of_employment)VALUES (460, "Göran", "Sandström", "074-703541", "2011-05-02);
INSERT INTO assistant_nurse (employeeid) VALUES (460);
INSERT INTO employee (employeeid, first_name, last_name, telephone_number, date_of_employment)VALUES (461, "Anton", "Axelsson", "019-217827", "2010-11-02);
INSERT INTO assistant_nurse (employeeid) VALUES (461);
INSERT INTO employee (employeeid, first_name, last_name, telephone_number, date_of_employment)VALUES (462, "Moje", "Sundström", "046-076143", "2013-03-03);
INSERT INTO assistant_nurse (employeeid) VALUES (462);
INSERT INTO employee (employeeid, first_name, last_name, telephone_number, date_of_employment)VALUES (463, "Manuela", "Johansson", "076-874751", "2010-12-02);
INSERT INTO nurse (employeeid) VALUES (463);
INSERT INTO nurse_specialization(employee_id, specialization_id) VALUES (463, 6);
INSERT INTO employee (employeeid, first_name, last_name, telephone_number, date_of_employment)VALUES (464, "Gittan", "Andreasson", "077-251862", "2014-03-21);
INSERT INTO nurse (employeeid) VALUES (464);
INSERT INTO nurse_specialization(employee_id, specialization_id) VALUES (464, 14);
INSERT INTO employee (employeeid, first_name, last_name, telephone_number, date_of_employment)VALUES (465, "Rut", "Lind", "023-825278", "2014-04-12);
INSERT INTO doctor (employeeid) VALUES (465);
INSERT INTO doctor_specialization(employeeid, specializationid) VALUES (465, 12);
INSERT INTO employee (employeeid, first_name, last_name, telephone_number, date_of_employment)VALUES (466, "Jane", "Sundström", "019-232482", "2006-06-21);
INSERT INTO assistant_nurse (employeeid) VALUES (466);
INSERT INTO employee (employeeid, first_name, last_name, telephone_number, date_of_employment)VALUES (467, "Enar", "Sundberg", "075-346510", "2011-11-28);
INSERT INTO assistant_nurse (employeeid) VALUES (467);
INSERT INTO employee (employeeid, first_name, last_name, telephone_number, date_of_employment)VALUES (468, "Magne", "Sundström", "042-851338", "2007-09-06);
INSERT INTO nurse (employeeid) VALUES (468);

INSERT INTO employee (employeeid, first_name, last_name, telephone_number, date_of_employment)VALUES (469, "Rosina", "Berg", "044-642621", "2012-10-10);
INSERT INTO doctor (employeeid) VALUES (469);

INSERT INTO employee (employeeid, first_name, last_name, telephone_number, date_of_employment)VALUES (470, "Greta", "Martinsson", "072-504745", "2010-10-23);
INSERT INTO doctor (employeeid) VALUES (470);
INSERT INTO doctor_specialization(employeeid, specializationid) VALUES (470, 4);
INSERT INTO employee (employeeid, first_name, last_name, telephone_number, date_of_employment)VALUES (471, "Lennart", "Arvidsson", "073-254784", "2005-09-14);
INSERT INTO nurse (employeeid) VALUES (471);
INSERT INTO nurse_specialization(employee_id, specialization_id) VALUES (471, 5);
INSERT INTO employee (employeeid, first_name, last_name, telephone_number, date_of_employment)VALUES (472, "Heinz", "Nordin", "026-887445", "2005-01-16);
INSERT INTO assistant_nurse (employeeid) VALUES (472);
INSERT INTO employee (employeeid, first_name, last_name, telephone_number, date_of_employment)VALUES (473, "Algot", "Hellström", "035-716714", "2010-08-07);
INSERT INTO nurse (employeeid) VALUES (473);
INSERT INTO nurse_specialization(employee_id, specialization_id) VALUES (473, 6);
INSERT INTO employee (employeeid, first_name, last_name, telephone_number, date_of_employment)VALUES (474, "Enrique", "Ström", "021-340186", "2014-08-29);
INSERT INTO assistant_nurse (employeeid) VALUES (474);
INSERT INTO employee (employeeid, first_name, last_name, telephone_number, date_of_employment)VALUES (475, "Valde", "Sandberg", "073-166758", "2006-06-17);
INSERT INTO assistant_nurse (employeeid) VALUES (475);
INSERT INTO employee (employeeid, first_name, last_name, telephone_number, date_of_employment)VALUES (476, "Pia", "Norberg", "035-600274", "2007-07-16);
INSERT INTO doctor (employeeid) VALUES (476);
INSERT INTO doctor_specialization(employeeid, specializationid) VALUES (476, 10);
INSERT INTO employee (employeeid, first_name, last_name, telephone_number, date_of_employment)VALUES (477, "Francis", "Björklund", "016-766678", "2012-10-07);
INSERT INTO nurse (employeeid) VALUES (477);
INSERT INTO nurse_specialization(employee_id, specialization_id) VALUES (477, 16);
INSERT INTO employee (employeeid, first_name, last_name, telephone_number, date_of_employment)VALUES (478, "Louisa", "Nordström", "090-088473", "2005-10-26);
INSERT INTO assistant_nurse (employeeid) VALUES (478);
INSERT INTO employee (employeeid, first_name, last_name, telephone_number, date_of_employment)VALUES (479, "Kari", "Magnusson", "076-801238", "2009-10-17);
INSERT INTO assistant_nurse (employeeid) VALUES (479);
INSERT INTO employee (employeeid, first_name, last_name, telephone_number, date_of_employment)VALUES (480, "Esteban", "Ek", "070-580623", "2012-10-06);
INSERT INTO nurse (employeeid) VALUES (480);
INSERT INTO nurse_specialization(employee_id, specialization_id) VALUES (480, 4);
INSERT INTO employee (employeeid, first_name, last_name, telephone_number, date_of_employment)VALUES (481, "Mait", "Bergqvist", "023-422071", "2013-04-10);
INSERT INTO nurse (employeeid) VALUES (481);
INSERT INTO nurse_specialization(employee_id, specialization_id) VALUES (481, 2);
INSERT INTO employee (employeeid, first_name, last_name, telephone_number, date_of_employment)VALUES (482, "Barbro", "Lundin", "031-882117", "2012-03-16);
INSERT INTO doctor (employeeid) VALUES (482);
INSERT INTO doctor_specialization(employeeid, specializationid) VALUES (482, 2);
INSERT INTO employee (employeeid, first_name, last_name, telephone_number, date_of_employment)VALUES (483, "Jörn", "Månsson", "042-331858", "2006-05-23);
INSERT INTO doctor (employeeid) VALUES (483);

INSERT INTO employee (employeeid, first_name, last_name, telephone_number, date_of_employment)VALUES (484, "Alf", "Holm", "044-685053", "2010-02-01);
INSERT INTO nurse (employeeid) VALUES (484);
INSERT INTO nurse_specialization(employee_id, specialization_id) VALUES (484, 11);
INSERT INTO employee (employeeid, first_name, last_name, telephone_number, date_of_employment)VALUES (485, "Benni", "Norberg", "076-083473", "2012-05-18);
INSERT INTO nurse (employeeid) VALUES (485);
INSERT INTO nurse_specialization(employee_id, specialization_id) VALUES (485, 11);
INSERT INTO employee (employeeid, first_name, last_name, telephone_number, date_of_employment)VALUES (486, "Gunvor", "Gunnarsson", "026-065486", "2008-09-25);
INSERT INTO doctor (employeeid) VALUES (486);
INSERT INTO doctor_specialization(employeeid, specializationid) VALUES (486, 15);
INSERT INTO employee (employeeid, first_name, last_name, telephone_number, date_of_employment)VALUES (487, "Pavel", "Åkesson", "011-735416", "2005-05-08);
INSERT INTO nurse (employeeid) VALUES (487);

INSERT INTO employee (employeeid, first_name, last_name, telephone_number, date_of_employment)VALUES (488, "Hermina", "Isaksson", "019-516504", "2012-07-31);
INSERT INTO nurse (employeeid) VALUES (488);

INSERT INTO employee (employeeid, first_name, last_name, telephone_number, date_of_employment)VALUES (489, "Jon", "Mårtensson", "074-802646", "2012-11-19);
INSERT INTO assistant_nurse (employeeid) VALUES (489);
INSERT INTO employee (employeeid, first_name, last_name, telephone_number, date_of_employment)VALUES (490, "Amelia", "Lindberg", "078-070872", "2006-03-29);
INSERT INTO doctor (employeeid) VALUES (490);
INSERT INTO doctor_specialization(employeeid, specializationid) VALUES (490, 8);
INSERT INTO employee (employeeid, first_name, last_name, telephone_number, date_of_employment)VALUES (491, "Mariana", "Hansson", "060-064557", "2013-02-07);
INSERT INTO nurse (employeeid) VALUES (491);

INSERT INTO employee (employeeid, first_name, last_name, telephone_number, date_of_employment)VALUES (492, "Konstantia", "Berg", "011-243734", "2007-12-01);
INSERT INTO doctor (employeeid) VALUES (492);
INSERT INTO doctor_specialization(employeeid, specializationid) VALUES (492, 3);
INSERT INTO employee (employeeid, first_name, last_name, telephone_number, date_of_employment)VALUES (493, "Alejandra", "Lundqvist", "031-158422", "2013-05-03);
INSERT INTO assistant_nurse (employeeid) VALUES (493);
INSERT INTO employee (employeeid, first_name, last_name, telephone_number, date_of_employment)VALUES (494, "Teodor", "Lindberg", "023-226575", "2012-02-19);
INSERT INTO nurse (employeeid) VALUES (494);
INSERT INTO nurse_specialization(employee_id, specialization_id) VALUES (494, 12);
INSERT INTO employee (employeeid, first_name, last_name, telephone_number, date_of_employment)VALUES (495, "Fritz", "Blomqvist", "026-377284", "2009-04-06);
INSERT INTO assistant_nurse (employeeid) VALUES (495);
INSERT INTO employee (employeeid, first_name, last_name, telephone_number, date_of_employment)VALUES (496, "Märit", "Olofsson", "044-028230", "2006-02-14);
INSERT INTO doctor (employeeid) VALUES (496);
INSERT INTO doctor_specialization(employeeid, specializationid) VALUES (496, 10);
INSERT INTO employee (employeeid, first_name, last_name, telephone_number, date_of_employment)VALUES (497, "Yrsa", "Engström", "040-882730", "2007-12-24);
INSERT INTO nurse (employeeid) VALUES (497);
INSERT INTO nurse_specialization(employee_id, specialization_id) VALUES (497, 10);
INSERT INTO employee (employeeid, first_name, last_name, telephone_number, date_of_employment)VALUES (498, "Juan", "Andreasson", "073-406837", "2011-12-04);
INSERT INTO assistant_nurse (employeeid) VALUES (498);
INSERT INTO employee (employeeid, first_name, last_name, telephone_number, date_of_employment)VALUES (499, "Riitta", "Wallin", "021-002742", "2010-02-24);
INSERT INTO nurse (employeeid) VALUES (499);
INSERT INTO nurse_specialization(employee_id, specialization_id) VALUES (499, 4);
INSERT INTO employee (employeeid, first_name, last_name, telephone_number, date_of_employment)VALUES (500, "Antoni", "Wikström", "035-640244", "2010-06-13);
INSERT INTO doctor (employeeid) VALUES (500);
INSERT INTO doctor_specialization(employeeid, specializationid) VALUES (500, 13);
INSERT INTO employee (employeeid, first_name, last_name, telephone_number, date_of_employment)VALUES (501, "Adam", "Sandberg", "078-280252", "2014-06-17);
INSERT INTO nurse (employeeid) VALUES (501);
INSERT INTO nurse_specialization(employee_id, specialization_id) VALUES (501, 3);
INSERT INTO employee (employeeid, first_name, last_name, telephone_number, date_of_employment)VALUES (502, "Lizzie", "Eriksson", "019-484616", "2007-06-20);
INSERT INTO assistant_nurse (employeeid) VALUES (502);
INSERT INTO employee (employeeid, first_name, last_name, telephone_number, date_of_employment)VALUES (503, "Meit", "Isaksson", "060-886202", "2011-08-29);
INSERT INTO nurse (employeeid) VALUES (503);

INSERT INTO employee (employeeid, first_name, last_name, telephone_number, date_of_employment)VALUES (504, "Gullie", "Lindgren", "072-870511", "2008-02-11);
INSERT INTO nurse (employeeid) VALUES (504);
INSERT INTO nurse_specialization(employee_id, specialization_id) VALUES (504, 6);
INSERT INTO employee (employeeid, first_name, last_name, telephone_number, date_of_employment)VALUES (505, "Lene", "Larsson", "072-323674", "2009-07-24);
INSERT INTO assistant_nurse (employeeid) VALUES (505);
INSERT INTO employee (employeeid, first_name, last_name, telephone_number, date_of_employment)VALUES (506, "Freddy", "Andersson", "072-787175", "2005-09-09);
INSERT INTO nurse (employeeid) VALUES (506);
INSERT INTO nurse_specialization(employee_id, specialization_id) VALUES (506, 2);
INSERT INTO employee (employeeid, first_name, last_name, telephone_number, date_of_employment)VALUES (507, "Claire", "Olsson", "090-214758", "2010-11-12);
INSERT INTO assistant_nurse (employeeid) VALUES (507);
INSERT INTO employee (employeeid, first_name, last_name, telephone_number, date_of_employment)VALUES (508, "Evelyn", "Pettersson", "033-180833", "2012-02-21);
INSERT INTO assistant_nurse (employeeid) VALUES (508);
INSERT INTO employee (employeeid, first_name, last_name, telephone_number, date_of_employment)VALUES (509, "Gullie", "Danielsson", "011-203662", "2013-11-03);
INSERT INTO nurse (employeeid) VALUES (509);
INSERT INTO nurse_specialization(employee_id, specialization_id) VALUES (509, 1);
INSERT INTO employee (employeeid, first_name, last_name, telephone_number, date_of_employment)VALUES (510, "Bodil", "Bergqvist", "026-224264", "2010-11-20);
INSERT INTO nurse (employeeid) VALUES (510);
INSERT INTO nurse_specialization(employee_id, specialization_id) VALUES (510, 5);
INSERT INTO employee (employeeid, first_name, last_name, telephone_number, date_of_employment)VALUES (511, "Alf", "Månsson", "042-810635", "2014-04-15);
INSERT INTO nurse (employeeid) VALUES (511);
INSERT INTO nurse_specialization(employee_id, specialization_id) VALUES (511, 1);
INSERT INTO employee (employeeid, first_name, last_name, telephone_number, date_of_employment)VALUES (512, "Erling", "Söderberg", "076-242581", "2007-02-07);
INSERT INTO nurse (employeeid) VALUES (512);

INSERT INTO employee (employeeid, first_name, last_name, telephone_number, date_of_employment)VALUES (513, "Johanna", "Ström", "019-865452", "2010-08-07);
INSERT INTO assistant_nurse (employeeid) VALUES (513);
INSERT INTO employee (employeeid, first_name, last_name, telephone_number, date_of_employment)VALUES (514, "Sivar", "Jakobsson", "036-847708", "2014-01-06);
INSERT INTO nurse (employeeid) VALUES (514);
INSERT INTO nurse_specialization(employee_id, specialization_id) VALUES (514, 14);
INSERT INTO employee (employeeid, first_name, last_name, telephone_number, date_of_employment)VALUES (515, "Torfrid", "Andersson", "019-666755", "2011-09-12);
INSERT INTO assistant_nurse (employeeid) VALUES (515);
INSERT INTO employee (employeeid, first_name, last_name, telephone_number, date_of_employment)VALUES (516, "Valdemar", "Lindström", "026-734861", "2007-08-16);
INSERT INTO nurse (employeeid) VALUES (516);

INSERT INTO employee (employeeid, first_name, last_name, telephone_number, date_of_employment)VALUES (517, "Agata", "Forsberg", "078-838261", "2014-04-04);
INSERT INTO doctor (employeeid) VALUES (517);
INSERT INTO doctor_specialization(employeeid, specializationid) VALUES (517, 14);
INSERT INTO employee (employeeid, first_name, last_name, telephone_number, date_of_employment)VALUES (518, "Christel", "Lindberg", "090-814142", "2005-11-09);
INSERT INTO nurse (employeeid) VALUES (518);
INSERT INTO nurse_specialization(employee_id, specialization_id) VALUES (518, 6);
INSERT INTO employee (employeeid, first_name, last_name, telephone_number, date_of_employment)VALUES (519, "Julius", "Lind", "063-084635", "2011-05-05);
INSERT INTO assistant_nurse (employeeid) VALUES (519);
INSERT INTO employee (employeeid, first_name, last_name, telephone_number, date_of_employment)VALUES (520, "Amalia", "Wallin", "033-083554", "2009-06-13);
INSERT INTO nurse (employeeid) VALUES (520);
INSERT INTO nurse_specialization(employee_id, specialization_id) VALUES (520, 2);
INSERT INTO employee (employeeid, first_name, last_name, telephone_number, date_of_employment)VALUES (521, "Iren", "Björklund", "063-310283", "2012-11-13);
INSERT INTO assistant_nurse (employeeid) VALUES (521);
INSERT INTO employee (employeeid, first_name, last_name, telephone_number, date_of_employment)VALUES (522, "Lis", "Berggren", "040-714685", "2011-07-27);
INSERT INTO doctor (employeeid) VALUES (522);

INSERT INTO employee (employeeid, first_name, last_name, telephone_number, date_of_employment)VALUES (523, "Herman", "Viklund", "077-007823", "2009-12-04);
INSERT INTO nurse (employeeid) VALUES (523);

INSERT INTO employee (employeeid, first_name, last_name, telephone_number, date_of_employment)VALUES (524, "Malin", "Engström", "035-617376", "2005-12-13);
INSERT INTO nurse (employeeid) VALUES (524);
INSERT INTO nurse_specialization(employee_id, specialization_id) VALUES (524, 7);
INSERT INTO employee (employeeid, first_name, last_name, telephone_number, date_of_employment)VALUES (525, "Eugenia", "Jonasson", "090-308135", "2013-07-19);
INSERT INTO nurse (employeeid) VALUES (525);

INSERT INTO employee (employeeid, first_name, last_name, telephone_number, date_of_employment)VALUES (526, "Clarie", "Forsberg", "040-846138", "2005-12-05);
INSERT INTO nurse (employeeid) VALUES (526);
INSERT INTO nurse_specialization(employee_id, specialization_id) VALUES (526, 13);
INSERT INTO employee (employeeid, first_name, last_name, telephone_number, date_of_employment)VALUES (527, "Jimi", "Lindström", "075-412182", "2007-08-08);
INSERT INTO doctor (employeeid) VALUES (527);
INSERT INTO doctor_specialization(employeeid, specializationid) VALUES (527, 3);
INSERT INTO employee (employeeid, first_name, last_name, telephone_number, date_of_employment)VALUES (528, "Jenni", "Andersson", "018-401546", "2013-06-14);
INSERT INTO assistant_nurse (employeeid) VALUES (528);
INSERT INTO employee (employeeid, first_name, last_name, telephone_number, date_of_employment)VALUES (529, "Alvina", "Magnusson", "070-767637", "2012-12-26);
INSERT INTO nurse (employeeid) VALUES (529);
INSERT INTO nurse_specialization(employee_id, specialization_id) VALUES (529, 10);
INSERT INTO employee (employeeid, first_name, last_name, telephone_number, date_of_employment)VALUES (530, "Magnhild", "Isaksson", "018-384168", "2006-03-08);
INSERT INTO doctor (employeeid) VALUES (530);

INSERT INTO employee (employeeid, first_name, last_name, telephone_number, date_of_employment)VALUES (531, "Grete", "Holm", "016-308731", "2013-10-27);
INSERT INTO assistant_nurse (employeeid) VALUES (531);
INSERT INTO employee (employeeid, first_name, last_name, telephone_number, date_of_employment)VALUES (532, "Angela", "Lundberg", "018-370213", "2005-02-10);
INSERT INTO doctor (employeeid) VALUES (532);
INSERT INTO doctor_specialization(employeeid, specializationid) VALUES (532, 15);
INSERT INTO employee (employeeid, first_name, last_name, telephone_number, date_of_employment)VALUES (533, "Patrik", "Martinsson", "021-756642", "2008-10-07);
INSERT INTO nurse (employeeid) VALUES (533);
INSERT INTO nurse_specialization(employee_id, specialization_id) VALUES (533, 1);
INSERT INTO employee (employeeid, first_name, last_name, telephone_number, date_of_employment)VALUES (534, "Vincent", "Claesson", "042-402262", "2010-02-03);
INSERT INTO doctor (employeeid) VALUES (534);
INSERT INTO doctor_specialization(employeeid, specializationid) VALUES (534, 10);
INSERT INTO employee (employeeid, first_name, last_name, telephone_number, date_of_employment)VALUES (535, "Alva", "Fransson", "077-874683", "2013-11-22);
INSERT INTO doctor (employeeid) VALUES (535);
INSERT INTO doctor_specialization(employeeid, specializationid) VALUES (535, 15);
INSERT INTO employee (employeeid, first_name, last_name, telephone_number, date_of_employment)VALUES (536, "Maximilian", "Lindström", "021-185257", "2013-01-21);
INSERT INTO nurse (employeeid) VALUES (536);
INSERT INTO nurse_specialization(employee_id, specialization_id) VALUES (536, 1);
INSERT INTO employee (employeeid, first_name, last_name, telephone_number, date_of_employment)VALUES (537, "Magnhild", "Åström", "044-866131", "2007-10-10);
INSERT INTO doctor (employeeid) VALUES (537);
INSERT INTO doctor_specialization(employeeid, specializationid) VALUES (537, 5);
INSERT INTO employee (employeeid, first_name, last_name, telephone_number, date_of_employment)VALUES (538, "Gunni", "Gunnarsson", "040-427810", "2005-05-05);
INSERT INTO assistant_nurse (employeeid) VALUES (538);
INSERT INTO employee (employeeid, first_name, last_name, telephone_number, date_of_employment)VALUES (539, "Severin", "Engström", "063-537827", "2012-07-29);
INSERT INTO doctor (employeeid) VALUES (539);
INSERT INTO doctor_specialization(employeeid, specializationid) VALUES (539, 7);
INSERT INTO employee (employeeid, first_name, last_name, telephone_number, date_of_employment)VALUES (540, "Ragnvald", "Bergqvist", "075-128662", "2008-03-08);
INSERT INTO doctor (employeeid) VALUES (540);

INSERT INTO employee (employeeid, first_name, last_name, telephone_number, date_of_employment)VALUES (541, "Hans", "Eliasson", "035-847884", "2005-11-03);
INSERT INTO doctor (employeeid) VALUES (541);
INSERT INTO doctor_specialization(employeeid, specializationid) VALUES (541, 8);
INSERT INTO employee (employeeid, first_name, last_name, telephone_number, date_of_employment)VALUES (542, "Adelia", "Engström", "046-438532", "2007-10-04);
INSERT INTO nurse (employeeid) VALUES (542);
INSERT INTO nurse_specialization(employee_id, specialization_id) VALUES (542, 4);
INSERT INTO employee (employeeid, first_name, last_name, telephone_number, date_of_employment)VALUES (543, "Sylvester", "Magnusson", "023-277363", "2013-08-13);
INSERT INTO doctor (employeeid) VALUES (543);
INSERT INTO doctor_specialization(employeeid, specializationid) VALUES (543, 14);
INSERT INTO employee (employeeid, first_name, last_name, telephone_number, date_of_employment)VALUES (544, "Jan", "Sundberg", "074-815486", "2006-05-15);
INSERT INTO nurse (employeeid) VALUES (544);
INSERT INTO nurse_specialization(employee_id, specialization_id) VALUES (544, 3);
INSERT INTO employee (employeeid, first_name, last_name, telephone_number, date_of_employment)VALUES (545, "Isa", "Lundin", "018-807215", "2012-10-19);
INSERT INTO assistant_nurse (employeeid) VALUES (545);
INSERT INTO employee (employeeid, first_name, last_name, telephone_number, date_of_employment)VALUES (546, "Elny", "Wallin", "018-052265", "2005-01-15);
INSERT INTO doctor (employeeid) VALUES (546);
INSERT INTO doctor_specialization(employeeid, specializationid) VALUES (546, 6);
INSERT INTO employee (employeeid, first_name, last_name, telephone_number, date_of_employment)VALUES (547, "Annelie", "Jönsson", "019-241370", "2011-12-21);
INSERT INTO assistant_nurse (employeeid) VALUES (547);
INSERT INTO employee (employeeid, first_name, last_name, telephone_number, date_of_employment)VALUES (548, "Simone", "Lundström", "042-608053", "2006-02-13);
INSERT INTO assistant_nurse (employeeid) VALUES (548);
INSERT INTO employee (employeeid, first_name, last_name, telephone_number, date_of_employment)VALUES (549, "Bertil", "Sandström", "077-073702", "2010-03-10);
INSERT INTO doctor (employeeid) VALUES (549);
INSERT INTO doctor_specialization(employeeid, specializationid) VALUES (549, 16);
INSERT INTO employee (employeeid, first_name, last_name, telephone_number, date_of_employment)VALUES (550, "Sture", "Holmgren", "076-831638", "2009-02-14);
INSERT INTO nurse (employeeid) VALUES (550);

INSERT INTO employee (employeeid, first_name, last_name, telephone_number, date_of_employment)VALUES (551, "Markus", "Fransson", "060-887445", "2008-12-24);
INSERT INTO doctor (employeeid) VALUES (551);
INSERT INTO doctor_specialization(employeeid, specializationid) VALUES (551, 11);
INSERT INTO employee (employeeid, first_name, last_name, telephone_number, date_of_employment)VALUES (552, "Alrik", "Gustafsson", "023-366561", "2007-12-08);
INSERT INTO doctor (employeeid) VALUES (552);
INSERT INTO doctor_specialization(employeeid, specializationid) VALUES (552, 9);
INSERT INTO employee (employeeid, first_name, last_name, telephone_number, date_of_employment)VALUES (553, "Anselm", "Lindholm", "042-555873", "2012-10-13);
INSERT INTO assistant_nurse (employeeid) VALUES (553);
INSERT INTO employee (employeeid, first_name, last_name, telephone_number, date_of_employment)VALUES (554, "Lova", "Berggren", "011-743018", "2014-12-25);
INSERT INTO assistant_nurse (employeeid) VALUES (554);
INSERT INTO employee (employeeid, first_name, last_name, telephone_number, date_of_employment)VALUES (555, "Sture", "Olsson", "074-861447", "2012-02-14);
INSERT INTO assistant_nurse (employeeid) VALUES (555);
INSERT INTO employee (employeeid, first_name, last_name, telephone_number, date_of_employment)VALUES (556, "Manuel", "Bergqvist", "075-265786", "2013-07-19);
INSERT INTO nurse (employeeid) VALUES (556);
INSERT INTO nurse_specialization(employee_id, specialization_id) VALUES (556, 8);
INSERT INTO employee (employeeid, first_name, last_name, telephone_number, date_of_employment)VALUES (557, "Nea", "Sundström", "036-135602", "2008-01-11);
INSERT INTO assistant_nurse (employeeid) VALUES (557);
INSERT INTO employee (employeeid, first_name, last_name, telephone_number, date_of_employment)VALUES (558, "Botvid", "Wallin", "019-581258", "2009-11-13);
INSERT INTO assistant_nurse (employeeid) VALUES (558);
INSERT INTO employee (employeeid, first_name, last_name, telephone_number, date_of_employment)VALUES (559, "Andreas", "Löfgren", "031-443171", "2006-04-08);
INSERT INTO doctor (employeeid) VALUES (559);

INSERT INTO employee (employeeid, first_name, last_name, telephone_number, date_of_employment)VALUES (560, "Ingemar", "Sundberg", "023-328643", "2005-12-12);
INSERT INTO assistant_nurse (employeeid) VALUES (560);
INSERT INTO employee (employeeid, first_name, last_name, telephone_number, date_of_employment)VALUES (561, "Kathy", "Nordin", "035-620688", "2005-02-22);
INSERT INTO nurse (employeeid) VALUES (561);
INSERT INTO nurse_specialization(employee_id, specialization_id) VALUES (561, 15);
INSERT INTO employee (employeeid, first_name, last_name, telephone_number, date_of_employment)VALUES (562, "Dagny", "Nordström", "063-415836", "2006-07-01);
INSERT INTO assistant_nurse (employeeid) VALUES (562);
INSERT INTO employee (employeeid, first_name, last_name, telephone_number, date_of_employment)VALUES (563, "Engelbrekt", "Lund", "077-752748", "2014-07-02);
INSERT INTO assistant_nurse (employeeid) VALUES (563);
INSERT INTO employee (employeeid, first_name, last_name, telephone_number, date_of_employment)VALUES (564, "Gunnie", "Svensson", "016-008441", "2011-08-12);
INSERT INTO assistant_nurse (employeeid) VALUES (564);
INSERT INTO employee (employeeid, first_name, last_name, telephone_number, date_of_employment)VALUES (565, "Britte", "Danielsson", "040-187726", "2012-08-26);
INSERT INTO assistant_nurse (employeeid) VALUES (565);
INSERT INTO employee (employeeid, first_name, last_name, telephone_number, date_of_employment)VALUES (566, "Kennie", "Sundberg", "023-217047", "2006-09-19);
INSERT INTO doctor (employeeid) VALUES (566);
INSERT INTO doctor_specialization(employeeid, specializationid) VALUES (566, 1);
INSERT INTO employee (employeeid, first_name, last_name, telephone_number, date_of_employment)VALUES (567, "Lise", "Karlsson", "074-054018", "2013-06-06);
INSERT INTO nurse (employeeid) VALUES (567);
INSERT INTO nurse_specialization(employee_id, specialization_id) VALUES (567, 3);
INSERT INTO employee (employeeid, first_name, last_name, telephone_number, date_of_employment)VALUES (568, "Dagmar", "Karlsson", "074-546682", "2010-03-22);
INSERT INTO doctor (employeeid) VALUES (568);
INSERT INTO doctor_specialization(employeeid, specializationid) VALUES (568, 14);
INSERT INTO employee (employeeid, first_name, last_name, telephone_number, date_of_employment)VALUES (569, "Katinka", "Eklund", "073-314550", "2012-07-21);
INSERT INTO assistant_nurse (employeeid) VALUES (569);
INSERT INTO employee (employeeid, first_name, last_name, telephone_number, date_of_employment)VALUES (570, "Alicia", "Holm", "072-738256", "2014-07-26);
INSERT INTO assistant_nurse (employeeid) VALUES (570);
INSERT INTO employee (employeeid, first_name, last_name, telephone_number, date_of_employment)VALUES (571, "Laurens", "Engström", "011-710758", "2012-09-18);
INSERT INTO nurse (employeeid) VALUES (571);

INSERT INTO employee (employeeid, first_name, last_name, telephone_number, date_of_employment)VALUES (572, "Alvar", "Mårtensson", "073-468330", "2013-04-30);
INSERT INTO nurse (employeeid) VALUES (572);
INSERT INTO nurse_specialization(employee_id, specialization_id) VALUES (572, 3);
INSERT INTO employee (employeeid, first_name, last_name, telephone_number, date_of_employment)VALUES (573, "Mattias", "Fredriksson", "072-520311", "2012-03-13);
INSERT INTO nurse (employeeid) VALUES (573);
INSERT INTO nurse_specialization(employee_id, specialization_id) VALUES (573, 14);
INSERT INTO employee (employeeid, first_name, last_name, telephone_number, date_of_employment)VALUES (574, "Berit", "Berg", "011-171576", "2005-06-22);
INSERT INTO nurse (employeeid) VALUES (574);

INSERT INTO employee (employeeid, first_name, last_name, telephone_number, date_of_employment)VALUES (575, "Ebbe", "Nyberg", "019-347415", "2013-12-10);
INSERT INTO nurse (employeeid) VALUES (575);
INSERT INTO nurse_specialization(employee_id, specialization_id) VALUES (575, 1);
INSERT INTO employee (employeeid, first_name, last_name, telephone_number, date_of_employment)VALUES (576, "Irena", "Holm", "090-888821", "2006-07-05);
INSERT INTO doctor (employeeid) VALUES (576);
INSERT INTO doctor_specialization(employeeid, specializationid) VALUES (576, 12);
INSERT INTO employee (employeeid, first_name, last_name, telephone_number, date_of_employment)VALUES (577, "Berthold", "Söderberg", "018-303113", "2005-11-22);
INSERT INTO assistant_nurse (employeeid) VALUES (577);
INSERT INTO employee (employeeid, first_name, last_name, telephone_number, date_of_employment)VALUES (578, "Alfons", "Claesson", "033-222705", "2010-02-08);
INSERT INTO assistant_nurse (employeeid) VALUES (578);
INSERT INTO employee (employeeid, first_name, last_name, telephone_number, date_of_employment)VALUES (579, "Ante", "Danielsson", "011-534531", "2011-12-21);
INSERT INTO doctor (employeeid) VALUES (579);

INSERT INTO employee (employeeid, first_name, last_name, telephone_number, date_of_employment)VALUES (580, "Ina", "Olsson", "076-640763", "2007-07-05);
INSERT INTO nurse (employeeid) VALUES (580);
INSERT INTO nurse_specialization(employee_id, specialization_id) VALUES (580, 11);
INSERT INTO employee (employeeid, first_name, last_name, telephone_number, date_of_employment)VALUES (581, "Meit", "Lundström", "036-612182", "2008-03-29);
INSERT INTO nurse (employeeid) VALUES (581);

INSERT INTO employee (employeeid, first_name, last_name, telephone_number, date_of_employment)VALUES (582, "Mirja", "Bergström", "074-205121", "2013-10-20);
INSERT INTO assistant_nurse (employeeid) VALUES (582);
INSERT INTO employee (employeeid, first_name, last_name, telephone_number, date_of_employment)VALUES (583, "Francesco", "Lundgren", "073-401332", "2011-03-02);
INSERT INTO assistant_nurse (employeeid) VALUES (583);
INSERT INTO employee (employeeid, first_name, last_name, telephone_number, date_of_employment)VALUES (584, "Viola", "Ström", "018-683480", "2010-12-14);
INSERT INTO assistant_nurse (employeeid) VALUES (584);
INSERT INTO employee (employeeid, first_name, last_name, telephone_number, date_of_employment)VALUES (585, "Tyra", "Ekström", "040-640585", "2005-12-08);
INSERT INTO assistant_nurse (employeeid) VALUES (585);
INSERT INTO employee (employeeid, first_name, last_name, telephone_number, date_of_employment)VALUES (586, "Augusta", "Ekström", "023-843238", "2012-07-29);
INSERT INTO nurse (employeeid) VALUES (586);
INSERT INTO nurse_specialization(employee_id, specialization_id) VALUES (586, 10);
INSERT INTO employee (employeeid, first_name, last_name, telephone_number, date_of_employment)VALUES (587, "Tom", "Andersson", "040-307738", "2011-08-09);
INSERT INTO doctor (employeeid) VALUES (587);
INSERT INTO doctor_specialization(employeeid, specializationid) VALUES (587, 5);
INSERT INTO employee (employeeid, first_name, last_name, telephone_number, date_of_employment)VALUES (588, "Hildur", "Strömberg", "011-541024", "2008-08-16);
INSERT INTO nurse (employeeid) VALUES (588);
INSERT INTO nurse_specialization(employee_id, specialization_id) VALUES (588, 13);
INSERT INTO employee (employeeid, first_name, last_name, telephone_number, date_of_employment)VALUES (589, "Klas", "Isaksson", "036-888845", "2006-10-15);
INSERT INTO nurse (employeeid) VALUES (589);

INSERT INTO employee (employeeid, first_name, last_name, telephone_number, date_of_employment)VALUES (590, "Aino", "Lind", "077-025888", "2013-12-23);
INSERT INTO assistant_nurse (employeeid) VALUES (590);
INSERT INTO employee (employeeid, first_name, last_name, telephone_number, date_of_employment)VALUES (591, "Hedvig", "Forsberg", "077-836780", "2006-06-07);
INSERT INTO doctor (employeeid) VALUES (591);
INSERT INTO doctor_specialization(employeeid, specializationid) VALUES (591, 15);
INSERT INTO employee (employeeid, first_name, last_name, telephone_number, date_of_employment)VALUES (592, "Viktoria", "Nordin", "074-321571", "2011-05-21);
INSERT INTO nurse (employeeid) VALUES (592);
INSERT INTO nurse_specialization(employee_id, specialization_id) VALUES (592, 8);
INSERT INTO employee (employeeid, first_name, last_name, telephone_number, date_of_employment)VALUES (593, "Arent", "Sundqvist", "070-461417", "2008-02-19);
INSERT INTO nurse (employeeid) VALUES (593);
INSERT INTO nurse_specialization(employee_id, specialization_id) VALUES (593, 10);
INSERT INTO employee (employeeid, first_name, last_name, telephone_number, date_of_employment)VALUES (594, "Vivianne", "Lundberg", "074-806747", "2011-06-12);
INSERT INTO nurse (employeeid) VALUES (594);
INSERT INTO nurse_specialization(employee_id, specialization_id) VALUES (594, 14);
INSERT INTO employee (employeeid, first_name, last_name, telephone_number, date_of_employment)VALUES (595, "Petronella", "Berggren", "040-781443", "2008-03-20);
INSERT INTO nurse (employeeid) VALUES (595);
INSERT INTO nurse_specialization(employee_id, specialization_id) VALUES (595, 6);
INSERT INTO employee (employeeid, first_name, last_name, telephone_number, date_of_employment)VALUES (596, "Hannes", "Pettersson", "074-277606", "2007-02-19);
INSERT INTO assistant_nurse (employeeid) VALUES (596);
INSERT INTO employee (employeeid, first_name, last_name, telephone_number, date_of_employment)VALUES (597, "Karolin", "Holmqvist", "078-855404", "2008-03-15);
INSERT INTO assistant_nurse (employeeid) VALUES (597);
INSERT INTO employee (employeeid, first_name, last_name, telephone_number, date_of_employment)VALUES (598, "Lill", "Nordin", "036-766747", "2010-01-13);
INSERT INTO assistant_nurse (employeeid) VALUES (598);
INSERT INTO employee (employeeid, first_name, last_name, telephone_number, date_of_employment)VALUES (599, "Ville", "Berg", "063-117530", "2009-10-11);
INSERT INTO assistant_nurse (employeeid) VALUES (599);
INSERT INTO employee (employeeid, first_name, last_name, telephone_number, date_of_employment)VALUES (600, "Sixten", "Söderberg", "011-325663", "2009-07-15);
INSERT INTO nurse (employeeid) VALUES (600);
INSERT INTO nurse_specialization(employee_id, specialization_id) VALUES (600, 14);
INSERT INTO employee (employeeid, first_name, last_name, telephone_number, date_of_employment)VALUES (601, "Elisabet", "Holm", "060-847708", "2010-10-21);
INSERT INTO assistant_nurse (employeeid) VALUES (601);
INSERT INTO employee (employeeid, first_name, last_name, telephone_number, date_of_employment)VALUES (602, "Rosita", "Holmgren", "075-432200", "2008-02-01);
INSERT INTO assistant_nurse (employeeid) VALUES (602);
INSERT INTO employee (employeeid, first_name, last_name, telephone_number, date_of_employment)VALUES (603, "Meta", "Holmgren", "019-222705", "2009-01-22);
INSERT INTO nurse (employeeid) VALUES (603);

INSERT INTO employee (employeeid, first_name, last_name, telephone_number, date_of_employment)VALUES (604, "Heikki", "Jansson", "016-112868", "2006-11-10);
INSERT INTO nurse (employeeid) VALUES (604);
INSERT INTO nurse_specialization(employee_id, specialization_id) VALUES (604, 8);
INSERT INTO employee (employeeid, first_name, last_name, telephone_number, date_of_employment)VALUES (605, "Emelia", "Lundström", "077-030726", "2007-10-28);
INSERT INTO doctor (employeeid) VALUES (605);
INSERT INTO doctor_specialization(employeeid, specializationid) VALUES (605, 16);
INSERT INTO employee (employeeid, first_name, last_name, telephone_number, date_of_employment)VALUES (606, "Annette", "Magnusson", "073-201616", "2005-09-27);
INSERT INTO nurse (employeeid) VALUES (606);
INSERT INTO nurse_specialization(employee_id, specialization_id) VALUES (606, 13);
INSERT INTO employee (employeeid, first_name, last_name, telephone_number, date_of_employment)VALUES (607, "Kerttu", "Björklund", "026-340186", "2013-03-29);
INSERT INTO doctor (employeeid) VALUES (607);
INSERT INTO doctor_specialization(employeeid, specializationid) VALUES (607, 4);
INSERT INTO employee (employeeid, first_name, last_name, telephone_number, date_of_employment)VALUES (608, "Valter", "Holmgren", "044-647200", "2008-06-13);
INSERT INTO assistant_nurse (employeeid) VALUES (608);
INSERT INTO employee (employeeid, first_name, last_name, telephone_number, date_of_employment)VALUES (609, "Elias", "Lundström", "019-636843", "2009-08-14);
INSERT INTO assistant_nurse (employeeid) VALUES (609);
INSERT INTO employee (employeeid, first_name, last_name, telephone_number, date_of_employment)VALUES (610, "Jannie", "Bengtsson", "026-841135", "2012-06-02);
INSERT INTO assistant_nurse (employeeid) VALUES (610);
INSERT INTO employee (employeeid, first_name, last_name, telephone_number, date_of_employment)VALUES (611, "Hulda", "Sjögren", "074-722604", "2008-05-28);
INSERT INTO doctor (employeeid) VALUES (611);
INSERT INTO doctor_specialization(employeeid, specializationid) VALUES (611, 6);
INSERT INTO employee (employeeid, first_name, last_name, telephone_number, date_of_employment)VALUES (612, "Palle", "Åberg", "033-630413", "2010-12-10);
INSERT INTO assistant_nurse (employeeid) VALUES (612);
INSERT INTO employee (employeeid, first_name, last_name, telephone_number, date_of_employment)VALUES (613, "Frida", "Claesson", "019-804823", "2012-01-24);
INSERT INTO assistant_nurse (employeeid) VALUES (613);
INSERT INTO employee (employeeid, first_name, last_name, telephone_number, date_of_employment)VALUES (614, "Yvette", "Lindholm", "078-688417", "2005-04-01);
INSERT INTO assistant_nurse (employeeid) VALUES (614);
INSERT INTO employee (employeeid, first_name, last_name, telephone_number, date_of_employment)VALUES (615, "Görel", "Wikström", "073-646160", "2013-03-09);
INSERT INTO nurse (employeeid) VALUES (615);
INSERT INTO nurse_specialization(employee_id, specialization_id) VALUES (615, 3);
INSERT INTO employee (employeeid, first_name, last_name, telephone_number, date_of_employment)VALUES (616, "Sonny", "Gunnarsson", "040-683832", "2009-05-05);
INSERT INTO doctor (employeeid) VALUES (616);
INSERT INTO doctor_specialization(employeeid, specializationid) VALUES (616, 4);
INSERT INTO employee (employeeid, first_name, last_name, telephone_number, date_of_employment)VALUES (617, "Enrique", "Strömberg", "060-441164", "2006-11-20);
INSERT INTO assistant_nurse (employeeid) VALUES (617);
INSERT INTO employee (employeeid, first_name, last_name, telephone_number, date_of_employment)VALUES (618, "Dagny", "Öberg", "031-384168", "2007-01-06);
INSERT INTO doctor (employeeid) VALUES (618);
INSERT INTO doctor_specialization(employeeid, specializationid) VALUES (618, 8);
INSERT INTO employee (employeeid, first_name, last_name, telephone_number, date_of_employment)VALUES (619, "George", "Mårtensson", "075-221627", "2013-10-05);
INSERT INTO nurse (employeeid) VALUES (619);

INSERT INTO employee (employeeid, first_name, last_name, telephone_number, date_of_employment)VALUES (620, "Violetta", "Andersson", "016-482732", "2007-12-09);
INSERT INTO doctor (employeeid) VALUES (620);
INSERT INTO doctor_specialization(employeeid, specializationid) VALUES (620, 11);
INSERT INTO employee (employeeid, first_name, last_name, telephone_number, date_of_employment)VALUES (621, "Böret", "Nilsson", "060-363421", "2012-10-15);
INSERT INTO nurse (employeeid) VALUES (621);
INSERT INTO nurse_specialization(employee_id, specialization_id) VALUES (621, 1);
INSERT INTO employee (employeeid, first_name, last_name, telephone_number, date_of_employment)VALUES (622, "Kevin", "Johansson", "073-677808", "2013-07-02);
INSERT INTO nurse (employeeid) VALUES (622);

INSERT INTO employee (employeeid, first_name, last_name, telephone_number, date_of_employment)VALUES (623, "Helge", "Wallin", "063-881650", "2007-03-27);
INSERT INTO assistant_nurse (employeeid) VALUES (623);
INSERT INTO employee (employeeid, first_name, last_name, telephone_number, date_of_employment)VALUES (624, "Kasper", "Forsberg", "078-105233", "2011-06-08);
INSERT INTO assistant_nurse (employeeid) VALUES (624);
INSERT INTO employee (employeeid, first_name, last_name, telephone_number, date_of_employment)VALUES (625, "Ina", "Nyström", "035-210081", "2009-09-25);
INSERT INTO assistant_nurse (employeeid) VALUES (625);
INSERT INTO employee (employeeid, first_name, last_name, telephone_number, date_of_employment)VALUES (626, "Karsten", "Sandström", "023-822886", "2013-02-16);
INSERT INTO doctor (employeeid) VALUES (626);
INSERT INTO doctor_specialization(employeeid, specializationid) VALUES (626, 4);
INSERT INTO employee (employeeid, first_name, last_name, telephone_number, date_of_employment)VALUES (627, "Bessie", "Söderberg", "031-116220", "2013-03-05);
INSERT INTO doctor (employeeid) VALUES (627);
INSERT INTO doctor_specialization(employeeid, specializationid) VALUES (627, 16);
INSERT INTO employee (employeeid, first_name, last_name, telephone_number, date_of_employment)VALUES (628, "Nora", "Jonsson", "023-246818", "2011-10-04);
INSERT INTO nurse (employeeid) VALUES (628);
INSERT INTO nurse_specialization(employee_id, specialization_id) VALUES (628, 7);
INSERT INTO employee (employeeid, first_name, last_name, telephone_number, date_of_employment)VALUES (629, "Arnold", "Martinsson", "076-382382", "2013-10-10);
INSERT INTO assistant_nurse (employeeid) VALUES (629);
INSERT INTO employee (employeeid, first_name, last_name, telephone_number, date_of_employment)VALUES (630, "Dorit", "Holmberg", "035-046363", "2009-12-06);
INSERT INTO doctor (employeeid) VALUES (630);
INSERT INTO doctor_specialization(employeeid, specializationid) VALUES (630, 14);
INSERT INTO employee (employeeid, first_name, last_name, telephone_number, date_of_employment)VALUES (631, "Felipe", "Lind", "035-041387", "2012-11-18);
INSERT INTO nurse (employeeid) VALUES (631);
INSERT INTO nurse_specialization(employee_id, specialization_id) VALUES (631, 1);
INSERT INTO employee (employeeid, first_name, last_name, telephone_number, date_of_employment)VALUES (632, "Vendela", "Larsson", "018-065381", "2014-04-15);
INSERT INTO doctor (employeeid) VALUES (632);
INSERT INTO doctor_specialization(employeeid, specializationid) VALUES (632, 11);
INSERT INTO employee (employeeid, first_name, last_name, telephone_number, date_of_employment)VALUES (633, "Agneta", "Martinsson", "011-051161", "2013-07-09);
INSERT INTO doctor (employeeid) VALUES (633);
INSERT INTO doctor_specialization(employeeid, specializationid) VALUES (633, 11);
INSERT INTO employee (employeeid, first_name, last_name, telephone_number, date_of_employment)VALUES (634, "Kersti", "Holmberg", "075-055714", "2009-01-17);
INSERT INTO doctor (employeeid) VALUES (634);
INSERT INTO doctor_specialization(employeeid, specializationid) VALUES (634, 4);
INSERT INTO employee (employeeid, first_name, last_name, telephone_number, date_of_employment)VALUES (635, "Gabrielle", "Hermansson", "042-808341", "2010-07-07);
INSERT INTO nurse (employeeid) VALUES (635);
INSERT INTO nurse_specialization(employee_id, specialization_id) VALUES (635, 10);
INSERT INTO employee (employeeid, first_name, last_name, telephone_number, date_of_employment)VALUES (636, "Calla", "Abrahamsson", "090-202632", "2007-10-25);
INSERT INTO assistant_nurse (employeeid) VALUES (636);
INSERT INTO employee (employeeid, first_name, last_name, telephone_number, date_of_employment)VALUES (637, "Frida", "Wallin", "077-642621", "2013-11-04);
INSERT INTO nurse (employeeid) VALUES (637);

INSERT INTO employee (employeeid, first_name, last_name, telephone_number, date_of_employment)VALUES (638, "Liz", "Björk", "090-178014", "2013-09-04);
INSERT INTO nurse (employeeid) VALUES (638);
INSERT INTO nurse_specialization(employee_id, specialization_id) VALUES (638, 4);
INSERT INTO employee (employeeid, first_name, last_name, telephone_number, date_of_employment)VALUES (639, "Helma", "Viklund", "077-443171", "2012-02-21);
INSERT INTO assistant_nurse (employeeid) VALUES (639);
INSERT INTO employee (employeeid, first_name, last_name, telephone_number, date_of_employment)VALUES (640, "Moje", "Lundqvist", "011-187726", "2010-01-13);
INSERT INTO doctor (employeeid) VALUES (640);
INSERT INTO doctor_specialization(employeeid, specializationid) VALUES (640, 13);
INSERT INTO employee (employeeid, first_name, last_name, telephone_number, date_of_employment)VALUES (641, "Kate", "Holmqvist", "031-117014", "2010-11-26);
INSERT INTO assistant_nurse (employeeid) VALUES (641);
INSERT INTO employee (employeeid, first_name, last_name, telephone_number, date_of_employment)VALUES (642, "Uno", "Sundberg", "077-661426", "2010-03-15);
INSERT INTO assistant_nurse (employeeid) VALUES (642);
INSERT INTO employee (employeeid, first_name, last_name, telephone_number, date_of_employment)VALUES (643, "Ina", "Strömberg", "090-713528", "2005-11-28);
INSERT INTO doctor (employeeid) VALUES (643);
INSERT INTO doctor_specialization(employeeid, specializationid) VALUES (643, 1);
INSERT INTO employee (employeeid, first_name, last_name, telephone_number, date_of_employment)VALUES (644, "Vidar", "Fredriksson", "031-215126", "2008-05-16);
INSERT INTO nurse (employeeid) VALUES (644);
INSERT INTO nurse_specialization(employee_id, specialization_id) VALUES (644, 2);
INSERT INTO employee (employeeid, first_name, last_name, telephone_number, date_of_employment)VALUES (645, "Irena", "Lindström", "011-450602", "2011-02-06);
INSERT INTO assistant_nurse (employeeid) VALUES (645);
INSERT INTO employee (employeeid, first_name, last_name, telephone_number, date_of_employment)VALUES (646, "Sanny", "Jansson", "035-786017", "2009-09-08);
INSERT INTO assistant_nurse (employeeid) VALUES (646);
INSERT INTO employee (employeeid, first_name, last_name, telephone_number, date_of_employment)VALUES (647, "Elling", "Gunnarsson", "076-845255", "2010-12-14);
INSERT INTO assistant_nurse (employeeid) VALUES (647);
INSERT INTO employee (employeeid, first_name, last_name, telephone_number, date_of_employment)VALUES (648, "Styrbjörn", "Holm", "011-177837", "2007-07-08);
INSERT INTO doctor (employeeid) VALUES (648);

INSERT INTO employee (employeeid, first_name, last_name, telephone_number, date_of_employment)VALUES (649, "Mickel", "Falk", "023-831571", "2010-04-03);
INSERT INTO nurse (employeeid) VALUES (649);
INSERT INTO nurse_specialization(employee_id, specialization_id) VALUES (649, 15);
INSERT INTO employee (employeeid, first_name, last_name, telephone_number, date_of_employment)VALUES (650, "Rigmor", "Holmgren", "036-368340", "2006-03-06);
INSERT INTO doctor (employeeid) VALUES (650);

INSERT INTO employee (employeeid, first_name, last_name, telephone_number, date_of_employment)VALUES (651, "Millan", "Dahlberg", "040-237822", "2010-05-19);
INSERT INTO nurse (employeeid) VALUES (651);
INSERT INTO nurse_specialization(employee_id, specialization_id) VALUES (651, 13);
INSERT INTO employee (employeeid, first_name, last_name, telephone_number, date_of_employment)VALUES (652, "Johnny", "Bergqvist", "023-387632", "2009-07-24);
INSERT INTO nurse (employeeid) VALUES (652);
INSERT INTO nurse_specialization(employee_id, specialization_id) VALUES (652, 3);
INSERT INTO employee (employeeid, first_name, last_name, telephone_number, date_of_employment)VALUES (653, "Stefano", "Ekström", "016-241370", "2014-01-24);
INSERT INTO nurse (employeeid) VALUES (653);
INSERT INTO nurse_specialization(employee_id, specialization_id) VALUES (653, 6);
INSERT INTO employee (employeeid, first_name, last_name, telephone_number, date_of_employment)VALUES (654, "Eje", "Holmgren", "044-778786", "2009-10-15);
INSERT INTO nurse (employeeid) VALUES (654);
INSERT INTO nurse_specialization(employee_id, specialization_id) VALUES (654, 12);
INSERT INTO employee (employeeid, first_name, last_name, telephone_number, date_of_employment)VALUES (655, "Ulrika", "Gustafsson", "040-206827", "2008-05-11);
INSERT INTO assistant_nurse (employeeid) VALUES (655);
INSERT INTO employee (employeeid, first_name, last_name, telephone_number, date_of_employment)VALUES (656, "Rita", "Holm", "019-805544", "2008-08-02);
INSERT INTO doctor (employeeid) VALUES (656);
INSERT INTO doctor_specialization(employeeid, specializationid) VALUES (656, 5);
INSERT INTO employee (employeeid, first_name, last_name, telephone_number, date_of_employment)VALUES (657, "Glenn", "Sandström", "076-758246", "2013-12-04);
INSERT INTO assistant_nurse (employeeid) VALUES (657);
INSERT INTO employee (employeeid, first_name, last_name, telephone_number, date_of_employment)VALUES (658, "Aron", "Sandström", "078-521423", "2008-11-22);
INSERT INTO assistant_nurse (employeeid) VALUES (658);
INSERT INTO employee (employeeid, first_name, last_name, telephone_number, date_of_employment)VALUES (659, "Harold", "Andreasson", "033-185257", "2005-11-01);
INSERT INTO nurse (employeeid) VALUES (659);
INSERT INTO nurse_specialization(employee_id, specialization_id) VALUES (659, 4);
INSERT INTO employee (employeeid, first_name, last_name, telephone_number, date_of_employment)VALUES (660, "Jaime", "Eriksson", "023-354086", "2013-05-31);
INSERT INTO doctor (employeeid) VALUES (660);

INSERT INTO employee (employeeid, first_name, last_name, telephone_number, date_of_employment)VALUES (661, "Agna", "Henriksson", "021-512026", "2008-02-13);
INSERT INTO doctor (employeeid) VALUES (661);
INSERT INTO doctor_specialization(employeeid, specializationid) VALUES (661, 8);
INSERT INTO employee (employeeid, first_name, last_name, telephone_number, date_of_employment)VALUES (662, "Sivard", "Dahlberg", "090-825588", "2011-05-16);
INSERT INTO nurse (employeeid) VALUES (662);
INSERT INTO nurse_specialization(employee_id, specialization_id) VALUES (662, 13);
INSERT INTO employee (employeeid, first_name, last_name, telephone_number, date_of_employment)VALUES (663, "Lennart", "Holm", "046-712716", "2014-04-25);
INSERT INTO assistant_nurse (employeeid) VALUES (663);
INSERT INTO employee (employeeid, first_name, last_name, telephone_number, date_of_employment)VALUES (664, "Peter", "Holm", "016-206231", "2006-02-28);
INSERT INTO doctor (employeeid) VALUES (664);

INSERT INTO employee (employeeid, first_name, last_name, telephone_number, date_of_employment)VALUES (665, "Alice", "Wallin", "070-466054", "2008-03-01);
INSERT INTO nurse (employeeid) VALUES (665);
INSERT INTO nurse_specialization(employee_id, specialization_id) VALUES (665, 14);
INSERT INTO employee (employeeid, first_name, last_name, telephone_number, date_of_employment)VALUES (666, "Kicki", "Jonasson", "040-774516", "2014-06-28);
INSERT INTO assistant_nurse (employeeid) VALUES (666);
INSERT INTO employee (employeeid, first_name, last_name, telephone_number, date_of_employment)VALUES (667, "Einar", "Håkansson", "046-614885", "2013-01-23);
INSERT INTO doctor (employeeid) VALUES (667);
INSERT INTO doctor_specialization(employeeid, specializationid) VALUES (667, 2);
INSERT INTO employee (employeeid, first_name, last_name, telephone_number, date_of_employment)VALUES (668, "Jaime", "Åkesson", "076-146503", "2006-01-31);
INSERT INTO nurse (employeeid) VALUES (668);
INSERT INTO nurse_specialization(employee_id, specialization_id) VALUES (668, 16);
INSERT INTO employee (employeeid, first_name, last_name, telephone_number, date_of_employment)VALUES (669, "Torleif", "Hermansson", "075-583350", "2007-08-17);
INSERT INTO nurse (employeeid) VALUES (669);
INSERT INTO nurse_specialization(employee_id, specialization_id) VALUES (669, 2);
INSERT INTO employee (employeeid, first_name, last_name, telephone_number, date_of_employment)VALUES (670, "Anton", "Ström", "040-428434", "2006-07-14);
INSERT INTO assistant_nurse (employeeid) VALUES (670);
INSERT INTO employee (employeeid, first_name, last_name, telephone_number, date_of_employment)VALUES (671, "Toni", "Andersson", "074-588242", "2010-11-26);
INSERT INTO nurse (employeeid) VALUES (671);
INSERT INTO nurse_specialization(employee_id, specialization_id) VALUES (671, 3);
INSERT INTO employee (employeeid, first_name, last_name, telephone_number, date_of_employment)VALUES (672, "Reidun", "Isaksson", "033-624748", "2007-02-14);
INSERT INTO doctor (employeeid) VALUES (672);
INSERT INTO doctor_specialization(employeeid, specializationid) VALUES (672, 14);
INSERT INTO employee (employeeid, first_name, last_name, telephone_number, date_of_employment)VALUES (673, "Veronika", "Jonsson", "073-217431", "2012-10-25);
INSERT INTO doctor (employeeid) VALUES (673);
INSERT INTO doctor_specialization(employeeid, specializationid) VALUES (673, 14);
INSERT INTO employee (employeeid, first_name, last_name, telephone_number, date_of_employment)VALUES (674, "Annika", "Forsberg", "040-888661", "2011-11-18);
INSERT INTO doctor (employeeid) VALUES (674);
INSERT INTO doctor_specialization(employeeid, specializationid) VALUES (674, 2);
INSERT INTO employee (employeeid, first_name, last_name, telephone_number, date_of_employment)VALUES (675, "Elina", "Blomqvist", "063-422742", "2010-04-08);
INSERT INTO assistant_nurse (employeeid) VALUES (675);
INSERT INTO employee (employeeid, first_name, last_name, telephone_number, date_of_employment)VALUES (676, "Valborg", "Lundin", "060-055270", "2005-01-25);
INSERT INTO doctor (employeeid) VALUES (676);
INSERT INTO doctor_specialization(employeeid, specializationid) VALUES (676, 12);
INSERT INTO employee (employeeid, first_name, last_name, telephone_number, date_of_employment)VALUES (677, "Jöns", "Öberg", "072-021052", "2009-09-10);
INSERT INTO doctor (employeeid) VALUES (677);
INSERT INTO doctor_specialization(employeeid, specializationid) VALUES (677, 3);
INSERT INTO employee (employeeid, first_name, last_name, telephone_number, date_of_employment)VALUES (678, "Tore", "Öberg", "031-765303", "2010-08-27);
INSERT INTO doctor (employeeid) VALUES (678);

INSERT INTO employee (employeeid, first_name, last_name, telephone_number, date_of_employment)VALUES (679, "Hedda", "Holmqvist", "019-835628", "2012-02-07);
INSERT INTO doctor (employeeid) VALUES (679);
INSERT INTO doctor_specialization(employeeid, specializationid) VALUES (679, 3);
INSERT INTO employee (employeeid, first_name, last_name, telephone_number, date_of_employment)VALUES (680, "Eilert", "Danielsson", "021-733433", "2013-11-24);
INSERT INTO nurse (employeeid) VALUES (680);
INSERT INTO nurse_specialization(employee_id, specialization_id) VALUES (680, 15);
INSERT INTO employee (employeeid, first_name, last_name, telephone_number, date_of_employment)VALUES (681, "Eli", "Norberg", "073-332670", "2009-01-03);
INSERT INTO nurse (employeeid) VALUES (681);
INSERT INTO nurse_specialization(employee_id, specialization_id) VALUES (681, 5);
INSERT INTO employee (employeeid, first_name, last_name, telephone_number, date_of_employment)VALUES (682, "Manuel", "Ström", "090-627353", "2013-09-25);
INSERT INTO nurse (employeeid) VALUES (682);
INSERT INTO nurse_specialization(employee_id, specialization_id) VALUES (682, 14);
INSERT INTO employee (employeeid, first_name, last_name, telephone_number, date_of_employment)VALUES (683, "May", "Berg", "018-774516", "2009-09-27);
INSERT INTO assistant_nurse (employeeid) VALUES (683);
INSERT INTO employee (employeeid, first_name, last_name, telephone_number, date_of_employment)VALUES (684, "Judit", "Berggren", "035-016427", "2011-10-05);
INSERT INTO doctor (employeeid) VALUES (684);
INSERT INTO doctor_specialization(employeeid, specializationid) VALUES (684, 13);
INSERT INTO employee (employeeid, first_name, last_name, telephone_number, date_of_employment)VALUES (685, "Emma", "Persson", "090-154428", "2008-04-07);
INSERT INTO nurse (employeeid) VALUES (685);
INSERT INTO nurse_specialization(employee_id, specialization_id) VALUES (685, 13);
INSERT INTO employee (employeeid, first_name, last_name, telephone_number, date_of_employment)VALUES (686, "Marga", "Eklund", "063-118744", "2009-06-30);
INSERT INTO assistant_nurse (employeeid) VALUES (686);
INSERT INTO employee (employeeid, first_name, last_name, telephone_number, date_of_employment)VALUES (687, "Connie", "Lindqvist", "016-346510", "2013-10-17);
INSERT INTO nurse (employeeid) VALUES (687);

INSERT INTO employee (employeeid, first_name, last_name, telephone_number, date_of_employment)VALUES (688, "Helmy", "Samuelsson", "044-206827", "2013-09-09);
INSERT INTO doctor (employeeid) VALUES (688);
INSERT INTO doctor_specialization(employeeid, specializationid) VALUES (688, 3);
INSERT INTO employee (employeeid, first_name, last_name, telephone_number, date_of_employment)VALUES (689, "Valdemar", "Danielsson", "033-753025", "2007-05-06);
INSERT INTO assistant_nurse (employeeid) VALUES (689);
INSERT INTO employee (employeeid, first_name, last_name, telephone_number, date_of_employment)VALUES (690, "Karolina", "Wikström", "075-543732", "2006-02-02);
INSERT INTO doctor (employeeid) VALUES (690);
INSERT INTO doctor_specialization(employeeid, specializationid) VALUES (690, 1);
INSERT INTO employee (employeeid, first_name, last_name, telephone_number, date_of_employment)VALUES (691, "Ricky", "Hellström", "046-846138", "2005-12-01);
INSERT INTO nurse (employeeid) VALUES (691);
INSERT INTO nurse_specialization(employee_id, specialization_id) VALUES (691, 4);
INSERT INTO employee (employeeid, first_name, last_name, telephone_number, date_of_employment)VALUES (692, "Stig", "Sundqvist", "011-112415", "2005-02-07);
INSERT INTO doctor (employeeid) VALUES (692);
INSERT INTO doctor_specialization(employeeid, specializationid) VALUES (692, 7);
INSERT INTO employee (employeeid, first_name, last_name, telephone_number, date_of_employment)VALUES (693, "Agge", "Sundqvist", "016-465208", "2008-03-29);
INSERT INTO doctor (employeeid) VALUES (693);
INSERT INTO doctor_specialization(employeeid, specializationid) VALUES (693, 9);
INSERT INTO employee (employeeid, first_name, last_name, telephone_number, date_of_employment)VALUES (694, "Yrjö", "Sundqvist", "090-024334", "2006-01-06);
INSERT INTO doctor (employeeid) VALUES (694);
INSERT INTO doctor_specialization(employeeid, specializationid) VALUES (694, 1);
INSERT INTO employee (employeeid, first_name, last_name, telephone_number, date_of_employment)VALUES (695, "Marja", "Eklund", "044-056717", "2011-05-21);
INSERT INTO doctor (employeeid) VALUES (695);
INSERT INTO doctor_specialization(employeeid, specializationid) VALUES (695, 12);
INSERT INTO employee (employeeid, first_name, last_name, telephone_number, date_of_employment)VALUES (696, "Albrekt", "Andersson", "019-654458", "2013-05-07);
INSERT INTO nurse (employeeid) VALUES (696);
INSERT INTO nurse_specialization(employee_id, specialization_id) VALUES (696, 3);
INSERT INTO employee (employeeid, first_name, last_name, telephone_number, date_of_employment)VALUES (697, "Disa", "Blomqvist", "040-303440", "2005-03-23);
INSERT INTO doctor (employeeid) VALUES (697);
INSERT INTO doctor_specialization(employeeid, specializationid) VALUES (697, 9);
INSERT INTO employee (employeeid, first_name, last_name, telephone_number, date_of_employment)VALUES (698, "Mikaela", "Lund", "031-555202", "2010-09-28);
INSERT INTO doctor (employeeid) VALUES (698);
INSERT INTO doctor_specialization(employeeid, specializationid) VALUES (698, 5);
INSERT INTO employee (employeeid, first_name, last_name, telephone_number, date_of_employment)VALUES (699, "Love", "Pettersson", "044-517325", "2012-05-23);
INSERT INTO assistant_nurse (employeeid) VALUES (699);
INSERT INTO employee (employeeid, first_name, last_name, telephone_number, date_of_employment)VALUES (700, "Connie", "Sundberg", "074-134720", "2006-09-09);
INSERT INTO assistant_nurse (employeeid) VALUES (700);
INSERT INTO employee (employeeid, first_name, last_name, telephone_number, date_of_employment)VALUES (701, "Teodora", "Lundgren", "023-178446", "2013-01-25);
INSERT INTO assistant_nurse (employeeid) VALUES (701);
INSERT INTO employee (employeeid, first_name, last_name, telephone_number, date_of_employment)VALUES (702, "Marit", "Strömberg", "044-634485", "2012-04-14);
INSERT INTO assistant_nurse (employeeid) VALUES (702);
INSERT INTO employee (employeeid, first_name, last_name, telephone_number, date_of_employment)VALUES (703, "Felicia", "Mattsson", "019-503518", "2007-01-16);
INSERT INTO assistant_nurse (employeeid) VALUES (703);
INSERT INTO employee (employeeid, first_name, last_name, telephone_number, date_of_employment)VALUES (704, "Gerty", "Lind", "063-336261", "2013-08-11);
INSERT INTO assistant_nurse (employeeid) VALUES (704);
INSERT INTO employee (employeeid, first_name, last_name, telephone_number, date_of_employment)VALUES (705, "Janne", "Berggren", "031-516145", "2010-09-20);
INSERT INTO nurse (employeeid) VALUES (705);
INSERT INTO nurse_specialization(employee_id, specialization_id) VALUES (705, 6);
INSERT INTO employee (employeeid, first_name, last_name, telephone_number, date_of_employment)VALUES (706, "Vincent", "Löfgren", "078-380138", "2005-08-26);
INSERT INTO assistant_nurse (employeeid) VALUES (706);
INSERT INTO employee (employeeid, first_name, last_name, telephone_number, date_of_employment)VALUES (707, "Fatima", "Åkesson", "078-884112", "2007-06-26);
INSERT INTO nurse (employeeid) VALUES (707);

INSERT INTO employee (employeeid, first_name, last_name, telephone_number, date_of_employment)VALUES (708, "Albrekt", "Åström", "021-021580", "2013-06-16);
INSERT INTO nurse (employeeid) VALUES (708);

INSERT INTO employee (employeeid, first_name, last_name, telephone_number, date_of_employment)VALUES (709, "Bill", "Svensson", "063-624215", "2010-04-30);
INSERT INTO assistant_nurse (employeeid) VALUES (709);
INSERT INTO employee (employeeid, first_name, last_name, telephone_number, date_of_employment)VALUES (710, "Gun", "Larsson", "033-465827", "2010-11-01);
INSERT INTO nurse (employeeid) VALUES (710);
INSERT INTO nurse_specialization(employee_id, specialization_id) VALUES (710, 12);
INSERT INTO employee (employeeid, first_name, last_name, telephone_number, date_of_employment)VALUES (711, "Elisabet", "Viklund", "023-867338", "2013-11-01);
INSERT INTO assistant_nurse (employeeid) VALUES (711);
INSERT INTO employee (employeeid, first_name, last_name, telephone_number, date_of_employment)VALUES (712, "Freddy", "Olofsson", "060-382631", "2008-03-15);
INSERT INTO assistant_nurse (employeeid) VALUES (712);
INSERT INTO employee (employeeid, first_name, last_name, telephone_number, date_of_employment)VALUES (713, "Pauli", "Ström", "042-748120", "2006-03-04);
INSERT INTO doctor (employeeid) VALUES (713);
INSERT INTO doctor_specialization(employeeid, specializationid) VALUES (713, 15);
INSERT INTO employee (employeeid, first_name, last_name, telephone_number, date_of_employment)VALUES (714, "Karna", "Nilsson", "044-588242", "2009-10-06);
INSERT INTO assistant_nurse (employeeid) VALUES (714);
INSERT INTO employee (employeeid, first_name, last_name, telephone_number, date_of_employment)VALUES (715, "Esbjörn", "Fransson", "018-005540", "2008-04-06);
INSERT INTO assistant_nurse (employeeid) VALUES (715);
INSERT INTO employee (employeeid, first_name, last_name, telephone_number, date_of_employment)VALUES (716, "Pelle", "Andersson", "074-264141", "2012-03-23);
INSERT INTO doctor (employeeid) VALUES (716);
INSERT INTO doctor_specialization(employeeid, specializationid) VALUES (716, 4);
INSERT INTO employee (employeeid, first_name, last_name, telephone_number, date_of_employment)VALUES (717, "Aslög", "Nyström", "044-802387", "2013-11-13);
INSERT INTO doctor (employeeid) VALUES (717);
INSERT INTO doctor_specialization(employeeid, specializationid) VALUES (717, 2);
INSERT INTO employee (employeeid, first_name, last_name, telephone_number, date_of_employment)VALUES (718, "Otelia", "Berglund", "019-453180", "2012-02-02);
INSERT INTO doctor (employeeid) VALUES (718);

INSERT INTO employee (employeeid, first_name, last_name, telephone_number, date_of_employment)VALUES (719, "Leif", "Björk", "033-486184", "2012-11-08);
INSERT INTO assistant_nurse (employeeid) VALUES (719);
INSERT INTO employee (employeeid, first_name, last_name, telephone_number, date_of_employment)VALUES (720, "Ingar", "Holmqvist", "060-324224", "2011-07-09);
INSERT INTO assistant_nurse (employeeid) VALUES (720);
INSERT INTO employee (employeeid, first_name, last_name, telephone_number, date_of_employment)VALUES (721, "Helli", "Mattsson", "076-857565", "2010-06-08);
INSERT INTO doctor (employeeid) VALUES (721);
INSERT INTO doctor_specialization(employeeid, specializationid) VALUES (721, 15);
INSERT INTO employee (employeeid, first_name, last_name, telephone_number, date_of_employment)VALUES (722, "Elfriede", "Svensson", "075-670031", "2006-03-10);
INSERT INTO nurse (employeeid) VALUES (722);
INSERT INTO nurse_specialization(employee_id, specialization_id) VALUES (722, 4);
INSERT INTO employee (employeeid, first_name, last_name, telephone_number, date_of_employment)VALUES (723, "Sone", "Åström", "011-362582", "2013-07-12);
INSERT INTO assistant_nurse (employeeid) VALUES (723);
INSERT INTO employee (employeeid, first_name, last_name, telephone_number, date_of_employment)VALUES (724, "Antoni", "Sundqvist", "063-501246", "2010-03-17);
INSERT INTO assistant_nurse (employeeid) VALUES (724);
INSERT INTO employee (employeeid, first_name, last_name, telephone_number, date_of_employment)VALUES (725, "Dage", "Abrahamsson", "026-712385", "2013-11-11);
INSERT INTO nurse (employeeid) VALUES (725);

INSERT INTO employee (employeeid, first_name, last_name, telephone_number, date_of_employment)VALUES (726, "Hella", "Sundqvist", "060-132066", "2006-04-26);
INSERT INTO assistant_nurse (employeeid) VALUES (726);
INSERT INTO employee (employeeid, first_name, last_name, telephone_number, date_of_employment)VALUES (727, "Christiane", "Henriksson", "046-025888", "2008-08-13);
INSERT INTO assistant_nurse (employeeid) VALUES (727);
INSERT INTO employee (employeeid, first_name, last_name, telephone_number, date_of_employment)VALUES (728, "Ivan", "Andersson", "040-506506", "2012-10-02);
INSERT INTO assistant_nurse (employeeid) VALUES (728);
INSERT INTO employee (employeeid, first_name, last_name, telephone_number, date_of_employment)VALUES (729, "Max", "Claesson", "046-783215", "2010-08-13);
INSERT INTO nurse (employeeid) VALUES (729);
INSERT INTO nurse_specialization(employee_id, specialization_id) VALUES (729, 2);
INSERT INTO employee (employeeid, first_name, last_name, telephone_number, date_of_employment)VALUES (730, "Lasse", "Pettersson", "046-773226", "2009-01-11);
INSERT INTO nurse (employeeid) VALUES (730);
INSERT INTO nurse_specialization(employee_id, specialization_id) VALUES (730, 15);
INSERT INTO employee (employeeid, first_name, last_name, telephone_number, date_of_employment)VALUES (731, "Claus", "Olsson", "035-065383", "2007-07-12);
INSERT INTO assistant_nurse (employeeid) VALUES (731);
INSERT INTO employee (employeeid, first_name, last_name, telephone_number, date_of_employment)VALUES (732, "Baltsar", "Lindholm", "016-065381", "2011-07-04);
INSERT INTO assistant_nurse (employeeid) VALUES (732);
INSERT INTO employee (employeeid, first_name, last_name, telephone_number, date_of_employment)VALUES (733, "Toini", "Bergqvist", "075-050663", "2008-08-01);
INSERT INTO doctor (employeeid) VALUES (733);
INSERT INTO doctor_specialization(employeeid, specializationid) VALUES (733, 4);
INSERT INTO employee (employeeid, first_name, last_name, telephone_number, date_of_employment)VALUES (734, "Axel", "Sundqvist", "073-835628", "2005-12-26);
INSERT INTO assistant_nurse (employeeid) VALUES (734);
INSERT INTO employee (employeeid, first_name, last_name, telephone_number, date_of_employment)VALUES (735, "Sebastian", "Blomqvist", "042-611387", "2014-09-18);
INSERT INTO assistant_nurse (employeeid) VALUES (735);
INSERT INTO employee (employeeid, first_name, last_name, telephone_number, date_of_employment)VALUES (736, "Robert", "Nyberg", "019-246818", "2012-04-30);
INSERT INTO assistant_nurse (employeeid) VALUES (736);
INSERT INTO employee (employeeid, first_name, last_name, telephone_number, date_of_employment)VALUES (737, "Ronny", "Holmgren", "076-432200", "2005-09-19);
INSERT INTO doctor (employeeid) VALUES (737);
INSERT INTO doctor_specialization(employeeid, specializationid) VALUES (737, 5);
INSERT INTO employee (employeeid, first_name, last_name, telephone_number, date_of_employment)VALUES (738, "Holmfrid", "Öberg", "018-450602", "2010-02-05);
INSERT INTO doctor (employeeid) VALUES (738);
INSERT INTO doctor_specialization(employeeid, specializationid) VALUES (738, 10);
INSERT INTO employee (employeeid, first_name, last_name, telephone_number, date_of_employment)VALUES (739, "Theo", "Jakobsson", "075-322403", "2005-12-17);
INSERT INTO nurse (employeeid) VALUES (739);
INSERT INTO nurse_specialization(employee_id, specialization_id) VALUES (739, 3);
INSERT INTO employee (employeeid, first_name, last_name, telephone_number, date_of_employment)VALUES (740, "Nina", "Eklund", "077-422653", "2006-03-03);
INSERT INTO assistant_nurse (employeeid) VALUES (740);
INSERT INTO employee (employeeid, first_name, last_name, telephone_number, date_of_employment)VALUES (741, "Emily", "Ekström", "021-084635", "2005-12-23);
INSERT INTO doctor (employeeid) VALUES (741);
INSERT INTO doctor_specialization(employeeid, specializationid) VALUES (741, 13);
INSERT INTO employee (employeeid, first_name, last_name, telephone_number, date_of_employment)VALUES (742, "Kitty", "Sundqvist", "031-788064", "2006-04-27);
INSERT INTO nurse (employeeid) VALUES (742);
INSERT INTO nurse_specialization(employee_id, specialization_id) VALUES (742, 12);
INSERT INTO employee (employeeid, first_name, last_name, telephone_number, date_of_employment)VALUES (743, "Sibylla", "Axelsson", "036-074478", "2012-04-08);
INSERT INTO assistant_nurse (employeeid) VALUES (743);
INSERT INTO employee (employeeid, first_name, last_name, telephone_number, date_of_employment)VALUES (744, "Carola", "Jakobsson", "035-608212", "2006-10-15);
INSERT INTO assistant_nurse (employeeid) VALUES (744);
INSERT INTO employee (employeeid, first_name, last_name, telephone_number, date_of_employment)VALUES (745, "Ville", "Samuelsson", "018-417280", "2007-02-28);
INSERT INTO nurse (employeeid) VALUES (745);
INSERT INTO nurse_specialization(employee_id, specialization_id) VALUES (745, 13);
INSERT INTO employee (employeeid, first_name, last_name, telephone_number, date_of_employment)VALUES (746, "Iris", "Danielsson", "074-350427", "2009-09-02);
INSERT INTO assistant_nurse (employeeid) VALUES (746);
INSERT INTO employee (employeeid, first_name, last_name, telephone_number, date_of_employment)VALUES (747, "Ante", "Mårtensson", "011-832826", "2014-03-19);
INSERT INTO nurse (employeeid) VALUES (747);

INSERT INTO employee (employeeid, first_name, last_name, telephone_number, date_of_employment)VALUES (748, "Evald", "Åberg", "078-808856", "2013-08-05);
INSERT INTO assistant_nurse (employeeid) VALUES (748);
INSERT INTO employee (employeeid, first_name, last_name, telephone_number, date_of_employment)VALUES (749, "Katarina", "Johansson", "063-660617", "2014-03-08);
INSERT INTO nurse (employeeid) VALUES (749);

INSERT INTO employee (employeeid, first_name, last_name, telephone_number, date_of_employment)VALUES (750, "Antti", "Falk", "044-270482", "2005-03-06);
INSERT INTO doctor (employeeid) VALUES (750);
INSERT INTO doctor_specialization(employeeid, specializationid) VALUES (750, 4);
INSERT INTO employee (employeeid, first_name, last_name, telephone_number, date_of_employment)VALUES (751, "Elfriede", "Martinsson", "023-332670", "2005-12-18);
INSERT INTO assistant_nurse (employeeid) VALUES (751);
INSERT INTO employee (employeeid, first_name, last_name, telephone_number, date_of_employment)VALUES (752, "Line", "Ström", "031-237822", "2010-05-27);
INSERT INTO nurse (employeeid) VALUES (752);
INSERT INTO nurse_specialization(employee_id, specialization_id) VALUES (752, 13);
INSERT INTO employee (employeeid, first_name, last_name, telephone_number, date_of_employment)VALUES (753, "Manfred", "Bergman", "090-202632", "2013-05-02);
INSERT INTO nurse (employeeid) VALUES (753);
INSERT INTO nurse_specialization(employee_id, specialization_id) VALUES (753, 5);
INSERT INTO employee (employeeid, first_name, last_name, telephone_number, date_of_employment)VALUES (754, "Fred", "Ström", "078-586777", "2008-06-27);
INSERT INTO nurse (employeeid) VALUES (754);
INSERT INTO nurse_specialization(employee_id, specialization_id) VALUES (754, 11);
INSERT INTO employee (employeeid, first_name, last_name, telephone_number, date_of_employment)VALUES (755, "Eleanor", "Olsson", "035-072233", "2014-02-14);
INSERT INTO assistant_nurse (employeeid) VALUES (755);
INSERT INTO employee (employeeid, first_name, last_name, telephone_number, date_of_employment)VALUES (756, "Charlott", "Sjöberg", "074-278033", "2008-05-11);
INSERT INTO doctor (employeeid) VALUES (756);
INSERT INTO doctor_specialization(employeeid, specializationid) VALUES (756, 15);
INSERT INTO employee (employeeid, first_name, last_name, telephone_number, date_of_employment)VALUES (757, "Salomon", "Berglund", "042-328056", "2010-10-29);
INSERT INTO assistant_nurse (employeeid) VALUES (757);
INSERT INTO employee (employeeid, first_name, last_name, telephone_number, date_of_employment)VALUES (758, "Ola", "Söderberg", "016-664766", "2013-06-09);
INSERT INTO doctor (employeeid) VALUES (758);
INSERT INTO doctor_specialization(employeeid, specializationid) VALUES (758, 1);
INSERT INTO employee (employeeid, first_name, last_name, telephone_number, date_of_employment)VALUES (759, "Jerk", "Claesson", "044-044025", "2011-04-19);
INSERT INTO assistant_nurse (employeeid) VALUES (759);
INSERT INTO employee (employeeid, first_name, last_name, telephone_number, date_of_employment)VALUES (760, "Herbert", "Nyström", "036-075558", "2010-02-10);
INSERT INTO assistant_nurse (employeeid) VALUES (760);
INSERT INTO employee (employeeid, first_name, last_name, telephone_number, date_of_employment)VALUES (761, "Holger", "Martinsson", "033-472306", "2008-08-31);
INSERT INTO assistant_nurse (employeeid) VALUES (761);
INSERT INTO employee (employeeid, first_name, last_name, telephone_number, date_of_employment)VALUES (762, "Valfrid", "Hansen", "060-882117", "2012-09-16);
INSERT INTO nurse (employeeid) VALUES (762);
INSERT INTO nurse_specialization(employee_id, specialization_id) VALUES (762, 8);
INSERT INTO employee (employeeid, first_name, last_name, telephone_number, date_of_employment)VALUES (763, "Henning", "Sundström", "076-786205", "2005-12-09);
INSERT INTO nurse (employeeid) VALUES (763);
INSERT INTO nurse_specialization(employee_id, specialization_id) VALUES (763, 14);
INSERT INTO employee (employeeid, first_name, last_name, telephone_number, date_of_employment)VALUES (764, "Elisabet", "Danielsson", "075-405564", "2010-09-02);
INSERT INTO nurse (employeeid) VALUES (764);
INSERT INTO nurse_specialization(employee_id, specialization_id) VALUES (764, 3);
INSERT INTO employee (employeeid, first_name, last_name, telephone_number, date_of_employment)VALUES (765, "Neta", "Danielsson", "077-242181", "2008-06-14);
INSERT INTO nurse (employeeid) VALUES (765);
INSERT INTO nurse_specialization(employee_id, specialization_id) VALUES (765, 10);
INSERT INTO employee (employeeid, first_name, last_name, telephone_number, date_of_employment)VALUES (766, "Aina", "Sandberg", "046-131086", "2012-05-07);
INSERT INTO nurse (employeeid) VALUES (766);
INSERT INTO nurse_specialization(employee_id, specialization_id) VALUES (766, 2);
INSERT INTO employee (employeeid, first_name, last_name, telephone_number, date_of_employment)VALUES (767, "Alessandro", "Söderberg", "078-518757", "2011-02-09);
INSERT INTO doctor (employeeid) VALUES (767);

INSERT INTO employee (employeeid, first_name, last_name, telephone_number, date_of_employment)VALUES (768, "Hilvi", "Magnusson", "040-636541", "2014-01-06);
INSERT INTO doctor (employeeid) VALUES (768);
INSERT INTO doctor_specialization(employeeid, specializationid) VALUES (768, 15);
INSERT INTO employee (employeeid, first_name, last_name, telephone_number, date_of_employment)VALUES (769, "Bertina", "Ivarsson", "031-008033", "2005-05-02);
INSERT INTO doctor (employeeid) VALUES (769);
INSERT INTO doctor_specialization(employeeid, specializationid) VALUES (769, 12);
INSERT INTO employee (employeeid, first_name, last_name, telephone_number, date_of_employment)VALUES (770, "Torvald", "Nyström", "070-178526", "2012-01-01);
INSERT INTO nurse (employeeid) VALUES (770);
INSERT INTO nurse_specialization(employee_id, specialization_id) VALUES (770, 11);
INSERT INTO employee (employeeid, first_name, last_name, telephone_number, date_of_employment)VALUES (771, "Andrej", "Ström", "031-013878", "2012-05-18);
INSERT INTO nurse (employeeid) VALUES (771);
INSERT INTO nurse_specialization(employee_id, specialization_id) VALUES (771, 10);
INSERT INTO employee (employeeid, first_name, last_name, telephone_number, date_of_employment)VALUES (772, "Lis", "Olsson", "070-887174", "2005-09-18);
INSERT INTO assistant_nurse (employeeid) VALUES (772);
INSERT INTO employee (employeeid, first_name, last_name, telephone_number, date_of_employment)VALUES (773, "Björne", "Svensson", "023-757728", "2006-06-14);
INSERT INTO nurse (employeeid) VALUES (773);
INSERT INTO nurse_specialization(employee_id, specialization_id) VALUES (773, 12);
INSERT INTO employee (employeeid, first_name, last_name, telephone_number, date_of_employment)VALUES (774, "Elling", "Holmqvist", "016-278751", "2009-07-19);
INSERT INTO doctor (employeeid) VALUES (774);
INSERT INTO doctor_specialization(employeeid, specializationid) VALUES (774, 11);
INSERT INTO employee (employeeid, first_name, last_name, telephone_number, date_of_employment)VALUES (775, "Juha", "Pettersson", "078-428434", "2014-08-08);
INSERT INTO assistant_nurse (employeeid) VALUES (775);
INSERT INTO employee (employeeid, first_name, last_name, telephone_number, date_of_employment)VALUES (776, "Selm", "Jonasson", "018-268528", "2008-02-29);
INSERT INTO nurse (employeeid) VALUES (776);

INSERT INTO employee (employeeid, first_name, last_name, telephone_number, date_of_employment)VALUES (777, "Aurore", "Lind", "035-186460", "2014-03-27);
INSERT INTO nurse (employeeid) VALUES (777);
INSERT INTO nurse_specialization(employee_id, specialization_id) VALUES (777, 12);
INSERT INTO employee (employeeid, first_name, last_name, telephone_number, date_of_employment)VALUES (778, "Mari", "Martinsson", "075-324871", "2005-06-10);
INSERT INTO nurse (employeeid) VALUES (778);
INSERT INTO nurse_specialization(employee_id, specialization_id) VALUES (778, 7);
INSERT INTO employee (employeeid, first_name, last_name, telephone_number, date_of_employment)VALUES (779, "Dage", "Hellström", "090-137843", "2008-07-13);
INSERT INTO assistant_nurse (employeeid) VALUES (779);
INSERT INTO employee (employeeid, first_name, last_name, telephone_number, date_of_employment)VALUES (780, "Vivika", "Blom", "074-581765", "2008-11-15);
INSERT INTO doctor (employeeid) VALUES (780);
INSERT INTO doctor_specialization(employeeid, specializationid) VALUES (780, 4);
INSERT INTO employee (employeeid, first_name, last_name, telephone_number, date_of_employment)VALUES (781, "Majvor", "Sjöberg", "011-625215", "2012-06-07);
INSERT INTO doctor (employeeid) VALUES (781);
INSERT INTO doctor_specialization(employeeid, specializationid) VALUES (781, 9);
INSERT INTO employee (employeeid, first_name, last_name, telephone_number, date_of_employment)VALUES (782, "Eina", "Mattsson", "060-874675", "2013-03-01);
INSERT INTO nurse (employeeid) VALUES (782);
INSERT INTO nurse_specialization(employee_id, specialization_id) VALUES (782, 9);
INSERT INTO employee (employeeid, first_name, last_name, telephone_number, date_of_employment)VALUES (783, "Sally", "Danielsson", "018-724245", "2010-01-12);
INSERT INTO doctor (employeeid) VALUES (783);

INSERT INTO employee (employeeid, first_name, last_name, telephone_number, date_of_employment)VALUES (784, "Hernan", "Åberg", "016-407056", "2012-12-13);
INSERT INTO nurse (employeeid) VALUES (784);
INSERT INTO nurse_specialization(employee_id, specialization_id) VALUES (784, 12);
INSERT INTO employee (employeeid, first_name, last_name, telephone_number, date_of_employment)VALUES (785, "Östen", "Lundqvist", "074-658447", "2008-10-26);
INSERT INTO doctor (employeeid) VALUES (785);
INSERT INTO doctor_specialization(employeeid, specializationid) VALUES (785, 6);
INSERT INTO employee (employeeid, first_name, last_name, telephone_number, date_of_employment)VALUES (786, "Rasmus", "Nordström", "011-635401", "2014-01-19);
INSERT INTO assistant_nurse (employeeid) VALUES (786);
INSERT INTO employee (employeeid, first_name, last_name, telephone_number, date_of_employment)VALUES (787, "Adolfina", "Arvidsson", "016-441325", "2005-05-14);
INSERT INTO doctor (employeeid) VALUES (787);
INSERT INTO doctor_specialization(employeeid, specializationid) VALUES (787, 7);
INSERT INTO employee (employeeid, first_name, last_name, telephone_number, date_of_employment)VALUES (788, "Maisie", "Lundgren", "078-014386", "2010-05-21);
INSERT INTO nurse (employeeid) VALUES (788);
INSERT INTO nurse_specialization(employee_id, specialization_id) VALUES (788, 8);
INSERT INTO employee (employeeid, first_name, last_name, telephone_number, date_of_employment)VALUES (789, "Borghild", "Sandberg", "018-331122", "2008-12-13);
INSERT INTO doctor (employeeid) VALUES (789);

INSERT INTO employee (employeeid, first_name, last_name, telephone_number, date_of_employment)VALUES (790, "Hilma", "Bergman", "060-156033", "2011-04-09);
INSERT INTO assistant_nurse (employeeid) VALUES (790);
INSERT INTO employee (employeeid, first_name, last_name, telephone_number, date_of_employment)VALUES (791, "Irma", "Sundberg", "011-147773", "2011-05-04);
INSERT INTO nurse (employeeid) VALUES (791);
INSERT INTO nurse_specialization(employee_id, specialization_id) VALUES (791, 4);
INSERT INTO employee (employeeid, first_name, last_name, telephone_number, date_of_employment)VALUES (792, "Eila", "Lund", "074-274331", "2012-01-31);
INSERT INTO assistant_nurse (employeeid) VALUES (792);
INSERT INTO employee (employeeid, first_name, last_name, telephone_number, date_of_employment)VALUES (793, "Mirjam", "Jonasson", "073-772212", "2008-10-07);
INSERT INTO nurse (employeeid) VALUES (793);
INSERT INTO nurse_specialization(employee_id, specialization_id) VALUES (793, 3);
INSERT INTO employee (employeeid, first_name, last_name, telephone_number, date_of_employment)VALUES (794, "Bobby", "Claesson", "018-108146", "2005-02-16);
INSERT INTO nurse (employeeid) VALUES (794);
INSERT INTO nurse_specialization(employee_id, specialization_id) VALUES (794, 6);
INSERT INTO employee (employeeid, first_name, last_name, telephone_number, date_of_employment)VALUES (795, "Herman", "Falk", "070-736287", "2014-06-06);
INSERT INTO doctor (employeeid) VALUES (795);
INSERT INTO doctor_specialization(employeeid, specializationid) VALUES (795, 9);
INSERT INTO employee (employeeid, first_name, last_name, telephone_number, date_of_employment)VALUES (796, "Lissie", "Fransson", "063-060380", "2007-05-14);
INSERT INTO nurse (employeeid) VALUES (796);
INSERT INTO nurse_specialization(employee_id, specialization_id) VALUES (796, 8);
INSERT INTO employee (employeeid, first_name, last_name, telephone_number, date_of_employment)VALUES (797, "Lucie", "Fredriksson", "044-713861", "2006-02-14);
INSERT INTO nurse (employeeid) VALUES (797);

INSERT INTO employee (employeeid, first_name, last_name, telephone_number, date_of_employment)VALUES (798, "Aino", "Martinsson", "075-261426", "2014-09-26);
INSERT INTO nurse (employeeid) VALUES (798);

INSERT INTO employee (employeeid, first_name, last_name, telephone_number, date_of_employment)VALUES (799, "Lizette", "Sundqvist", "021-070224", "2007-12-26);
INSERT INTO assistant_nurse (employeeid) VALUES (799);
INSERT INTO employee (employeeid, first_name, last_name, telephone_number, date_of_employment)VALUES (800, "Mirja", "Gustafsson", "070-360578", "2013-09-27);
INSERT INTO assistant_nurse (employeeid) VALUES (800);
INSERT INTO employee (employeeid, first_name, last_name, telephone_number, date_of_employment)VALUES (801, "Klas", "Berggren", "075-387632", "2006-12-03);
INSERT INTO doctor (employeeid) VALUES (801);
INSERT INTO doctor_specialization(employeeid, specializationid) VALUES (801, 14);
INSERT INTO employee (employeeid, first_name, last_name, telephone_number, date_of_employment)VALUES (802, "Eleanor", "Berggren", "060-136744", "2005-04-24);
INSERT INTO doctor (employeeid) VALUES (802);
INSERT INTO doctor_specialization(employeeid, specializationid) VALUES (802, 12);
INSERT INTO employee (employeeid, first_name, last_name, telephone_number, date_of_employment)VALUES (803, "Gretel", "Hedlund", "046-861520", "2013-04-01);
INSERT INTO doctor (employeeid) VALUES (803);
INSERT INTO doctor_specialization(employeeid, specializationid) VALUES (803, 10);
INSERT INTO employee (employeeid, first_name, last_name, telephone_number, date_of_employment)VALUES (804, "Konstantia", "Söderberg", "021-358644", "2013-04-08);
INSERT INTO assistant_nurse (employeeid) VALUES (804);
INSERT INTO employee (employeeid, first_name, last_name, telephone_number, date_of_employment)VALUES (805, "Örjan", "Lindström", "026-576402", "2009-02-08);
INSERT INTO doctor (employeeid) VALUES (805);
INSERT INTO doctor_specialization(employeeid, specializationid) VALUES (805, 12);
INSERT INTO employee (employeeid, first_name, last_name, telephone_number, date_of_employment)VALUES (806, "Maximilian", "Hansson", "044-455224", "2014-09-17);
INSERT INTO assistant_nurse (employeeid) VALUES (806);
INSERT INTO employee (employeeid, first_name, last_name, telephone_number, date_of_employment)VALUES (807, "Holger", "Åström", "044-412784", "2010-11-08);
INSERT INTO doctor (employeeid) VALUES (807);
INSERT INTO doctor_specialization(employeeid, specializationid) VALUES (807, 16);
INSERT INTO employee (employeeid, first_name, last_name, telephone_number, date_of_employment)VALUES (808, "Ansgarius", "Johansson", "070-210021", "2014-10-25);
INSERT INTO doctor (employeeid) VALUES (808);
INSERT INTO doctor_specialization(employeeid, specializationid) VALUES (808, 4);
INSERT INTO employee (employeeid, first_name, last_name, telephone_number, date_of_employment)VALUES (809, "Vanja", "Lundgren", "035-504823", "2006-02-28);
INSERT INTO nurse (employeeid) VALUES (809);
INSERT INTO nurse_specialization(employee_id, specialization_id) VALUES (809, 1);
INSERT INTO employee (employeeid, first_name, last_name, telephone_number, date_of_employment)VALUES (810, "Signhild", "Strömberg", "031-483535", "2005-11-17);
INSERT INTO nurse (employeeid) VALUES (810);
INSERT INTO nurse_specialization(employee_id, specialization_id) VALUES (810, 4);
INSERT INTO employee (employeeid, first_name, last_name, telephone_number, date_of_employment)VALUES (811, "Aurora", "Lindgren", "018-405482", "2012-07-01);
INSERT INTO doctor (employeeid) VALUES (811);
INSERT INTO doctor_specialization(employeeid, specializationid) VALUES (811, 15);
INSERT INTO employee (employeeid, first_name, last_name, telephone_number, date_of_employment)VALUES (812, "Michelle", "Berglund", "033-430808", "2007-05-18);
INSERT INTO assistant_nurse (employeeid) VALUES (812);
INSERT INTO employee (employeeid, first_name, last_name, telephone_number, date_of_employment)VALUES (813, "Ninni", "Wikström", "042-435103", "2014-04-09);
INSERT INTO nurse (employeeid) VALUES (813);

INSERT INTO employee (employeeid, first_name, last_name, telephone_number, date_of_employment)VALUES (814, "Kennet", "Isaksson", "073-638442", "2010-06-02);
INSERT INTO assistant_nurse (employeeid) VALUES (814);
INSERT INTO employee (employeeid, first_name, last_name, telephone_number, date_of_employment)VALUES (815, "Ernesto", "Lundgren", "090-487342", "2011-04-18);
INSERT INTO assistant_nurse (employeeid) VALUES (815);
INSERT INTO employee (employeeid, first_name, last_name, telephone_number, date_of_employment)VALUES (816, "Mattias", "Norberg", "073-028230", "2007-11-20);
INSERT INTO assistant_nurse (employeeid) VALUES (816);
INSERT INTO employee (employeeid, first_name, last_name, telephone_number, date_of_employment)VALUES (817, "Laurina", "Danielsson", "044-516145", "2011-09-19);
INSERT INTO nurse (employeeid) VALUES (817);
INSERT INTO nurse_specialization(employee_id, specialization_id) VALUES (817, 3);
INSERT INTO employee (employeeid, first_name, last_name, telephone_number, date_of_employment)VALUES (818, "Piotr", "Jonsson", "090-484186", "2011-12-05);
INSERT INTO doctor (employeeid) VALUES (818);
INSERT INTO doctor_specialization(employeeid, specializationid) VALUES (818, 9);
INSERT INTO employee (employeeid, first_name, last_name, telephone_number, date_of_employment)VALUES (819, "Kristoffer", "Dahlberg", "018-372158", "2005-07-13);
INSERT INTO nurse (employeeid) VALUES (819);
INSERT INTO nurse_specialization(employee_id, specialization_id) VALUES (819, 10);
INSERT INTO employee (employeeid, first_name, last_name, telephone_number, date_of_employment)VALUES (820, "Jesper", "Wallin", "076-616568", "2005-12-01);
INSERT INTO assistant_nurse (employeeid) VALUES (820);
INSERT INTO employee (employeeid, first_name, last_name, telephone_number, date_of_employment)VALUES (821, "Susie", "Forsberg", "018-508645", "2011-12-11);
INSERT INTO assistant_nurse (employeeid) VALUES (821);
INSERT INTO employee (employeeid, first_name, last_name, telephone_number, date_of_employment)VALUES (822, "Gunni", "Sjöberg", "090-255258", "2013-07-11);
INSERT INTO doctor (employeeid) VALUES (822);
INSERT INTO doctor_specialization(employeeid, specializationid) VALUES (822, 3);
INSERT INTO employee (employeeid, first_name, last_name, telephone_number, date_of_employment)VALUES (823, "Frej", "Falk", "040-277363", "2005-12-05);
INSERT INTO doctor (employeeid) VALUES (823);

INSERT INTO employee (employeeid, first_name, last_name, telephone_number, date_of_employment)VALUES (824, "Violetta", "Nordin", "018-828001", "2008-12-06);
INSERT INTO doctor (employeeid) VALUES (824);

INSERT INTO employee (employeeid, first_name, last_name, telephone_number, date_of_employment)VALUES (825, "Urban", "Ström", "031-073820", "2007-12-29);
INSERT INTO assistant_nurse (employeeid) VALUES (825);
INSERT INTO employee (employeeid, first_name, last_name, telephone_number, date_of_employment)VALUES (826, "Jill", "Forsberg", "044-174443", "2014-06-22);
INSERT INTO doctor (employeeid) VALUES (826);
INSERT INTO doctor_specialization(employeeid, specializationid) VALUES (826, 16);
INSERT INTO employee (employeeid, first_name, last_name, telephone_number, date_of_employment)VALUES (827, "Adelina", "Hansson", "042-016427", "2010-04-22);
INSERT INTO nurse (employeeid) VALUES (827);
INSERT INTO nurse_specialization(employee_id, specialization_id) VALUES (827, 16);
INSERT INTO employee (employeeid, first_name, last_name, telephone_number, date_of_employment)VALUES (828, "Hanna", "Hermansson", "090-518325", "2006-06-22);
INSERT INTO assistant_nurse (employeeid) VALUES (828);
INSERT INTO employee (employeeid, first_name, last_name, telephone_number, date_of_employment)VALUES (829, "Valborg", "Holmqvist", "016-123545", "2006-08-31);
INSERT INTO doctor (employeeid) VALUES (829);
INSERT INTO doctor_specialization(employeeid, specializationid) VALUES (829, 5);
INSERT INTO employee (employeeid, first_name, last_name, telephone_number, date_of_employment)VALUES (830, "Minna", "Lind", "075-741083", "2007-03-05);
INSERT INTO doctor (employeeid) VALUES (830);
INSERT INTO doctor_specialization(employeeid, specializationid) VALUES (830, 7);
INSERT INTO employee (employeeid, first_name, last_name, telephone_number, date_of_employment)VALUES (831, "Elvira", "Ivarsson", "016-610102", "2011-10-20);
INSERT INTO assistant_nurse (employeeid) VALUES (831);
INSERT INTO employee (employeeid, first_name, last_name, telephone_number, date_of_employment)VALUES (832, "Fredrika", "Lindström", "078-411833", "2009-12-13);
INSERT INTO nurse (employeeid) VALUES (832);
INSERT INTO nurse_specialization(employee_id, specialization_id) VALUES (832, 12);
INSERT INTO employee (employeeid, first_name, last_name, telephone_number, date_of_employment)VALUES (833, "Heidi", "Wallin", "033-565220", "2008-09-20);
INSERT INTO doctor (employeeid) VALUES (833);
INSERT INTO doctor_specialization(employeeid, specializationid) VALUES (833, 10);
INSERT INTO employee (employeeid, first_name, last_name, telephone_number, date_of_employment)VALUES (834, "Valentina", "Månsson", "026-018610", "2011-06-04);
INSERT INTO doctor (employeeid) VALUES (834);
INSERT INTO doctor_specialization(employeeid, specializationid) VALUES (834, 15);
INSERT INTO employee (employeeid, first_name, last_name, telephone_number, date_of_employment)VALUES (835, "Connie", "Forsberg", "046-382631", "2012-09-12);
INSERT INTO doctor (employeeid) VALUES (835);
INSERT INTO doctor_specialization(employeeid, specializationid) VALUES (835, 9);
INSERT INTO employee (employeeid, first_name, last_name, telephone_number, date_of_employment)VALUES (836, "Ylva", "Sundström", "078-610868", "2014-10-13);
INSERT INTO doctor (employeeid) VALUES (836);
INSERT INTO doctor_specialization(employeeid, specializationid) VALUES (836, 15);
INSERT INTO employee (employeeid, first_name, last_name, telephone_number, date_of_employment)VALUES (837, "Alexander", "Henriksson", "070-171827", "2010-12-10);
INSERT INTO doctor (employeeid) VALUES (837);
INSERT INTO doctor_specialization(employeeid, specializationid) VALUES (837, 9);
INSERT INTO employee (employeeid, first_name, last_name, telephone_number, date_of_employment)VALUES (838, "Georgius", "Åberg", "040-305467", "2011-10-26);
INSERT INTO nurse (employeeid) VALUES (838);
INSERT INTO nurse_specialization(employee_id, specialization_id) VALUES (838, 9);
INSERT INTO employee (employeeid, first_name, last_name, telephone_number, date_of_employment)VALUES (839, "Sten", "Holmqvist", "023-401332", "2006-09-19);
INSERT INTO assistant_nurse (employeeid) VALUES (839);
INSERT INTO employee (employeeid, first_name, last_name, telephone_number, date_of_employment)VALUES (840, "Ragny", "Nyberg", "073-525724", "2013-03-26);
INSERT INTO assistant_nurse (employeeid) VALUES (840);
INSERT INTO employee (employeeid, first_name, last_name, telephone_number, date_of_employment)VALUES (841, "Berit", "Lindgren", "023-542552", "2008-08-17);
INSERT INTO assistant_nurse (employeeid) VALUES (841);
INSERT INTO employee (employeeid, first_name, last_name, telephone_number, date_of_employment)VALUES (842, "Giuseppe", "Eklund", "076-163564", "2013-01-13);
INSERT INTO nurse (employeeid) VALUES (842);
INSERT INTO nurse_specialization(employee_id, specialization_id) VALUES (842, 7);
INSERT INTO employee (employeeid, first_name, last_name, telephone_number, date_of_employment)VALUES (843, "Margita", "Andreasson", "090-620375", "2011-12-08);
INSERT INTO nurse (employeeid) VALUES (843);
INSERT INTO nurse_specialization(employee_id, specialization_id) VALUES (843, 7);
INSERT INTO employee (employeeid, first_name, last_name, telephone_number, date_of_employment)VALUES (844, "Finn", "Jonsson", "046-012082", "2013-03-06);
INSERT INTO nurse (employeeid) VALUES (844);
INSERT INTO nurse_specialization(employee_id, specialization_id) VALUES (844, 6);
INSERT INTO employee (employeeid, first_name, last_name, telephone_number, date_of_employment)VALUES (845, "Esse", "Holmqvist", "070-837444", "2006-11-03);
INSERT INTO assistant_nurse (employeeid) VALUES (845);
INSERT INTO employee (employeeid, first_name, last_name, telephone_number, date_of_employment)VALUES (846, "Nina", "Lindqvist", "042-258034", "2006-01-04);
INSERT INTO nurse (employeeid) VALUES (846);
INSERT INTO nurse_specialization(employee_id, specialization_id) VALUES (846, 13);
INSERT INTO employee (employeeid, first_name, last_name, telephone_number, date_of_employment)VALUES (847, "Jaakko", "Öberg", "077-237822", "2013-05-05);
INSERT INTO assistant_nurse (employeeid) VALUES (847);
INSERT INTO employee (employeeid, first_name, last_name, telephone_number, date_of_employment)VALUES (848, "Ivan", "Berglund", "019-738360", "2014-08-20);
INSERT INTO assistant_nurse (employeeid) VALUES (848);
INSERT INTO employee (employeeid, first_name, last_name, telephone_number, date_of_employment)VALUES (849, "Gunny", "Andreasson", "046-484473", "2011-08-29);
INSERT INTO assistant_nurse (employeeid) VALUES (849);
INSERT INTO employee (employeeid, first_name, last_name, telephone_number, date_of_employment)VALUES (850, "Kjell", "Svensson", "033-285722", "2010-05-21);
INSERT INTO nurse (employeeid) VALUES (850);
INSERT INTO nurse_specialization(employee_id, specialization_id) VALUES (850, 12);
INSERT INTO employee (employeeid, first_name, last_name, telephone_number, date_of_employment)VALUES (851, "Ragnvald", "Gunnarsson", "046-112215", "2008-12-06);
INSERT INTO nurse (employeeid) VALUES (851);

INSERT INTO employee (employeeid, first_name, last_name, telephone_number, date_of_employment)VALUES (852, "Alva", "Sandberg", "070-074478", "2014-12-29);
INSERT INTO nurse (employeeid) VALUES (852);
INSERT INTO nurse_specialization(employee_id, specialization_id) VALUES (852, 2);
INSERT INTO employee (employeeid, first_name, last_name, telephone_number, date_of_employment)VALUES (853, "Diana", "Pettersson", "060-835628", "2014-07-05);
INSERT INTO assistant_nurse (employeeid) VALUES (853);
INSERT INTO employee (employeeid, first_name, last_name, telephone_number, date_of_employment)VALUES (854, "George", "Holmqvist", "044-170862", "2007-12-28);
INSERT INTO assistant_nurse (employeeid) VALUES (854);
INSERT INTO employee (employeeid, first_name, last_name, telephone_number, date_of_employment)VALUES (855, "Jeanna", "Svensson", "019-526586", "2008-06-24);
INSERT INTO assistant_nurse (employeeid) VALUES (855);
INSERT INTO employee (employeeid, first_name, last_name, telephone_number, date_of_employment)VALUES (856, "Ulla", "Lundberg", "026-473271", "2006-09-28);
INSERT INTO nurse (employeeid) VALUES (856);

INSERT INTO employee (employeeid, first_name, last_name, telephone_number, date_of_employment)VALUES (857, "Linda", "Fredriksson", "063-638442", "2014-04-30);
INSERT INTO nurse (employeeid) VALUES (857);
INSERT INTO nurse_specialization(employee_id, specialization_id) VALUES (857, 10);
INSERT INTO employee (employeeid, first_name, last_name, telephone_number, date_of_employment)VALUES (858, "Conny", "Dahlberg", "076-261426", "2014-10-22);
INSERT INTO assistant_nurse (employeeid) VALUES (858);
INSERT INTO employee (employeeid, first_name, last_name, telephone_number, date_of_employment)VALUES (859, "Dorotea", "Hermansson", "035-527628", "2013-06-01);
INSERT INTO nurse (employeeid) VALUES (859);
INSERT INTO nurse_specialization(employee_id, specialization_id) VALUES (859, 3);
INSERT INTO employee (employeeid, first_name, last_name, telephone_number, date_of_employment)VALUES (860, "Manuela", "Svensson", "070-613854", "2005-07-11);
INSERT INTO assistant_nurse (employeeid) VALUES (860);
INSERT INTO employee (employeeid, first_name, last_name, telephone_number, date_of_employment)VALUES (861, "Signe", "Andersson", "021-704474", "2012-01-14);
INSERT INTO nurse (employeeid) VALUES (861);
INSERT INTO nurse_specialization(employee_id, specialization_id) VALUES (861, 1);
INSERT INTO employee (employeeid, first_name, last_name, telephone_number, date_of_employment)VALUES (862, "Jannie", "Andersson", "026-336405", "2009-01-20);
INSERT INTO nurse (employeeid) VALUES (862);
INSERT INTO nurse_specialization(employee_id, specialization_id) VALUES (862, 9);
INSERT INTO employee (employeeid, first_name, last_name, telephone_number, date_of_employment)VALUES (863, "Julio", "Mattsson", "077-217047", "2008-03-23);
INSERT INTO doctor (employeeid) VALUES (863);
INSERT INTO doctor_specialization(employeeid, specializationid) VALUES (863, 11);
INSERT INTO employee (employeeid, first_name, last_name, telephone_number, date_of_employment)VALUES (864, "Aslög", "Sandberg", "075-002742", "2008-03-31);
INSERT INTO assistant_nurse (employeeid) VALUES (864);
INSERT INTO employee (employeeid, first_name, last_name, telephone_number, date_of_employment)VALUES (865, "Hildegard", "Sundström", "011-640763", "2014-09-26);
INSERT INTO assistant_nurse (employeeid) VALUES (865);
INSERT INTO employee (employeeid, first_name, last_name, telephone_number, date_of_employment)VALUES (866, "Luise", "Eliasson", "063-228474", "2012-12-11);
INSERT INTO nurse (employeeid) VALUES (866);
INSERT INTO nurse_specialization(employee_id, specialization_id) VALUES (866, 5);
INSERT INTO employee (employeeid, first_name, last_name, telephone_number, date_of_employment)VALUES (867, "Antero", "Eliasson", "063-784301", "2009-09-05);
INSERT INTO doctor (employeeid) VALUES (867);
INSERT INTO doctor_specialization(employeeid, specializationid) VALUES (867, 2);
INSERT INTO employee (employeeid, first_name, last_name, telephone_number, date_of_employment)VALUES (868, "Reidar", "Jonasson", "016-504350", "2008-06-17);
INSERT INTO assistant_nurse (employeeid) VALUES (868);
INSERT INTO employee (employeeid, first_name, last_name, telephone_number, date_of_employment)VALUES (869, "Louise", "Arvidsson", "073-853732", "2005-02-14);
INSERT INTO assistant_nurse (employeeid) VALUES (869);
INSERT INTO employee (employeeid, first_name, last_name, telephone_number, date_of_employment)VALUES (870, "Sixten", "Gunnarsson", "074-060024", "2010-05-25);
INSERT INTO assistant_nurse (employeeid) VALUES (870);
INSERT INTO employee (employeeid, first_name, last_name, telephone_number, date_of_employment)VALUES (871, "Verna", "Andersson", "078-576402", "2014-06-14);
INSERT INTO nurse (employeeid) VALUES (871);

INSERT INTO employee (employeeid, first_name, last_name, telephone_number, date_of_employment)VALUES (872, "Arvo", "Lindström", "044-158382", "2010-01-09);
INSERT INTO assistant_nurse (employeeid) VALUES (872);
INSERT INTO employee (employeeid, first_name, last_name, telephone_number, date_of_employment)VALUES (873, "Madeleine", "Söderberg", "026-505266", "2006-09-20);
INSERT INTO nurse (employeeid) VALUES (873);
INSERT INTO nurse_specialization(employee_id, specialization_id) VALUES (873, 12);
INSERT INTO employee (employeeid, first_name, last_name, telephone_number, date_of_employment)VALUES (874, "Axel", "Nordström", "076-868745", "2012-12-27);
INSERT INTO doctor (employeeid) VALUES (874);
INSERT INTO doctor_specialization(employeeid, specializationid) VALUES (874, 10);
INSERT INTO employee (employeeid, first_name, last_name, telephone_number, date_of_employment)VALUES (875, "Petra", "Olofsson", "063-865473", "2009-04-24);
INSERT INTO assistant_nurse (employeeid) VALUES (875);
INSERT INTO employee (employeeid, first_name, last_name, telephone_number, date_of_employment)VALUES (876, "Björne", "Fredriksson", "019-677024", "2007-09-22);
INSERT INTO doctor (employeeid) VALUES (876);
INSERT INTO doctor_specialization(employeeid, specializationid) VALUES (876, 6);
INSERT INTO employee (employeeid, first_name, last_name, telephone_number, date_of_employment)VALUES (877, "Dick", "Andreasson", "018-185544", "2014-08-08);
INSERT INTO assistant_nurse (employeeid) VALUES (877);
INSERT INTO employee (employeeid, first_name, last_name, telephone_number, date_of_employment)VALUES (878, "Pirjo", "Jonasson", "075-154151", "2012-04-11);
INSERT INTO assistant_nurse (employeeid) VALUES (878);
INSERT INTO employee (employeeid, first_name, last_name, telephone_number, date_of_employment)VALUES (879, "Gunnila", "Lundberg", "076-657688", "2010-11-22);
INSERT INTO nurse (employeeid) VALUES (879);
INSERT INTO nurse_specialization(employee_id, specialization_id) VALUES (879, 7);
INSERT INTO employee (employeeid, first_name, last_name, telephone_number, date_of_employment)VALUES (880, "Ioannis", "Ek", "078-254507", "2005-02-17);
INSERT INTO nurse (employeeid) VALUES (880);
INSERT INTO nurse_specialization(employee_id, specialization_id) VALUES (880, 16);
INSERT INTO employee (employeeid, first_name, last_name, telephone_number, date_of_employment)VALUES (881, "Sonny", "Eklund", "078-537405", "2010-08-12);
INSERT INTO nurse (employeeid) VALUES (881);
INSERT INTO nurse_specialization(employee_id, specialization_id) VALUES (881, 5);
INSERT INTO employee (employeeid, first_name, last_name, telephone_number, date_of_employment)VALUES (882, "Elena", "Sundqvist", "033-323674", "2014-04-18);
INSERT INTO assistant_nurse (employeeid) VALUES (882);
INSERT INTO employee (employeeid, first_name, last_name, telephone_number, date_of_employment)VALUES (883, "Niklas", "Månsson", "090-731855", "2008-10-04);
INSERT INTO nurse (employeeid) VALUES (883);
INSERT INTO nurse_specialization(employee_id, specialization_id) VALUES (883, 8);
INSERT INTO employee (employeeid, first_name, last_name, telephone_number, date_of_employment)VALUES (884, "Billy", "Åström", "042-731855", "2007-07-01);
INSERT INTO assistant_nurse (employeeid) VALUES (884);
INSERT INTO employee (employeeid, first_name, last_name, telephone_number, date_of_employment)VALUES (885, "Toni", "Arvidsson", "019-075558", "2006-08-29);
INSERT INTO assistant_nurse (employeeid) VALUES (885);
INSERT INTO employee (employeeid, first_name, last_name, telephone_number, date_of_employment)VALUES (886, "James", "Jonsson", "036-267681", "2011-05-29);
INSERT INTO assistant_nurse (employeeid) VALUES (886);
INSERT INTO employee (employeeid, first_name, last_name, telephone_number, date_of_employment)VALUES (887, "Hannele", "Larsson", "073-614137", "2014-03-19);
INSERT INTO nurse (employeeid) VALUES (887);

INSERT INTO employee (employeeid, first_name, last_name, telephone_number, date_of_employment)VALUES (888, "Ted", "Dahlberg", "060-013156", "2010-10-22);
INSERT INTO doctor (employeeid) VALUES (888);
INSERT INTO doctor_specialization(employeeid, specializationid) VALUES (888, 16);
INSERT INTO employee (employeeid, first_name, last_name, telephone_number, date_of_employment)VALUES (889, "Evelina", "Sundberg", "076-663563", "2009-01-06);
INSERT INTO assistant_nurse (employeeid) VALUES (889);
INSERT INTO employee (employeeid, first_name, last_name, telephone_number, date_of_employment)VALUES (890, "Frida", "Holmberg", "063-638271", "2008-06-26);
INSERT INTO nurse (employeeid) VALUES (890);
INSERT INTO nurse_specialization(employee_id, specialization_id) VALUES (890, 1);
INSERT INTO employee (employeeid, first_name, last_name, telephone_number, date_of_employment)VALUES (891, "Sissela", "Lind", "063-522326", "2007-09-18);
INSERT INTO doctor (employeeid) VALUES (891);
INSERT INTO doctor_specialization(employeeid, specializationid) VALUES (891, 12);
INSERT INTO employee (employeeid, first_name, last_name, telephone_number, date_of_employment)VALUES (892, "Ivan", "Söderberg", "072-125832", "2009-05-27);
INSERT INTO assistant_nurse (employeeid) VALUES (892);
INSERT INTO employee (employeeid, first_name, last_name, telephone_number, date_of_employment)VALUES (893, "Ulrike", "Falk", "070-108376", "2007-10-05);
INSERT INTO assistant_nurse (employeeid) VALUES (893);
INSERT INTO employee (employeeid, first_name, last_name, telephone_number, date_of_employment)VALUES (894, "Brigitte", "Abrahamsson", "072-265751", "2006-09-30);
INSERT INTO assistant_nurse (employeeid) VALUES (894);
INSERT INTO employee (employeeid, first_name, last_name, telephone_number, date_of_employment)VALUES (895, "Rosina", "Jonsson", "035-187726", "2011-06-10);
INSERT INTO assistant_nurse (employeeid) VALUES (895);
INSERT INTO employee (employeeid, first_name, last_name, telephone_number, date_of_employment)VALUES (896, "Morgan", "Claesson", "075-331740", "2007-07-02);
INSERT INTO nurse (employeeid) VALUES (896);

INSERT INTO employee (employeeid, first_name, last_name, telephone_number, date_of_employment)VALUES (897, "Bessie", "Wallin", "078-614885", "2014-10-07);
INSERT INTO nurse (employeeid) VALUES (897);

INSERT INTO employee (employeeid, first_name, last_name, telephone_number, date_of_employment)VALUES (898, "Ingela", "Lindberg", "036-387632", "2006-02-08);
INSERT INTO doctor (employeeid) VALUES (898);
INSERT INTO doctor_specialization(employeeid, specializationid) VALUES (898, 13);
INSERT INTO employee (employeeid, first_name, last_name, telephone_number, date_of_employment)VALUES (899, "Marjatta", "Olofsson", "036-228631", "2012-10-29);
INSERT INTO assistant_nurse (employeeid) VALUES (899);
INSERT INTO employee (employeeid, first_name, last_name, telephone_number, date_of_employment)VALUES (900, "Jim", "Öberg", "074-523767", "2009-08-06);
INSERT INTO doctor (employeeid) VALUES (900);
INSERT INTO doctor_specialization(employeeid, specializationid) VALUES (900, 15);
INSERT INTO employee (employeeid, first_name, last_name, telephone_number, date_of_employment)VALUES (901, "Freddie", "Johansson", "072-858468", "2008-03-04);
INSERT INTO nurse (employeeid) VALUES (901);

INSERT INTO employee (employeeid, first_name, last_name, telephone_number, date_of_employment)VALUES (902, "Stephen", "Andreasson", "040-246421", "2006-04-12);
INSERT INTO nurse (employeeid) VALUES (902);
INSERT INTO nurse_specialization(employee_id, specialization_id) VALUES (902, 15);
INSERT INTO employee (employeeid, first_name, last_name, telephone_number, date_of_employment)VALUES (903, "Gustav", "Martinsson", "040-122348", "2007-09-13);
INSERT INTO doctor (employeeid) VALUES (903);
INSERT INTO doctor_specialization(employeeid, specializationid) VALUES (903, 2);
INSERT INTO employee (employeeid, first_name, last_name, telephone_number, date_of_employment)VALUES (904, "Elise", "Åström", "078-254507", "2010-01-16);
INSERT INTO assistant_nurse (employeeid) VALUES (904);
INSERT INTO employee (employeeid, first_name, last_name, telephone_number, date_of_employment)VALUES (905, "Andras", "Hansson", "072-282253", "2014-05-05);
INSERT INTO assistant_nurse (employeeid) VALUES (905);
INSERT INTO employee (employeeid, first_name, last_name, telephone_number, date_of_employment)VALUES (906, "Marika", "Jönsson", "070-486132", "2007-05-10);
INSERT INTO assistant_nurse (employeeid) VALUES (906);
INSERT INTO employee (employeeid, first_name, last_name, telephone_number, date_of_employment)VALUES (907, "Marianne", "Åkesson", "078-174773", "2011-03-19);
INSERT INTO assistant_nurse (employeeid) VALUES (907);
INSERT INTO employee (employeeid, first_name, last_name, telephone_number, date_of_employment)VALUES (908, "Georges", "Eriksson", "075-506354", "2010-06-19);
INSERT INTO doctor (employeeid) VALUES (908);
INSERT INTO doctor_specialization(employeeid, specializationid) VALUES (908, 10);
INSERT INTO employee (employeeid, first_name, last_name, telephone_number, date_of_employment)VALUES (909, "Albin", "Ivarsson", "044-058351", "2008-08-07);
INSERT INTO assistant_nurse (employeeid) VALUES (909);
INSERT INTO employee (employeeid, first_name, last_name, telephone_number, date_of_employment)VALUES (910, "Lennie", "Abrahamsson", "042-250723", "2012-11-08);
INSERT INTO doctor (employeeid) VALUES (910);
INSERT INTO doctor_specialization(employeeid, specializationid) VALUES (910, 13);
INSERT INTO employee (employeeid, first_name, last_name, telephone_number, date_of_employment)VALUES (911, "Violet", "Holmgren", "016-418310", "2012-04-30);
INSERT INTO nurse (employeeid) VALUES (911);
INSERT INTO nurse_specialization(employee_id, specialization_id) VALUES (911, 6);
INSERT INTO employee (employeeid, first_name, last_name, telephone_number, date_of_employment)VALUES (912, "Emma", "Nyberg", "076-026453", "2012-11-14);
INSERT INTO doctor (employeeid) VALUES (912);
INSERT INTO doctor_specialization(employeeid, specializationid) VALUES (912, 4);
INSERT INTO employee (employeeid, first_name, last_name, telephone_number, date_of_employment)VALUES (913, "Otto", "Lundström", "026-142575", "2009-07-26);
INSERT INTO assistant_nurse (employeeid) VALUES (913);
INSERT INTO employee (employeeid, first_name, last_name, telephone_number, date_of_employment)VALUES (914, "Tyra", "Jonasson", "074-820772", "2008-11-03);
INSERT INTO doctor (employeeid) VALUES (914);
INSERT INTO doctor_specialization(employeeid, specializationid) VALUES (914, 2);
INSERT INTO employee (employeeid, first_name, last_name, telephone_number, date_of_employment)VALUES (915, "Erland", "Hansen", "075-738360", "2013-10-02);
INSERT INTO nurse (employeeid) VALUES (915);
INSERT INTO nurse_specialization(employee_id, specialization_id) VALUES (915, 13);
INSERT INTO employee (employeeid, first_name, last_name, telephone_number, date_of_employment)VALUES (916, "Glenn", "Lindqvist", "036-245213", "2012-04-27);
INSERT INTO assistant_nurse (employeeid) VALUES (916);
INSERT INTO employee (employeeid, first_name, last_name, telephone_number, date_of_employment)VALUES (917, "Botilda", "Wallin", "077-786205", "2005-07-05);
INSERT INTO doctor (employeeid) VALUES (917);

INSERT INTO employee (employeeid, first_name, last_name, telephone_number, date_of_employment)VALUES (918, "Magda", "Björk", "023-578632", "2012-08-18);
INSERT INTO doctor (employeeid) VALUES (918);
INSERT INTO doctor_specialization(employeeid, specializationid) VALUES (918, 14);
INSERT INTO employee (employeeid, first_name, last_name, telephone_number, date_of_employment)VALUES (919, "Andy", "Månsson", "019-532356", "2012-12-12);
INSERT INTO nurse (employeeid) VALUES (919);
INSERT INTO nurse_specialization(employee_id, specialization_id) VALUES (919, 12);
INSERT INTO employee (employeeid, first_name, last_name, telephone_number, date_of_employment)VALUES (920, "Eddie", "Bergqvist", "031-184705", "2006-09-12);
INSERT INTO doctor (employeeid) VALUES (920);
INSERT INTO doctor_specialization(employeeid, specializationid) VALUES (920, 3);
INSERT INTO employee (employeeid, first_name, last_name, telephone_number, date_of_employment)VALUES (921, "Jan", "Hellström", "072-750643", "2011-07-22);
INSERT INTO nurse (employeeid) VALUES (921);
INSERT INTO nurse_specialization(employee_id, specialization_id) VALUES (921, 12);
INSERT INTO employee (employeeid, first_name, last_name, telephone_number, date_of_employment)VALUES (922, "Tommy", "Axelsson", "019-427588", "2005-04-25);
INSERT INTO doctor (employeeid) VALUES (922);
INSERT INTO doctor_specialization(employeeid, specializationid) VALUES (922, 3);
INSERT INTO employee (employeeid, first_name, last_name, telephone_number, date_of_employment)VALUES (923, "Måns", "Olofsson", "077-660166", "2007-02-12);
INSERT INTO nurse (employeeid) VALUES (923);
INSERT INTO nurse_specialization(employee_id, specialization_id) VALUES (923, 12);
INSERT INTO employee (employeeid, first_name, last_name, telephone_number, date_of_employment)VALUES (924, "Simone", "Lundin", "021-410854", "2012-08-19);
INSERT INTO doctor (employeeid) VALUES (924);
INSERT INTO doctor_specialization(employeeid, specializationid) VALUES (924, 1);
INSERT INTO employee (employeeid, first_name, last_name, telephone_number, date_of_employment)VALUES (925, "Hannele", "Nyström", "063-676737", "2007-08-08);
INSERT INTO doctor (employeeid) VALUES (925);
INSERT INTO doctor_specialization(employeeid, specializationid) VALUES (925, 3);
INSERT INTO employee (employeeid, first_name, last_name, telephone_number, date_of_employment)VALUES (926, "Leopold", "Nyström", "076-112401", "2012-02-24);
INSERT INTO nurse (employeeid) VALUES (926);
INSERT INTO nurse_specialization(employee_id, specialization_id) VALUES (926, 7);
INSERT INTO employee (employeeid, first_name, last_name, telephone_number, date_of_employment)VALUES (927, "Algot", "Mårtensson", "023-737812", "2006-09-01);
INSERT INTO assistant_nurse (employeeid) VALUES (927);
INSERT INTO employee (employeeid, first_name, last_name, telephone_number, date_of_employment)VALUES (928, "Fredrika", "Karlsson", "021-766678", "2014-12-25);
INSERT INTO assistant_nurse (employeeid) VALUES (928);
INSERT INTO employee (employeeid, first_name, last_name, telephone_number, date_of_employment)VALUES (929, "Harald", "Berg", "044-477832", "2011-03-29);
INSERT INTO nurse (employeeid) VALUES (929);
INSERT INTO nurse_specialization(employee_id, specialization_id) VALUES (929, 7);
INSERT INTO employee (employeeid, first_name, last_name, telephone_number, date_of_employment)VALUES (930, "Denise", "Lind", "046-836347", "2008-11-13);
INSERT INTO assistant_nurse (employeeid) VALUES (930);
INSERT INTO employee (employeeid, first_name, last_name, telephone_number, date_of_employment)VALUES (931, "Mirja", "Gustafsson", "040-166682", "2008-08-25);
INSERT INTO assistant_nurse (employeeid) VALUES (931);
INSERT INTO employee (employeeid, first_name, last_name, telephone_number, date_of_employment)VALUES (932, "Maggie", "Olofsson", "074-455314", "2005-01-08);
INSERT INTO assistant_nurse (employeeid) VALUES (932);
INSERT INTO employee (employeeid, first_name, last_name, telephone_number, date_of_employment)VALUES (933, "Juliette", "Ivarsson", "074-251121", "2005-06-22);
INSERT INTO doctor (employeeid) VALUES (933);
INSERT INTO doctor_specialization(employeeid, specializationid) VALUES (933, 15);
INSERT INTO employee (employeeid, first_name, last_name, telephone_number, date_of_employment)VALUES (934, "Helli", "Björk", "042-854215", "2011-10-10);
INSERT INTO nurse (employeeid) VALUES (934);
INSERT INTO nurse_specialization(employee_id, specialization_id) VALUES (934, 15);
INSERT INTO employee (employeeid, first_name, last_name, telephone_number, date_of_employment)VALUES (935, "Eugenia", "Blom", "042-646003", "2005-07-14);
INSERT INTO assistant_nurse (employeeid) VALUES (935);
INSERT INTO employee (employeeid, first_name, last_name, telephone_number, date_of_employment)VALUES (936, "Pauli", "Ekström", "044-463008", "2014-11-11);
INSERT INTO doctor (employeeid) VALUES (936);

INSERT INTO employee (employeeid, first_name, last_name, telephone_number, date_of_employment)VALUES (937, "Lisa", "Söderberg", "026-841135", "2011-09-07);
INSERT INTO nurse (employeeid) VALUES (937);
INSERT INTO nurse_specialization(employee_id, specialization_id) VALUES (937, 1);
INSERT INTO employee (employeeid, first_name, last_name, telephone_number, date_of_employment)VALUES (938, "Kent", "Pettersson", "021-640244", "2010-08-08);
INSERT INTO doctor (employeeid) VALUES (938);

INSERT INTO employee (employeeid, first_name, last_name, telephone_number, date_of_employment)VALUES (939, "Eleonora", "Lund", "035-758674", "2010-02-28);
INSERT INTO doctor (employeeid) VALUES (939);

INSERT INTO employee (employeeid, first_name, last_name, telephone_number, date_of_employment)VALUES (940, "Simon", "Hedlund", "033-204875", "2006-03-13);
INSERT INTO doctor (employeeid) VALUES (940);
INSERT INTO doctor_specialization(employeeid, specializationid) VALUES (940, 2);
INSERT INTO employee (employeeid, first_name, last_name, telephone_number, date_of_employment)VALUES (941, "Malene", "Sjögren", "074-333635", "2010-03-09);
INSERT INTO doctor (employeeid) VALUES (941);

INSERT INTO employee (employeeid, first_name, last_name, telephone_number, date_of_employment)VALUES (942, "Tilde", "Bergqvist", "033-568310", "2011-12-09);
INSERT INTO nurse (employeeid) VALUES (942);
INSERT INTO nurse_specialization(employee_id, specialization_id) VALUES (942, 13);
INSERT INTO employee (employeeid, first_name, last_name, telephone_number, date_of_employment)VALUES (943, "Katrin", "Nyström", "044-371621", "2010-05-28);
INSERT INTO assistant_nurse (employeeid) VALUES (943);
INSERT INTO employee (employeeid, first_name, last_name, telephone_number, date_of_employment)VALUES (944, "Reine", "Jansson", "021-705802", "2012-11-23);
INSERT INTO nurse (employeeid) VALUES (944);
INSERT INTO nurse_specialization(employee_id, specialization_id) VALUES (944, 4);
INSERT INTO employee (employeeid, first_name, last_name, telephone_number, date_of_employment)VALUES (945, "Vincent", "Lundström", "019-414642", "2011-07-05);
INSERT INTO doctor (employeeid) VALUES (945);
INSERT INTO doctor_specialization(employeeid, specializationid) VALUES (945, 2);
INSERT INTO employee (employeeid, first_name, last_name, telephone_number, date_of_employment)VALUES (946, "Stellan", "Bergström", "019-477702", "2012-06-07);
INSERT INTO assistant_nurse (employeeid) VALUES (946);
INSERT INTO employee (employeeid, first_name, last_name, telephone_number, date_of_employment)VALUES (947, "Vilhelm", "Lindholm", "033-636052", "2010-08-22);
INSERT INTO nurse (employeeid) VALUES (947);
INSERT INTO nurse_specialization(employee_id, specialization_id) VALUES (947, 9);
INSERT INTO employee (employeeid, first_name, last_name, telephone_number, date_of_employment)VALUES (948, "Franciska", "Sjöberg", "031-317034", "2009-03-01);
INSERT INTO assistant_nurse (employeeid) VALUES (948);
INSERT INTO employee (employeeid, first_name, last_name, telephone_number, date_of_employment)VALUES (949, "Anselm", "Bergström", "063-866131", "2009-04-05);
INSERT INTO nurse (employeeid) VALUES (949);

INSERT INTO employee (employeeid, first_name, last_name, telephone_number, date_of_employment)VALUES (950, "Rakel", "Berggren", "035-466245", "2006-04-01);
INSERT INTO nurse (employeeid) VALUES (950);
INSERT INTO nurse_specialization(employee_id, specialization_id) VALUES (950, 9);
INSERT INTO employee (employeeid, first_name, last_name, telephone_number, date_of_employment)VALUES (951, "Emelie", "Sundberg", "090-524206", "2012-10-03);
INSERT INTO nurse (employeeid) VALUES (951);

INSERT INTO employee (employeeid, first_name, last_name, telephone_number, date_of_employment)VALUES (952, "Johan", "Hansen", "040-477702", "2008-09-01);
INSERT INTO nurse (employeeid) VALUES (952);
INSERT INTO nurse_specialization(employee_id, specialization_id) VALUES (952, 13);
INSERT INTO employee (employeeid, first_name, last_name, telephone_number, date_of_employment)VALUES (953, "Edit", "Lundqvist", "060-058284", "2007-08-23);
INSERT INTO assistant_nurse (employeeid) VALUES (953);
INSERT INTO employee (employeeid, first_name, last_name, telephone_number, date_of_employment)VALUES (954, "Tönnes", "Holm", "021-102124", "2010-02-21);
INSERT INTO nurse (employeeid) VALUES (954);
INSERT INTO nurse_specialization(employee_id, specialization_id) VALUES (954, 3);
INSERT INTO employee (employeeid, first_name, last_name, telephone_number, date_of_employment)VALUES (955, "Ina", "Strömberg", "090-572505", "2010-05-31);
INSERT INTO doctor (employeeid) VALUES (955);
INSERT INTO doctor_specialization(employeeid, specializationid) VALUES (955, 13);
INSERT INTO employee (employeeid, first_name, last_name, telephone_number, date_of_employment)VALUES (956, "Berthold", "Wikström", "042-728402", "2009-11-09);
INSERT INTO doctor (employeeid) VALUES (956);
INSERT INTO doctor_specialization(employeeid, specializationid) VALUES (956, 11);
INSERT INTO employee (employeeid, first_name, last_name, telephone_number, date_of_employment)VALUES (957, "John", "Lindqvist", "031-870511", "2008-08-26);
INSERT INTO nurse (employeeid) VALUES (957);

INSERT INTO employee (employeeid, first_name, last_name, telephone_number, date_of_employment)VALUES (958, "Gurly", "Fransson", "018-658447", "2010-03-22);
INSERT INTO nurse (employeeid) VALUES (958);

INSERT INTO employee (employeeid, first_name, last_name, telephone_number, date_of_employment)VALUES (959, "Lisbet", "Lundin", "073-112111", "2006-07-03);
INSERT INTO doctor (employeeid) VALUES (959);
INSERT INTO doctor_specialization(employeeid, specializationid) VALUES (959, 14);
INSERT INTO employee (employeeid, first_name, last_name, telephone_number, date_of_employment)VALUES (960, "Mariette", "Lundström", "078-801175", "2011-02-26);
INSERT INTO nurse (employeeid) VALUES (960);

INSERT INTO employee (employeeid, first_name, last_name, telephone_number, date_of_employment)VALUES (961, "Stephen", "Eriksson", "073-548012", "2008-04-17);
INSERT INTO nurse (employeeid) VALUES (961);

INSERT INTO employee (employeeid, first_name, last_name, telephone_number, date_of_employment)VALUES (962, "Halvard", "Bengtsson", "073-262283", "2013-07-16);
INSERT INTO assistant_nurse (employeeid) VALUES (962);
INSERT INTO employee (employeeid, first_name, last_name, telephone_number, date_of_employment)VALUES (963, "Liz", "Lundin", "019-423756", "2011-11-16);
INSERT INTO nurse (employeeid) VALUES (963);
INSERT INTO nurse_specialization(employee_id, specialization_id) VALUES (963, 15);
INSERT INTO employee (employeeid, first_name, last_name, telephone_number, date_of_employment)VALUES (964, "Leif", "Jansson", "046-685352", "2012-04-15);
INSERT INTO nurse (employeeid) VALUES (964);

INSERT INTO employee (employeeid, first_name, last_name, telephone_number, date_of_employment)VALUES (965, "Sonny", "Forsberg", "026-225357", "2012-06-16);
INSERT INTO assistant_nurse (employeeid) VALUES (965);
INSERT INTO employee (employeeid, first_name, last_name, telephone_number, date_of_employment)VALUES (966, "Peder", "Ek", "073-651838", "2014-10-09);
INSERT INTO doctor (employeeid) VALUES (966);

INSERT INTO employee (employeeid, first_name, last_name, telephone_number, date_of_employment)VALUES (967, "Lisbet", "Andreasson", "026-083473", "2005-09-18);
INSERT INTO assistant_nurse (employeeid) VALUES (967);
INSERT INTO employee (employeeid, first_name, last_name, telephone_number, date_of_employment)VALUES (968, "Vilma", "Svensson", "021-065170", "2012-10-18);
INSERT INTO assistant_nurse (employeeid) VALUES (968);
INSERT INTO employee (employeeid, first_name, last_name, telephone_number, date_of_employment)VALUES (969, "Alba", "Sundqvist", "060-222705", "2007-12-01);
INSERT INTO assistant_nurse (employeeid) VALUES (969);
INSERT INTO employee (employeeid, first_name, last_name, telephone_number, date_of_employment)VALUES (970, "Anita", "Blom", "019-425641", "2014-07-03);
INSERT INTO assistant_nurse (employeeid) VALUES (970);
INSERT INTO employee (employeeid, first_name, last_name, telephone_number, date_of_employment)VALUES (971, "Dorrit", "Nyström", "018-061476", "2009-10-31);
INSERT INTO nurse (employeeid) VALUES (971);
INSERT INTO nurse_specialization(employee_id, specialization_id) VALUES (971, 16);
INSERT INTO employee (employeeid, first_name, last_name, telephone_number, date_of_employment)VALUES (972, "Juhani", "Eklund", "072-006286", "2011-09-15);
INSERT INTO assistant_nurse (employeeid) VALUES (972);
INSERT INTO employee (employeeid, first_name, last_name, telephone_number, date_of_employment)VALUES (973, "Joakim", "Falk", "042-618160", "2005-01-16);
INSERT INTO nurse (employeeid) VALUES (973);
INSERT INTO nurse_specialization(employee_id, specialization_id) VALUES (973, 5);
INSERT INTO employee (employeeid, first_name, last_name, telephone_number, date_of_employment)VALUES (974, "Allan", "Nordström", "078-701248", "2010-08-02);
INSERT INTO nurse (employeeid) VALUES (974);
INSERT INTO nurse_specialization(employee_id, specialization_id) VALUES (974, 9);
INSERT INTO employee (employeeid, first_name, last_name, telephone_number, date_of_employment)VALUES (975, "Antoni", "Jonasson", "026-288541", "2006-11-12);
INSERT INTO doctor (employeeid) VALUES (975);
INSERT INTO doctor_specialization(employeeid, specializationid) VALUES (975, 2);
INSERT INTO employee (employeeid, first_name, last_name, telephone_number, date_of_employment)VALUES (976, "Larry", "Blomqvist", "021-058284", "2005-08-05);
INSERT INTO doctor (employeeid) VALUES (976);
INSERT INTO doctor_specialization(employeeid, specializationid) VALUES (976, 8);
INSERT INTO employee (employeeid, first_name, last_name, telephone_number, date_of_employment)VALUES (977, "Tove", "Mattsson", "036-007367", "2014-12-03);
INSERT INTO assistant_nurse (employeeid) VALUES (977);
INSERT INTO employee (employeeid, first_name, last_name, telephone_number, date_of_employment)VALUES (978, "Valborg", "Berglund", "023-563761", "2014-10-12);
INSERT INTO nurse (employeeid) VALUES (978);
INSERT INTO nurse_specialization(employee_id, specialization_id) VALUES (978, 5);
INSERT INTO employee (employeeid, first_name, last_name, telephone_number, date_of_employment)VALUES (979, "Diane", "Blomqvist", "018-282427", "2010-09-09);
INSERT INTO nurse (employeeid) VALUES (979);
INSERT INTO nurse_specialization(employee_id, specialization_id) VALUES (979, 2);
INSERT INTO employee (employeeid, first_name, last_name, telephone_number, date_of_employment)VALUES (980, "Kajsa", "Sundberg", "075-534770", "2006-04-30);
INSERT INTO doctor (employeeid) VALUES (980);
INSERT INTO doctor_specialization(employeeid, specializationid) VALUES (980, 11);
INSERT INTO employee (employeeid, first_name, last_name, telephone_number, date_of_employment)VALUES (981, "Violette", "Berg", "042-473271", "2010-04-01);
INSERT INTO nurse (employeeid) VALUES (981);
INSERT INTO nurse_specialization(employee_id, specialization_id) VALUES (981, 16);
INSERT INTO employee (employeeid, first_name, last_name, telephone_number, date_of_employment)VALUES (982, "Georges", "Holmqvist", "023-441850", "2007-10-02);
INSERT INTO nurse (employeeid) VALUES (982);
INSERT INTO nurse_specialization(employee_id, specialization_id) VALUES (982, 5);
INSERT INTO employee (employeeid, first_name, last_name, telephone_number, date_of_employment)VALUES (983, "Viva", "Bergström", "031-314550", "2014-07-13);
INSERT INTO nurse (employeeid) VALUES (983);
INSERT INTO nurse_specialization(employee_id, specialization_id) VALUES (983, 11);
INSERT INTO employee (employeeid, first_name, last_name, telephone_number, date_of_employment)VALUES (984, "Adele", "Öberg", "078-306507", "2012-05-08);
INSERT INTO nurse (employeeid) VALUES (984);
INSERT INTO nurse_specialization(employee_id, specialization_id) VALUES (984, 7);
INSERT INTO employee (employeeid, first_name, last_name, telephone_number, date_of_employment)VALUES (985, "Nilla", "Hansson", "019-284338", "2008-06-25);
INSERT INTO assistant_nurse (employeeid) VALUES (985);
INSERT INTO employee (employeeid, first_name, last_name, telephone_number, date_of_employment)VALUES (986, "Risto", "Sandström", "021-677808", "2007-07-28);
INSERT INTO doctor (employeeid) VALUES (986);
INSERT INTO doctor_specialization(employeeid, specializationid) VALUES (986, 3);
INSERT INTO employee (employeeid, first_name, last_name, telephone_number, date_of_employment)VALUES (987, "Mait", "Lundgren", "016-512814", "2009-04-04);
INSERT INTO nurse (employeeid) VALUES (987);
INSERT INTO nurse_specialization(employee_id, specialization_id) VALUES (987, 12);
INSERT INTO employee (employeeid, first_name, last_name, telephone_number, date_of_employment)VALUES (988, "Hakon", "Jakobsson", "011-740458", "2006-01-19);
INSERT INTO nurse (employeeid) VALUES (988);

INSERT INTO employee (employeeid, first_name, last_name, telephone_number, date_of_employment)VALUES (989, "Line", "Ivarsson", "073-015864", "2012-06-15);
INSERT INTO assistant_nurse (employeeid) VALUES (989);
INSERT INTO employee (employeeid, first_name, last_name, telephone_number, date_of_employment)VALUES (990, "Luisa", "Jönsson", "023-115217", "2010-10-13);
INSERT INTO doctor (employeeid) VALUES (990);
INSERT INTO doctor_specialization(employeeid, specializationid) VALUES (990, 9);
INSERT INTO employee (employeeid, first_name, last_name, telephone_number, date_of_employment)VALUES (991, "Gusti", "Eklund", "076-455128", "2011-02-26);
INSERT INTO doctor (employeeid) VALUES (991);

INSERT INTO employee (employeeid, first_name, last_name, telephone_number, date_of_employment)VALUES (992, "Ruben", "Sjöberg", "040-177836", "2014-10-01);
INSERT INTO assistant_nurse (employeeid) VALUES (992);
INSERT INTO employee (employeeid, first_name, last_name, telephone_number, date_of_employment)VALUES (993, "Kickan", "Bengtsson", "070-810576", "2011-08-24);
INSERT INTO doctor (employeeid) VALUES (993);
INSERT INTO doctor_specialization(employeeid, specializationid) VALUES (993, 10);
INSERT INTO employee (employeeid, first_name, last_name, telephone_number, date_of_employment)VALUES (994, "Pia", "Karlsson", "033-602317", "2009-04-02);
INSERT INTO assistant_nurse (employeeid) VALUES (994);
INSERT INTO employee (employeeid, first_name, last_name, telephone_number, date_of_employment)VALUES (995, "Juhani", "Sundberg", "078-245375", "2008-08-05);
INSERT INTO nurse (employeeid) VALUES (995);
INSERT INTO nurse_specialization(employee_id, specialization_id) VALUES (995, 16);
INSERT INTO employee (employeeid, first_name, last_name, telephone_number, date_of_employment)VALUES (996, "Maximilian", "Lindberg", "016-821355", "2014-01-29);
INSERT INTO nurse (employeeid) VALUES (996);
INSERT INTO nurse_specialization(employee_id, specialization_id) VALUES (996, 9);
INSERT INTO employee (employeeid, first_name, last_name, telephone_number, date_of_employment)VALUES (997, "Minna", "Lundgren", "042-846138", "2005-04-26);
INSERT INTO nurse (employeeid) VALUES (997);
INSERT INTO nurse_specialization(employee_id, specialization_id) VALUES (997, 16);
INSERT INTO employee (employeeid, first_name, last_name, telephone_number, date_of_employment)VALUES (998, "Andy", "Jansson", "042-178222", "2010-03-03);
INSERT INTO assistant_nurse (employeeid) VALUES (998);
INSERT INTO employee (employeeid, first_name, last_name, telephone_number, date_of_employment)VALUES (999, "Leonora", "Gustafsson", "016-071134", "2008-06-22);
INSERT INTO nurse (employeeid) VALUES (999);
INSERT INTO nurse_specialization(employee_id, specialization_id) VALUES (999, 5);
INSERT INTO employee (employeeid, first_name, last_name, telephone_number, date_of_employment)VALUES (1000, "Ingar", "Olsson", "072-572754", "2014-07-26);
INSERT INTO assistant_nurse (employeeid) VALUES (1000);
INSERT INTO employee (employeeid, first_name, last_name, telephone_number, date_of_employment)VALUES (1001, "Line", "Eklund", "042-075558", "2014-02-27);
INSERT INTO nurse (employeeid) VALUES (1001);

INSERT INTO employee (employeeid, first_name, last_name, telephone_number, date_of_employment)VALUES (1002, "Line", "Holmberg", "023-070872", "2012-05-14);
INSERT INTO doctor (employeeid) VALUES (1002);
INSERT INTO doctor_specialization(employeeid, specializationid) VALUES (1002, 14);
INSERT INTO employee (employeeid, first_name, last_name, telephone_number, date_of_employment)VALUES (1003, "Axel", "Fransson", "023-548300", "2009-11-07);
INSERT INTO doctor (employeeid) VALUES (1003);
INSERT INTO doctor_specialization(employeeid, specializationid) VALUES (1003, 7);
INSERT INTO employee (employeeid, first_name, last_name, telephone_number, date_of_employment)VALUES (1004, "Arent", "Jansson", "019-802234", "2013-02-20);
INSERT INTO doctor (employeeid) VALUES (1004);
INSERT INTO doctor_specialization(employeeid, specializationid) VALUES (1004, 5);
INSERT INTO employee (employeeid, first_name, last_name, telephone_number, date_of_employment)VALUES (1005, "Louise", "Andreasson", "073-651252", "2012-02-22);
INSERT INTO doctor (employeeid) VALUES (1005);
INSERT INTO doctor_specialization(employeeid, specializationid) VALUES (1005, 15);
INSERT INTO employee (employeeid, first_name, last_name, telephone_number, date_of_employment)VALUES (1006, "Katinka", "Falk", "036-468328", "2013-02-11);
INSERT INTO assistant_nurse (employeeid) VALUES (1006);
INSERT INTO employee (employeeid, first_name, last_name, telephone_number, date_of_employment)VALUES (1007, "Elly", "Lindgren", "076-555022", "2006-11-13);
INSERT INTO assistant_nurse (employeeid) VALUES (1007);
INSERT INTO employee (employeeid, first_name, last_name, telephone_number, date_of_employment)VALUES (1008, "Nanna", "Jonsson", "070-254701", "2010-11-24);
INSERT INTO nurse (employeeid) VALUES (1008);
INSERT INTO nurse_specialization(employee_id, specialization_id) VALUES (1008, 9);
INSERT INTO employee (employeeid, first_name, last_name, telephone_number, date_of_employment)VALUES (1009, "Otto", "Hansson", "044-382382", "2009-07-05);
INSERT INTO nurse (employeeid) VALUES (1009);
INSERT INTO nurse_specialization(employee_id, specialization_id) VALUES (1009, 16);
INSERT INTO employee (employeeid, first_name, last_name, telephone_number, date_of_employment)VALUES (1010, "Stefanus", "Pettersson", "077-565220", "2012-01-18);
INSERT INTO nurse (employeeid) VALUES (1010);
INSERT INTO nurse_specialization(employee_id, specialization_id) VALUES (1010, 2);
INSERT INTO employee (employeeid, first_name, last_name, telephone_number, date_of_employment)VALUES (1011, "Petronella", "Nyberg", "042-774030", "2008-02-26);
INSERT INTO nurse (employeeid) VALUES (1011);

INSERT INTO employee (employeeid, first_name, last_name, telephone_number, date_of_employment)VALUES (1012, "Dorthy", "Ivarsson", "040-738018", "2009-12-21);
INSERT INTO assistant_nurse (employeeid) VALUES (1012);
INSERT INTO employee (employeeid, first_name, last_name, telephone_number, date_of_employment)VALUES (1013, "Antoinette", "Jansson", "077-121177", "2011-12-18);
INSERT INTO nurse (employeeid) VALUES (1013);
INSERT INTO nurse_specialization(employee_id, specialization_id) VALUES (1013, 1);
INSERT INTO employee (employeeid, first_name, last_name, telephone_number, date_of_employment)VALUES (1014, "Pertti", "Andersson", "040-635115", "2010-08-18);
INSERT INTO assistant_nurse (employeeid) VALUES (1014);
INSERT INTO employee (employeeid, first_name, last_name, telephone_number, date_of_employment)VALUES (1015, "Peggy", "Sundberg", "074-534531", "2008-10-29);
INSERT INTO doctor (employeeid) VALUES (1015);
INSERT INTO doctor_specialization(employeeid, specializationid) VALUES (1015, 3);
INSERT INTO employee (employeeid, first_name, last_name, telephone_number, date_of_employment)VALUES (1016, "Alma", "Fredriksson", "019-451771", "2012-01-05);
INSERT INTO nurse (employeeid) VALUES (1016);

INSERT INTO employee (employeeid, first_name, last_name, telephone_number, date_of_employment)VALUES (1017, "Johnnie", "Pålsson", "016-711320", "2011-01-16);
INSERT INTO assistant_nurse (employeeid) VALUES (1017);
INSERT INTO employee (employeeid, first_name, last_name, telephone_number, date_of_employment)VALUES (1018, "Tony", "Björklund", "070-854215", "2012-04-08);
INSERT INTO nurse (employeeid) VALUES (1018);
INSERT INTO nurse_specialization(employee_id, specialization_id) VALUES (1018, 16);
INSERT INTO employee (employeeid, first_name, last_name, telephone_number, date_of_employment)VALUES (1019, "Sylvi", "Jonsson", "019-310353", "2005-03-12);
INSERT INTO nurse (employeeid) VALUES (1019);
INSERT INTO nurse_specialization(employee_id, specialization_id) VALUES (1019, 14);
INSERT INTO employee (employeeid, first_name, last_name, telephone_number, date_of_employment)VALUES (1020, "Charlotte", "Bergqvist", "021-080257", "2014-01-23);
INSERT INTO assistant_nurse (employeeid) VALUES (1020);
INSERT INTO employee (employeeid, first_name, last_name, telephone_number, date_of_employment)VALUES (1021, "Jill", "Forsberg", "035-465860", "2012-04-08);
INSERT INTO nurse (employeeid) VALUES (1021);
INSERT INTO nurse_specialization(employee_id, specialization_id) VALUES (1021, 2);
INSERT INTO employee (employeeid, first_name, last_name, telephone_number, date_of_employment)VALUES (1022, "Kaarlo", "Holmgren", "076-155480", "2014-08-16);
INSERT INTO doctor (employeeid) VALUES (1022);
INSERT INTO doctor_specialization(employeeid, specializationid) VALUES (1022, 3);
INSERT INTO employee (employeeid, first_name, last_name, telephone_number, date_of_employment)VALUES (1023, "Hilly", "Björklund", "077-162265", "2008-01-20);
INSERT INTO nurse (employeeid) VALUES (1023);

INSERT INTO employee (employeeid, first_name, last_name, telephone_number, date_of_employment)VALUES (1024, "Daniel", "Persson", "073-118573", "2010-12-28);
INSERT INTO nurse (employeeid) VALUES (1024);

INSERT INTO employee (employeeid, first_name, last_name, telephone_number, date_of_employment)VALUES (1025, "Anders", "Löfgren", "044-426325", "2012-01-10);
INSERT INTO assistant_nurse (employeeid) VALUES (1025);
INSERT INTO employee (employeeid, first_name, last_name, telephone_number, date_of_employment)VALUES (1026, "Elfriede", "Lindberg", "090-065381", "2013-02-22);
INSERT INTO doctor (employeeid) VALUES (1026);
INSERT INTO doctor_specialization(employeeid, specializationid) VALUES (1026, 2);
INSERT INTO employee (employeeid, first_name, last_name, telephone_number, date_of_employment)VALUES (1027, "Caspar", "Lindholm", "042-503872", "2013-04-15);
INSERT INTO doctor (employeeid) VALUES (1027);

INSERT INTO employee (employeeid, first_name, last_name, telephone_number, date_of_employment)VALUES (1028, "Emy", "Eliasson", "060-280252", "2010-03-06);
INSERT INTO nurse (employeeid) VALUES (1028);
INSERT INTO nurse_specialization(employee_id, specialization_id) VALUES (1028, 8);
INSERT INTO employee (employeeid, first_name, last_name, telephone_number, date_of_employment)VALUES (1029, "Tomas", "Bergström", "078-358638", "2008-11-14);
INSERT INTO doctor (employeeid) VALUES (1029);

INSERT INTO employee (employeeid, first_name, last_name, telephone_number, date_of_employment)VALUES (1030, "Henning", "Dahlberg", "040-180563", "2009-05-26);
INSERT INTO doctor (employeeid) VALUES (1030);
INSERT INTO doctor_specialization(employeeid, specializationid) VALUES (1030, 11);
INSERT INTO employee (employeeid, first_name, last_name, telephone_number, date_of_employment)VALUES (1031, "Heinz", "Åkesson", "031-122652", "2011-03-06);
INSERT INTO nurse (employeeid) VALUES (1031);
INSERT INTO nurse_specialization(employee_id, specialization_id) VALUES (1031, 5);
INSERT INTO employee (employeeid, first_name, last_name, telephone_number, date_of_employment)VALUES (1032, "Diana", "Blom", "035-745774", "2014-03-02);
INSERT INTO nurse (employeeid) VALUES (1032);

INSERT INTO employee (employeeid, first_name, last_name, telephone_number, date_of_employment)VALUES (1033, "Lisa", "Hermansson", "023-164602", "2007-02-05);
INSERT INTO nurse (employeeid) VALUES (1033);
INSERT INTO nurse_specialization(employee_id, specialization_id) VALUES (1033, 1);
INSERT INTO employee (employeeid, first_name, last_name, telephone_number, date_of_employment)VALUES (1034, "Barbro", "Hansen", "077-738444", "2011-08-21);
INSERT INTO assistant_nurse (employeeid) VALUES (1034);
INSERT INTO employee (employeeid, first_name, last_name, telephone_number, date_of_employment)VALUES (1035, "Disa", "Engström", "018-244374", "2010-05-12);
INSERT INTO assistant_nurse (employeeid) VALUES (1035);
INSERT INTO employee (employeeid, first_name, last_name, telephone_number, date_of_employment)VALUES (1036, "Eliza", "Hermansson", "060-077576", "2007-10-03);
INSERT INTO nurse (employeeid) VALUES (1036);
INSERT INTO nurse_specialization(employee_id, specialization_id) VALUES (1036, 13);
INSERT INTO employee (employeeid, first_name, last_name, telephone_number, date_of_employment)VALUES (1037, "Naomi", "Lind", "075-824085", "2013-12-31);
INSERT INTO doctor (employeeid) VALUES (1037);
INSERT INTO doctor_specialization(employeeid, specializationid) VALUES (1037, 9);
INSERT INTO employee (employeeid, first_name, last_name, telephone_number, date_of_employment)VALUES (1038, "Signhild", "Björk", "075-310283", "2007-11-20);
INSERT INTO assistant_nurse (employeeid) VALUES (1038);
INSERT INTO employee (employeeid, first_name, last_name, telephone_number, date_of_employment)VALUES (1039, "Palle", "Johansson", "031-070872", "2012-12-29);
INSERT INTO nurse (employeeid) VALUES (1039);
INSERT INTO nurse_specialization(employee_id, specialization_id) VALUES (1039, 14);
INSERT INTO employee (employeeid, first_name, last_name, telephone_number, date_of_employment)VALUES (1040, "Björne", "Hansson", "077-347366", "2008-04-14);
INSERT INTO doctor (employeeid) VALUES (1040);
INSERT INTO doctor_specialization(employeeid, specializationid) VALUES (1040, 10);
INSERT INTO employee (employeeid, first_name, last_name, telephone_number, date_of_employment)VALUES (1041, "Dolly", "Hansson", "019-748203", "2007-12-15);
INSERT INTO nurse (employeeid) VALUES (1041);
INSERT INTO nurse_specialization(employee_id, specialization_id) VALUES (1041, 16);
INSERT INTO employee (employeeid, first_name, last_name, telephone_number, date_of_employment)VALUES (1042, "Ronnie", "Pettersson", "023-242068", "2007-02-02);
INSERT INTO nurse (employeeid) VALUES (1042);

INSERT INTO employee (employeeid, first_name, last_name, telephone_number, date_of_employment)VALUES (1043, "Frej", "Axelsson", "090-083473", "2012-02-15);
INSERT INTO nurse (employeeid) VALUES (1043);
INSERT INTO nurse_specialization(employee_id, specialization_id) VALUES (1043, 12);
INSERT INTO employee (employeeid, first_name, last_name, telephone_number, date_of_employment)VALUES (1044, "Yrsa", "Nyberg", "078-200006", "2005-05-06);
INSERT INTO assistant_nurse (employeeid) VALUES (1044);
INSERT INTO employee (employeeid, first_name, last_name, telephone_number, date_of_employment)VALUES (1045, "Magne", "Viklund", "090-366561", "2011-12-02);
INSERT INTO assistant_nurse (employeeid) VALUES (1045);
INSERT INTO employee (employeeid, first_name, last_name, telephone_number, date_of_employment)VALUES (1046, "Barthold", "Persson", "033-021218", "2006-02-28);
INSERT INTO assistant_nurse (employeeid) VALUES (1046);
INSERT INTO employee (employeeid, first_name, last_name, telephone_number, date_of_employment)VALUES (1047, "Dage", "Samuelsson", "077-834306", "2013-09-28);
INSERT INTO doctor (employeeid) VALUES (1047);
INSERT INTO doctor_specialization(employeeid, specializationid) VALUES (1047, 4);
INSERT INTO employee (employeeid, first_name, last_name, telephone_number, date_of_employment)VALUES (1048, "Franz", "Månsson", "070-380443", "2012-11-07);
INSERT INTO assistant_nurse (employeeid) VALUES (1048);
INSERT INTO employee (employeeid, first_name, last_name, telephone_number, date_of_employment)VALUES (1049, "Engelbrekt", "Claesson", "035-817562", "2009-06-22);
INSERT INTO assistant_nurse (employeeid) VALUES (1049);
INSERT INTO employee (employeeid, first_name, last_name, telephone_number, date_of_employment)VALUES (1050, "Sigrid", "Andersson", "078-681576", "2013-04-17);
INSERT INTO doctor (employeeid) VALUES (1050);
INSERT INTO doctor_specialization(employeeid, specializationid) VALUES (1050, 15);
INSERT INTO employee (employeeid, first_name, last_name, telephone_number, date_of_employment)VALUES (1051, "Vally", "Andreasson", "021-583350", "2013-05-25);
INSERT INTO doctor (employeeid) VALUES (1051);
INSERT INTO doctor_specialization(employeeid, specializationid) VALUES (1051, 8);
INSERT INTO employee (employeeid, first_name, last_name, telephone_number, date_of_employment)VALUES (1052, "Justus", "Åberg", "035-725534", "2009-02-23);
INSERT INTO doctor (employeeid) VALUES (1052);

INSERT INTO employee (employeeid, first_name, last_name, telephone_number, date_of_employment)VALUES (1053, "Nanne", "Ström", "016-425316", "2011-03-31);
INSERT INTO nurse (employeeid) VALUES (1053);
INSERT INTO nurse_specialization(employee_id, specialization_id) VALUES (1053, 6);
INSERT INTO employee (employeeid, first_name, last_name, telephone_number, date_of_employment)VALUES (1054, "Natalia", "Nordin", "046-331122", "2007-01-08);
INSERT INTO nurse (employeeid) VALUES (1054);
INSERT INTO nurse_specialization(employee_id, specialization_id) VALUES (1054, 7);
INSERT INTO employee (employeeid, first_name, last_name, telephone_number, date_of_employment)VALUES (1055, "Hans", "Magnusson", "044-465282", "2005-12-24);
INSERT INTO doctor (employeeid) VALUES (1055);
INSERT INTO doctor_specialization(employeeid, specializationid) VALUES (1055, 4);
INSERT INTO employee (employeeid, first_name, last_name, telephone_number, date_of_employment)VALUES (1056, "Sverker", "Johansson", "063-020237", "2011-11-19);
INSERT INTO assistant_nurse (employeeid) VALUES (1056);
INSERT INTO employee (employeeid, first_name, last_name, telephone_number, date_of_employment)VALUES (1057, "Gunhild", "Eriksson", "018-688227", "2010-04-30);
INSERT INTO nurse (employeeid) VALUES (1057);
INSERT INTO nurse_specialization(employee_id, specialization_id) VALUES (1057, 12);
INSERT INTO employee (employeeid, first_name, last_name, telephone_number, date_of_employment)VALUES (1058, "Lovise", "Bergqvist", "074-048571", "2008-12-03);
INSERT INTO nurse (employeeid) VALUES (1058);
INSERT INTO nurse_specialization(employee_id, specialization_id) VALUES (1058, 9);
INSERT INTO employee (employeeid, first_name, last_name, telephone_number, date_of_employment)VALUES (1059, "Torborg", "Eliasson", "076-243611", "2009-05-16);
INSERT INTO doctor (employeeid) VALUES (1059);
INSERT INTO doctor_specialization(employeeid, specializationid) VALUES (1059, 12);
INSERT INTO employee (employeeid, first_name, last_name, telephone_number, date_of_employment)VALUES (1060, "Blenda", "Berglund", "042-038160", "2006-05-21);
INSERT INTO nurse (employeeid) VALUES (1060);
INSERT INTO nurse_specialization(employee_id, specialization_id) VALUES (1060, 1);
INSERT INTO employee (employeeid, first_name, last_name, telephone_number, date_of_employment)VALUES (1061, "Arvo", "Lindqvist", "021-825778", "2011-06-08);
INSERT INTO doctor (employeeid) VALUES (1061);
INSERT INTO doctor_specialization(employeeid, specializationid) VALUES (1061, 1);
INSERT INTO employee (employeeid, first_name, last_name, telephone_number, date_of_employment)VALUES (1062, "Heidi", "Nordin", "019-543746", "2008-12-11);
INSERT INTO assistant_nurse (employeeid) VALUES (1062);
INSERT INTO employee (employeeid, first_name, last_name, telephone_number, date_of_employment)VALUES (1063, "Andras", "Norberg", "042-312627", "2012-07-27);
INSERT INTO assistant_nurse (employeeid) VALUES (1063);
INSERT INTO employee (employeeid, first_name, last_name, telephone_number, date_of_employment)VALUES (1064, "Gunda", "Strömberg", "074-058351", "2008-01-12);
INSERT INTO assistant_nurse (employeeid) VALUES (1064);
INSERT INTO employee (employeeid, first_name, last_name, telephone_number, date_of_employment)VALUES (1065, "Piotr", "Wikström", "033-310283", "2006-09-11);
INSERT INTO nurse (employeeid) VALUES (1065);
INSERT INTO nurse_specialization(employee_id, specialization_id) VALUES (1065, 10);
INSERT INTO employee (employeeid, first_name, last_name, telephone_number, date_of_employment)VALUES (1066, "Gunnela", "Henriksson", "078-148147", "2011-08-09);
INSERT INTO assistant_nurse (employeeid) VALUES (1066);
INSERT INTO employee (employeeid, first_name, last_name, telephone_number, date_of_employment)VALUES (1067, "Esbjörn", "Dahlberg", "072-072233", "2007-10-19);
INSERT INTO nurse (employeeid) VALUES (1067);
INSERT INTO nurse_specialization(employee_id, specialization_id) VALUES (1067, 3);
INSERT INTO employee (employeeid, first_name, last_name, telephone_number, date_of_employment)VALUES (1068, "Beda", "Andersson", "072-845255", "2006-04-06);
INSERT INTO assistant_nurse (employeeid) VALUES (1068);
INSERT INTO employee (employeeid, first_name, last_name, telephone_number, date_of_employment)VALUES (1069, "Sylva", "Forsberg", "077-445804", "2011-11-18);
INSERT INTO nurse (employeeid) VALUES (1069);

INSERT INTO employee (employeeid, first_name, last_name, telephone_number, date_of_employment)VALUES (1070, "Belinda", "Sjögren", "026-640648", "2014-11-16);
INSERT INTO assistant_nurse (employeeid) VALUES (1070);
INSERT INTO employee (employeeid, first_name, last_name, telephone_number, date_of_employment)VALUES (1071, "Petrus", "Nilsson", "031-571263", "2005-07-02);
INSERT INTO doctor (employeeid) VALUES (1071);
INSERT INTO doctor_specialization(employeeid, specializationid) VALUES (1071, 9);
INSERT INTO employee (employeeid, first_name, last_name, telephone_number, date_of_employment)VALUES (1072, "Paulina", "Jonsson", "044-045384", "2009-05-02);
INSERT INTO doctor (employeeid) VALUES (1072);

INSERT INTO employee (employeeid, first_name, last_name, telephone_number, date_of_employment)VALUES (1073, "Alexandra", "Lund", "016-113840", "2006-06-18);
INSERT INTO nurse (employeeid) VALUES (1073);

INSERT INTO employee (employeeid, first_name, last_name, telephone_number, date_of_employment)VALUES (1074, "Tove", "Andersson", "016-281076", "2014-03-11);
INSERT INTO doctor (employeeid) VALUES (1074);
INSERT INTO doctor_specialization(employeeid, specializationid) VALUES (1074, 7);
INSERT INTO employee (employeeid, first_name, last_name, telephone_number, date_of_employment)VALUES (1075, "Uno", "Blomqvist", "070-116220", "2011-12-09);
INSERT INTO nurse (employeeid) VALUES (1075);
INSERT INTO nurse_specialization(employee_id, specialization_id) VALUES (1075, 8);
INSERT INTO employee (employeeid, first_name, last_name, telephone_number, date_of_employment)VALUES (1076, "Gina", "Öberg", "077-424361", "2007-06-04);
INSERT INTO assistant_nurse (employeeid) VALUES (1076);
INSERT INTO employee (employeeid, first_name, last_name, telephone_number, date_of_employment)VALUES (1077, "Henning", "Hansen", "023-624215", "2006-05-24);
INSERT INTO assistant_nurse (employeeid) VALUES (1077);
INSERT INTO employee (employeeid, first_name, last_name, telephone_number, date_of_employment)VALUES (1078, "Rebecka", "Jonsson", "078-602317", "2008-09-22);
INSERT INTO doctor (employeeid) VALUES (1078);
INSERT INTO doctor_specialization(employeeid, specializationid) VALUES (1078, 12);
INSERT INTO employee (employeeid, first_name, last_name, telephone_number, date_of_employment)VALUES (1079, "Ingemund", "Söderberg", "076-888821", "2009-10-22);
INSERT INTO nurse (employeeid) VALUES (1079);
INSERT INTO nurse_specialization(employee_id, specialization_id) VALUES (1079, 15);
INSERT INTO employee (employeeid, first_name, last_name, telephone_number, date_of_employment)VALUES (1080, "Heine", "Persson", "073-526421", "2008-09-07);
INSERT INTO doctor (employeeid) VALUES (1080);
INSERT INTO doctor_specialization(employeeid, specializationid) VALUES (1080, 14);
INSERT INTO employee (employeeid, first_name, last_name, telephone_number, date_of_employment)VALUES (1081, "Esse", "Henriksson", "075-878124", "2011-12-06);
INSERT INTO nurse (employeeid) VALUES (1081);
INSERT INTO nurse_specialization(employee_id, specialization_id) VALUES (1081, 3);
INSERT INTO employee (employeeid, first_name, last_name, telephone_number, date_of_employment)VALUES (1082, "Maret", "Holmgren", "090-286847", "2011-12-27);
INSERT INTO assistant_nurse (employeeid) VALUES (1082);
INSERT INTO employee (employeeid, first_name, last_name, telephone_number, date_of_employment)VALUES (1083, "Helmina", "Karlsson", "016-303113", "2005-11-29);
INSERT INTO nurse (employeeid) VALUES (1083);
INSERT INTO nurse_specialization(employee_id, specialization_id) VALUES (1083, 6);
INSERT INTO employee (employeeid, first_name, last_name, telephone_number, date_of_employment)VALUES (1084, "Andrew", "Viklund", "033-642132", "2007-05-29);
INSERT INTO nurse (employeeid) VALUES (1084);
INSERT INTO nurse_specialization(employee_id, specialization_id) VALUES (1084, 14);
INSERT INTO employee (employeeid, first_name, last_name, telephone_number, date_of_employment)VALUES (1085, "Adolf", "Mattsson", "019-840010", "2008-02-16);
INSERT INTO nurse (employeeid) VALUES (1085);
INSERT INTO nurse_specialization(employee_id, specialization_id) VALUES (1085, 13);
INSERT INTO employee (employeeid, first_name, last_name, telephone_number, date_of_employment)VALUES (1086, "Benni", "Lind", "011-024774", "2014-09-11);
INSERT INTO nurse (employeeid) VALUES (1086);
INSERT INTO nurse_specialization(employee_id, specialization_id) VALUES (1086, 1);
INSERT INTO employee (employeeid, first_name, last_name, telephone_number, date_of_employment)VALUES (1087, "Berta", "Bergqvist", "031-737812", "2008-05-25);
INSERT INTO doctor (employeeid) VALUES (1087);
INSERT INTO doctor_specialization(employeeid, specializationid) VALUES (1087, 6);
INSERT INTO employee (employeeid, first_name, last_name, telephone_number, date_of_employment)VALUES (1088, "Eduardo", "Lindström", "016-125875", "2010-01-07);
INSERT INTO nurse (employeeid) VALUES (1088);
INSERT INTO nurse_specialization(employee_id, specialization_id) VALUES (1088, 3);
INSERT INTO employee (employeeid, first_name, last_name, telephone_number, date_of_employment)VALUES (1089, "Ingegerd", "Hedlund", "018-456831", "2005-11-20);
INSERT INTO doctor (employeeid) VALUES (1089);
INSERT INTO doctor_specialization(employeeid, specializationid) VALUES (1089, 12);
INSERT INTO employee (employeeid, first_name, last_name, telephone_number, date_of_employment)VALUES (1090, "Sickan", "Åberg", "011-634106", "2010-12-21);
INSERT INTO doctor (employeeid) VALUES (1090);
INSERT INTO doctor_specialization(employeeid, specializationid) VALUES (1090, 12);
INSERT INTO employee (employeeid, first_name, last_name, telephone_number, date_of_employment)VALUES (1091, "Edvin", "Eriksson", "016-203517", "2006-12-19);
INSERT INTO assistant_nurse (employeeid) VALUES (1091);
INSERT INTO employee (employeeid, first_name, last_name, telephone_number, date_of_employment)VALUES (1092, "Elvira", "Söderberg", "026-228365", "2011-12-21);
INSERT INTO assistant_nurse (employeeid) VALUES (1092);
INSERT INTO employee (employeeid, first_name, last_name, telephone_number, date_of_employment)VALUES (1093, "Sandra", "Forsberg", "060-325674", "2009-06-17);
INSERT INTO doctor (employeeid) VALUES (1093);

INSERT INTO employee (employeeid, first_name, last_name, telephone_number, date_of_employment)VALUES (1094, "Valdemar", "Fredriksson", "046-001380", "2006-11-24);
INSERT INTO nurse (employeeid) VALUES (1094);
INSERT INTO nurse_specialization(employee_id, specialization_id) VALUES (1094, 6);
INSERT INTO employee (employeeid, first_name, last_name, telephone_number, date_of_employment)VALUES (1095, "Manfred", "Nilsson", "026-778388", "2011-11-07);
INSERT INTO nurse (employeeid) VALUES (1095);
INSERT INTO nurse_specialization(employee_id, specialization_id) VALUES (1095, 12);
INSERT INTO employee (employeeid, first_name, last_name, telephone_number, date_of_employment)VALUES (1096, "Julie", "Falk", "026-005540", "2006-10-19);
INSERT INTO assistant_nurse (employeeid) VALUES (1096);
INSERT INTO employee (employeeid, first_name, last_name, telephone_number, date_of_employment)VALUES (1097, "Marion", "Strömberg", "070-521423", "2010-06-17);
INSERT INTO doctor (employeeid) VALUES (1097);
INSERT INTO doctor_specialization(employeeid, specializationid) VALUES (1097, 4);
INSERT INTO employee (employeeid, first_name, last_name, telephone_number, date_of_employment)VALUES (1098, "Günther", "Blom", "035-182360", "2009-09-02);
INSERT INTO doctor (employeeid) VALUES (1098);
INSERT INTO doctor_specialization(employeeid, specializationid) VALUES (1098, 16);
INSERT INTO employee (employeeid, first_name, last_name, telephone_number, date_of_employment)VALUES (1099, "Bonde", "Hansson", "026-210252", "2007-03-19);
INSERT INTO doctor (employeeid) VALUES (1099);
INSERT INTO doctor_specialization(employeeid, specializationid) VALUES (1099, 5);
INSERT INTO employee (employeeid, first_name, last_name, telephone_number, date_of_employment)VALUES (1100, "Edde", "Nyström", "026-340653", "2011-02-06);
INSERT INTO nurse (employeeid) VALUES (1100);
INSERT INTO nurse_specialization(employee_id, specialization_id) VALUES (1100, 4);
INSERT INTO employee (employeeid, first_name, last_name, telephone_number, date_of_employment)VALUES (1101, "Vincent", "Fredriksson", "031-601252", "2009-11-12);
INSERT INTO nurse (employeeid) VALUES (1101);

INSERT INTO employee (employeeid, first_name, last_name, telephone_number, date_of_employment)VALUES (1102, "Adela", "Fransson", "077-847884", "2005-12-14);
INSERT INTO nurse (employeeid) VALUES (1102);
INSERT INTO nurse_specialization(employee_id, specialization_id) VALUES (1102, 12);
INSERT INTO employee (employeeid, first_name, last_name, telephone_number, date_of_employment)VALUES (1103, "Sigga", "Lundgren", "040-044538", "2010-03-31);
INSERT INTO doctor (employeeid) VALUES (1103);
INSERT INTO doctor_specialization(employeeid, specializationid) VALUES (1103, 13);
INSERT INTO employee (employeeid, first_name, last_name, telephone_number, date_of_employment)VALUES (1104, "Ivan", "Bengtsson", "070-631760", "2009-03-21);
INSERT INTO doctor (employeeid) VALUES (1104);
INSERT INTO doctor_specialization(employeeid, specializationid) VALUES (1104, 7);
INSERT INTO employee (employeeid, first_name, last_name, telephone_number, date_of_employment)VALUES (1105, "Douglas", "Bergström", "063-205452", "2005-01-29);
INSERT INTO nurse (employeeid) VALUES (1105);
INSERT INTO nurse_specialization(employee_id, specialization_id) VALUES (1105, 6);
INSERT INTO employee (employeeid, first_name, last_name, telephone_number, date_of_employment)VALUES (1106, "Manne", "Holmgren", "073-284338", "2005-03-02);
INSERT INTO assistant_nurse (employeeid) VALUES (1106);
INSERT INTO employee (employeeid, first_name, last_name, telephone_number, date_of_employment)VALUES (1107, "Bella", "Danielsson", "016-346510", "2012-05-31);
INSERT INTO nurse (employeeid) VALUES (1107);

INSERT INTO employee (employeeid, first_name, last_name, telephone_number, date_of_employment)VALUES (1108, "Vladimir", "Jakobsson", "073-233843", "2013-08-13);
INSERT INTO doctor (employeeid) VALUES (1108);
INSERT INTO doctor_specialization(employeeid, specializationid) VALUES (1108, 15);
INSERT INTO employee (employeeid, first_name, last_name, telephone_number, date_of_employment)VALUES (1109, "Henny", "Samuelsson", "072-733858", "2007-07-10);
INSERT INTO doctor (employeeid) VALUES (1109);
INSERT INTO doctor_specialization(employeeid, specializationid) VALUES (1109, 14);
INSERT INTO employee (employeeid, first_name, last_name, telephone_number, date_of_employment)VALUES (1110, "Maximilian", "Söderberg", "036-505110", "2009-07-17);
INSERT INTO doctor (employeeid) VALUES (1110);
INSERT INTO doctor_specialization(employeeid, specializationid) VALUES (1110, 13);
INSERT INTO employee (employeeid, first_name, last_name, telephone_number, date_of_employment)VALUES (1111, "Sten", "Johansson", "021-688522", "2009-09-23);
INSERT INTO nurse (employeeid) VALUES (1111);
INSERT INTO nurse_specialization(employee_id, specialization_id) VALUES (1111, 16);
INSERT INTO employee (employeeid, first_name, last_name, telephone_number, date_of_employment)VALUES (1112, "Beatrice", "Axelsson", "016-716663", "2008-04-30);
INSERT INTO nurse (employeeid) VALUES (1112);
INSERT INTO nurse_specialization(employee_id, specialization_id) VALUES (1112, 11);
INSERT INTO employee (employeeid, first_name, last_name, telephone_number, date_of_employment)VALUES (1113, "Benni", "Falk", "016-546682", "2007-11-14);
INSERT INTO nurse (employeeid) VALUES (1113);

INSERT INTO employee (employeeid, first_name, last_name, telephone_number, date_of_employment)VALUES (1114, "Sylva", "Fredriksson", "035-221627", "2005-08-27);
INSERT INTO doctor (employeeid) VALUES (1114);

INSERT INTO employee (employeeid, first_name, last_name, telephone_number, date_of_employment)VALUES (1115, "Alexander", "Holmgren", "073-245375", "2010-09-03);
INSERT INTO assistant_nurse (employeeid) VALUES (1115);
INSERT INTO employee (employeeid, first_name, last_name, telephone_number, date_of_employment)VALUES (1116, "Sivard", "Nordström", "026-347366", "2013-08-08);
INSERT INTO nurse (employeeid) VALUES (1116);
INSERT INTO nurse_specialization(employee_id, specialization_id) VALUES (1116, 16);
INSERT INTO employee (employeeid, first_name, last_name, telephone_number, date_of_employment)VALUES (1117, "Nelly", "Eriksson", "063-137843", "2007-05-23);
INSERT INTO doctor (employeeid) VALUES (1117);
INSERT INTO doctor_specialization(employeeid, specializationid) VALUES (1117, 8);
INSERT INTO employee (employeeid, first_name, last_name, telephone_number, date_of_employment)VALUES (1118, "Börje", "Månsson", "078-661203", "2011-09-30);
INSERT INTO doctor (employeeid) VALUES (1118);
INSERT INTO doctor_specialization(employeeid, specializationid) VALUES (1118, 12);
INSERT INTO employee (employeeid, first_name, last_name, telephone_number, date_of_employment)VALUES (1119, "Gregor", "Pålsson", "070-616778", "2007-06-25);
INSERT INTO assistant_nurse (employeeid) VALUES (1119);
INSERT INTO employee (employeeid, first_name, last_name, telephone_number, date_of_employment)VALUES (1120, "Gerd", "Sundberg", "021-176611", "2008-10-31);
INSERT INTO assistant_nurse (employeeid) VALUES (1120);
INSERT INTO employee (employeeid, first_name, last_name, telephone_number, date_of_employment)VALUES (1121, "Elisif", "Sundberg", "044-850436", "2013-10-04);
INSERT INTO nurse (employeeid) VALUES (1121);
INSERT INTO nurse_specialization(employee_id, specialization_id) VALUES (1121, 13);
INSERT INTO employee (employeeid, first_name, last_name, telephone_number, date_of_employment)VALUES (1122, "Torsten", "Arvidsson", "078-647786", "2009-06-19);
INSERT INTO nurse (employeeid) VALUES (1122);
INSERT INTO nurse_specialization(employee_id, specialization_id) VALUES (1122, 2);
INSERT INTO employee (employeeid, first_name, last_name, telephone_number, date_of_employment)VALUES (1123, "Naemi", "Lundberg", "078-415836", "2013-01-18);
INSERT INTO assistant_nurse (employeeid) VALUES (1123);
INSERT INTO employee (employeeid, first_name, last_name, telephone_number, date_of_employment)VALUES (1124, "Tobias", "Wikström", "074-854715", "2012-07-03);
INSERT INTO assistant_nurse (employeeid) VALUES (1124);
INSERT INTO employee (employeeid, first_name, last_name, telephone_number, date_of_employment)VALUES (1125, "Jannika", "Nyberg", "040-634106", "2013-02-04);
INSERT INTO assistant_nurse (employeeid) VALUES (1125);
INSERT INTO employee (employeeid, first_name, last_name, telephone_number, date_of_employment)VALUES (1126, "Emerentia", "Jönsson", "035-137743", "2008-08-21);
INSERT INTO assistant_nurse (employeeid) VALUES (1126);
INSERT INTO employee (employeeid, first_name, last_name, telephone_number, date_of_employment)VALUES (1127, "Marita", "Isaksson", "040-231701", "2013-01-05);
INSERT INTO doctor (employeeid) VALUES (1127);
INSERT INTO doctor_specialization(employeeid, specializationid) VALUES (1127, 8);
INSERT INTO employee (employeeid, first_name, last_name, telephone_number, date_of_employment)VALUES (1128, "Aurora", "Hellström", "074-566287", "2005-05-18);
INSERT INTO nurse (employeeid) VALUES (1128);
INSERT INTO nurse_specialization(employee_id, specialization_id) VALUES (1128, 7);
INSERT INTO employee (employeeid, first_name, last_name, telephone_number, date_of_employment)VALUES (1129, "Helly", "Gustafsson", "033-846138", "2013-11-30);
INSERT INTO nurse (employeeid) VALUES (1129);
INSERT INTO nurse_specialization(employee_id, specialization_id) VALUES (1129, 10);
INSERT INTO employee (employeeid, first_name, last_name, telephone_number, date_of_employment)VALUES (1130, "Sabina", "Öberg", "072-861484", "2006-12-21);
INSERT INTO assistant_nurse (employeeid) VALUES (1130);
INSERT INTO employee (employeeid, first_name, last_name, telephone_number, date_of_employment)VALUES (1131, "Ingeman", "Berg", "046-014351", "2005-03-14);
INSERT INTO nurse (employeeid) VALUES (1131);
INSERT INTO nurse_specialization(employee_id, specialization_id) VALUES (1131, 7);
INSERT INTO employee (employeeid, first_name, last_name, telephone_number, date_of_employment)VALUES (1132, "Britt", "Eklund", "036-328643", "2014-02-18);
INSERT INTO nurse (employeeid) VALUES (1132);
INSERT INTO nurse_specialization(employee_id, specialization_id) VALUES (1132, 3);
INSERT INTO employee (employeeid, first_name, last_name, telephone_number, date_of_employment)VALUES (1133, "Salli", "Nordström", "033-774030", "2012-01-07);
INSERT INTO assistant_nurse (employeeid) VALUES (1133);
INSERT INTO employee (employeeid, first_name, last_name, telephone_number, date_of_employment)VALUES (1134, "Alla", "Andersson", "076-445638", "2010-01-16);
INSERT INTO assistant_nurse (employeeid) VALUES (1134);
INSERT INTO employee (employeeid, first_name, last_name, telephone_number, date_of_employment)VALUES (1135, "Runo", "Lindgren", "044-278828", "2008-05-23);
INSERT INTO assistant_nurse (employeeid) VALUES (1135);
INSERT INTO employee (employeeid, first_name, last_name, telephone_number, date_of_employment)VALUES (1136, "Petra", "Nyström", "046-658561", "2005-08-03);
INSERT INTO nurse (employeeid) VALUES (1136);
INSERT INTO nurse_specialization(employee_id, specialization_id) VALUES (1136, 7);
INSERT INTO employee (employeeid, first_name, last_name, telephone_number, date_of_employment)VALUES (1137, "Åsa", "Nordström", "044-875117", "2005-12-23);
INSERT INTO nurse (employeeid) VALUES (1137);

INSERT INTO employee (employeeid, first_name, last_name, telephone_number, date_of_employment)VALUES (1138, "Annette", "Söderberg", "016-155715", "2009-05-12);
INSERT INTO assistant_nurse (employeeid) VALUES (1138);
INSERT INTO employee (employeeid, first_name, last_name, telephone_number, date_of_employment)VALUES (1139, "Janet", "Andersson", "075-242068", "2006-08-17);
INSERT INTO doctor (employeeid) VALUES (1139);
INSERT INTO doctor_specialization(employeeid, specializationid) VALUES (1139, 2);
INSERT INTO employee (employeeid, first_name, last_name, telephone_number, date_of_employment)VALUES (1140, "Fridolf", "Sjögren", "078-422653", "2008-05-18);
INSERT INTO nurse (employeeid) VALUES (1140);
INSERT INTO nurse_specialization(employee_id, specialization_id) VALUES (1140, 9);
INSERT INTO employee (employeeid, first_name, last_name, telephone_number, date_of_employment)VALUES (1141, "Fatima", "Sjöberg", "074-628036", "2006-03-11);
INSERT INTO doctor (employeeid) VALUES (1141);
INSERT INTO doctor_specialization(employeeid, specializationid) VALUES (1141, 8);
INSERT INTO employee (employeeid, first_name, last_name, telephone_number, date_of_employment)VALUES (1142, "Claire", "Henriksson", "021-476302", "2010-03-25);
INSERT INTO assistant_nurse (employeeid) VALUES (1142);
INSERT INTO employee (employeeid, first_name, last_name, telephone_number, date_of_employment)VALUES (1143, "Alicia", "Ekström", "073-524127", "2014-04-16);
INSERT INTO doctor (employeeid) VALUES (1143);

INSERT INTO employee (employeeid, first_name, last_name, telephone_number, date_of_employment)VALUES (1144, "Pia", "Holmgren", "060-255258", "2013-03-20);
INSERT INTO doctor (employeeid) VALUES (1144);

INSERT INTO employee (employeeid, first_name, last_name, telephone_number, date_of_employment)VALUES (1145, "Kuno", "Åkesson", "076-131086", "2013-09-27);
INSERT INTO doctor (employeeid) VALUES (1145);
INSERT INTO doctor_specialization(employeeid, specializationid) VALUES (1145, 3);
INSERT INTO employee (employeeid, first_name, last_name, telephone_number, date_of_employment)VALUES (1146, "Gunnie", "Löfgren", "019-147773", "2008-01-28);
INSERT INTO assistant_nurse (employeeid) VALUES (1146);
INSERT INTO employee (employeeid, first_name, last_name, telephone_number, date_of_employment)VALUES (1147, "Roger", "Magnusson", "060-563761", "2011-06-17);
INSERT INTO nurse (employeeid) VALUES (1147);

INSERT INTO employee (employeeid, first_name, last_name, telephone_number, date_of_employment)VALUES (1148, "Kennie", "Åberg", "019-243676", "2006-04-13);
INSERT INTO nurse (employeeid) VALUES (1148);
INSERT INTO nurse_specialization(employee_id, specialization_id) VALUES (1148, 12);
INSERT INTO employee (employeeid, first_name, last_name, telephone_number, date_of_employment)VALUES (1149, "Gunny", "Holmberg", "090-573810", "2008-04-09);
INSERT INTO nurse (employeeid) VALUES (1149);
INSERT INTO nurse_specialization(employee_id, specialization_id) VALUES (1149, 5);
INSERT INTO employee (employeeid, first_name, last_name, telephone_number, date_of_employment)VALUES (1150, "Amelia", "Falk", "026-257076", "2010-12-06);
INSERT INTO doctor (employeeid) VALUES (1150);
INSERT INTO doctor_specialization(employeeid, specializationid) VALUES (1150, 8);
INSERT INTO employee (employeeid, first_name, last_name, telephone_number, date_of_employment)VALUES (1151, "Pierre", "Holm", "011-602227", "2008-11-17);
INSERT INTO nurse (employeeid) VALUES (1151);
INSERT INTO nurse_specialization(employee_id, specialization_id) VALUES (1151, 16);
INSERT INTO employee (employeeid, first_name, last_name, telephone_number, date_of_employment)VALUES (1152, "Eveline", "Gunnarsson", "036-585717", "2005-01-12);
INSERT INTO nurse (employeeid) VALUES (1152);
INSERT INTO nurse_specialization(employee_id, specialization_id) VALUES (1152, 13);
INSERT INTO employee (employeeid, first_name, last_name, telephone_number, date_of_employment)VALUES (1153, "Sigrid", "Forsberg", "046-874751", "2012-01-05);
INSERT INTO nurse (employeeid) VALUES (1153);
INSERT INTO nurse_specialization(employee_id, specialization_id) VALUES (1153, 2);
INSERT INTO employee (employeeid, first_name, last_name, telephone_number, date_of_employment)VALUES (1154, "Bo", "Claesson", "021-700714", "2010-09-30);
INSERT INTO nurse (employeeid) VALUES (1154);

INSERT INTO employee (employeeid, first_name, last_name, telephone_number, date_of_employment)VALUES (1155, "Holger", "Åström", "063-853732", "2006-11-13);
INSERT INTO doctor (employeeid) VALUES (1155);

INSERT INTO employee (employeeid, first_name, last_name, telephone_number, date_of_employment)VALUES (1156, "Essie", "Jonsson", "076-720680", "2012-11-17);
INSERT INTO nurse (employeeid) VALUES (1156);
INSERT INTO nurse_specialization(employee_id, specialization_id) VALUES (1156, 9);
INSERT INTO employee (employeeid, first_name, last_name, telephone_number, date_of_employment)VALUES (1157, "Carine", "Henriksson", "031-465576", "2010-07-21);
INSERT INTO doctor (employeeid) VALUES (1157);
INSERT INTO doctor_specialization(employeeid, specializationid) VALUES (1157, 9);
INSERT INTO employee (employeeid, first_name, last_name, telephone_number, date_of_employment)VALUES (1158, "Ellinor", "Lindholm", "016-248234", "2011-07-19);
INSERT INTO assistant_nurse (employeeid) VALUES (1158);
INSERT INTO employee (employeeid, first_name, last_name, telephone_number, date_of_employment)VALUES (1159, "Sam", "Björklund", "033-104620", "2008-03-25);
INSERT INTO nurse (employeeid) VALUES (1159);
INSERT INTO nurse_specialization(employee_id, specialization_id) VALUES (1159, 3);
INSERT INTO employee (employeeid, first_name, last_name, telephone_number, date_of_employment)VALUES (1160, "Ferdinand", "Holm", "072-736287", "2012-08-10);
INSERT INTO nurse (employeeid) VALUES (1160);
INSERT INTO nurse_specialization(employee_id, specialization_id) VALUES (1160, 6);
INSERT INTO employee (employeeid, first_name, last_name, telephone_number, date_of_employment)VALUES (1161, "Emily", "Sundberg", "023-114870", "2009-06-29);
INSERT INTO assistant_nurse (employeeid) VALUES (1161);
INSERT INTO employee (employeeid, first_name, last_name, telephone_number, date_of_employment)VALUES (1162, "Tina", "Wallin", "023-434855", "2010-05-04);
INSERT INTO nurse (employeeid) VALUES (1162);
INSERT INTO nurse_specialization(employee_id, specialization_id) VALUES (1162, 3);
INSERT INTO employee (employeeid, first_name, last_name, telephone_number, date_of_employment)VALUES (1163, "Filip", "Öberg", "036-050436", "2007-05-19);
INSERT INTO nurse (employeeid) VALUES (1163);
INSERT INTO nurse_specialization(employee_id, specialization_id) VALUES (1163, 1);
INSERT INTO employee (employeeid, first_name, last_name, telephone_number, date_of_employment)VALUES (1164, "Matilda", "Lundberg", "035-828750", "2006-01-21);
INSERT INTO nurse (employeeid) VALUES (1164);

INSERT INTO employee (employeeid, first_name, last_name, telephone_number, date_of_employment)VALUES (1165, "Viva", "Persson", "077-243676", "2013-05-17);
INSERT INTO assistant_nurse (employeeid) VALUES (1165);
INSERT INTO employee (employeeid, first_name, last_name, telephone_number, date_of_employment)VALUES (1166, "Emily", "Jansson", "090-516287", "2013-11-22);
INSERT INTO nurse (employeeid) VALUES (1166);
INSERT INTO nurse_specialization(employee_id, specialization_id) VALUES (1166, 16);
INSERT INTO employee (employeeid, first_name, last_name, telephone_number, date_of_employment)VALUES (1167, "Zarah", "Lund", "026-677575", "2009-03-24);
INSERT INTO nurse (employeeid) VALUES (1167);
INSERT INTO nurse_specialization(employee_id, specialization_id) VALUES (1167, 6);
INSERT INTO employee (employeeid, first_name, last_name, telephone_number, date_of_employment)VALUES (1168, "David", "Engström", "031-247763", "2013-10-16);
INSERT INTO assistant_nurse (employeeid) VALUES (1168);
INSERT INTO employee (employeeid, first_name, last_name, telephone_number, date_of_employment)VALUES (1169, "Maria", "Lindgren", "018-514063", "2014-11-05);
INSERT INTO doctor (employeeid) VALUES (1169);
INSERT INTO doctor_specialization(employeeid, specializationid) VALUES (1169, 11);
INSERT INTO employee (employeeid, first_name, last_name, telephone_number, date_of_employment)VALUES (1170, "Hildur", "Jönsson", "044-504230", "2008-04-18);
INSERT INTO nurse (employeeid) VALUES (1170);
INSERT INTO nurse_specialization(employee_id, specialization_id) VALUES (1170, 5);
INSERT INTO employee (employeeid, first_name, last_name, telephone_number, date_of_employment)VALUES (1171, "Pål", "Berggren", "072-661426", "2013-02-28);
INSERT INTO nurse (employeeid) VALUES (1171);
INSERT INTO nurse_specialization(employee_id, specialization_id) VALUES (1171, 8);
INSERT INTO employee (employeeid, first_name, last_name, telephone_number, date_of_employment)VALUES (1172, "Valborg", "Nilsson", "016-881353", "2008-05-08);
INSERT INTO doctor (employeeid) VALUES (1172);
INSERT INTO doctor_specialization(employeeid, specializationid) VALUES (1172, 11);
INSERT INTO employee (employeeid, first_name, last_name, telephone_number, date_of_employment)VALUES (1173, "Edvard", "Månsson", "042-010411", "2006-06-03);
INSERT INTO nurse (employeeid) VALUES (1173);
INSERT INTO nurse_specialization(employee_id, specialization_id) VALUES (1173, 14);
INSERT INTO employee (employeeid, first_name, last_name, telephone_number, date_of_employment)VALUES (1174, "Roberto", "Holm", "063-728877", "2013-10-20);
INSERT INTO doctor (employeeid) VALUES (1174);
INSERT INTO doctor_specialization(employeeid, specializationid) VALUES (1174, 16);
INSERT INTO employee (employeeid, first_name, last_name, telephone_number, date_of_employment)VALUES (1175, "Beda", "Björklund", "075-805544", "2013-02-06);
INSERT INTO doctor (employeeid) VALUES (1175);
INSERT INTO doctor_specialization(employeeid, specializationid) VALUES (1175, 6);
INSERT INTO employee (employeeid, first_name, last_name, telephone_number, date_of_employment)VALUES (1176, "Ragni", "Holmberg", "023-424361", "2008-03-16);
INSERT INTO doctor (employeeid) VALUES (1176);
INSERT INTO doctor_specialization(employeeid, specializationid) VALUES (1176, 5);
INSERT INTO employee (employeeid, first_name, last_name, telephone_number, date_of_employment)VALUES (1177, "Rika", "Gunnarsson", "077-470046", "2010-10-31);
INSERT INTO nurse (employeeid) VALUES (1177);

INSERT INTO employee (employeeid, first_name, last_name, telephone_number, date_of_employment)VALUES (1178, "Kitty", "Berglund", "072-674402", "2010-04-16);
INSERT INTO doctor (employeeid) VALUES (1178);
INSERT INTO doctor_specialization(employeeid, specializationid) VALUES (1178, 8);
INSERT INTO employee (employeeid, first_name, last_name, telephone_number, date_of_employment)VALUES (1179, "Poul", "Svensson", "070-714365", "2009-05-04);
INSERT INTO doctor (employeeid) VALUES (1179);
INSERT INTO doctor_specialization(employeeid, specializationid) VALUES (1179, 16);
INSERT INTO employee (employeeid, first_name, last_name, telephone_number, date_of_employment)VALUES (1180, "Benny", "Nordin", "073-354554", "2008-08-26);
INSERT INTO assistant_nurse (employeeid) VALUES (1180);
INSERT INTO employee (employeeid, first_name, last_name, telephone_number, date_of_employment)VALUES (1181, "Lauritz", "Håkansson", "070-866578", "2010-01-24);
INSERT INTO doctor (employeeid) VALUES (1181);

INSERT INTO employee (employeeid, first_name, last_name, telephone_number, date_of_employment)VALUES (1182, "Gunvor", "Berggren", "075-585717", "2010-10-06);
INSERT INTO doctor (employeeid) VALUES (1182);
INSERT INTO doctor_specialization(employeeid, specializationid) VALUES (1182, 4);
INSERT INTO employee (employeeid, first_name, last_name, telephone_number, date_of_employment)VALUES (1183, "Anneli", "Lundberg", "035-070872", "2005-08-26);
INSERT INTO nurse (employeeid) VALUES (1183);
INSERT INTO nurse_specialization(employee_id, specialization_id) VALUES (1183, 3);
INSERT INTO employee (employeeid, first_name, last_name, telephone_number, date_of_employment)VALUES (1184, "Bernhard", "Lundberg", "046-556464", "2011-12-22);
INSERT INTO assistant_nurse (employeeid) VALUES (1184);
INSERT INTO employee (employeeid, first_name, last_name, telephone_number, date_of_employment)VALUES (1185, "Lizzy", "Mattsson", "023-772212", "2008-01-12);
INSERT INTO nurse (employeeid) VALUES (1185);

INSERT INTO employee (employeeid, first_name, last_name, telephone_number, date_of_employment)VALUES (1186, "Sylvie", "Lundgren", "070-327158", "2011-01-17);
INSERT INTO doctor (employeeid) VALUES (1186);

INSERT INTO employee (employeeid, first_name, last_name, telephone_number, date_of_employment)VALUES (1187, "Lovisa", "Forsberg", "070-432200", "2007-10-13);
INSERT INTO nurse (employeeid) VALUES (1187);
INSERT INTO nurse_specialization(employee_id, specialization_id) VALUES (1187, 4);
INSERT INTO employee (employeeid, first_name, last_name, telephone_number, date_of_employment)VALUES (1188, "Kerttu", "Eliasson", "021-606823", "2014-02-25);
INSERT INTO assistant_nurse (employeeid) VALUES (1188);
INSERT INTO employee (employeeid, first_name, last_name, telephone_number, date_of_employment)VALUES (1189, "Bertil", "Karlsson", "073-630746", "2008-08-10);
INSERT INTO assistant_nurse (employeeid) VALUES (1189);
INSERT INTO employee (employeeid, first_name, last_name, telephone_number, date_of_employment)VALUES (1190, "Charlott", "Hansen", "060-455224", "2013-12-18);
INSERT INTO nurse (employeeid) VALUES (1190);
INSERT INTO nurse_specialization(employee_id, specialization_id) VALUES (1190, 2);
INSERT INTO employee (employeeid, first_name, last_name, telephone_number, date_of_employment)VALUES (1191, "Dana", "Lundberg", "046-423756", "2008-09-06);
INSERT INTO nurse (employeeid) VALUES (1191);
INSERT INTO nurse_specialization(employee_id, specialization_id) VALUES (1191, 10);
INSERT INTO employee (employeeid, first_name, last_name, telephone_number, date_of_employment)VALUES (1192, "Günther", "Holmqvist", "070-002742", "2008-02-23);
INSERT INTO assistant_nurse (employeeid) VALUES (1192);
INSERT INTO employee (employeeid, first_name, last_name, telephone_number, date_of_employment)VALUES (1193, "Lizzie", "Pålsson", "019-073152", "2010-08-29);
INSERT INTO nurse (employeeid) VALUES (1193);
INSERT INTO nurse_specialization(employee_id, specialization_id) VALUES (1193, 8);
INSERT INTO employee (employeeid, first_name, last_name, telephone_number, date_of_employment)VALUES (1194, "Martine", "Larsson", "019-707138", "2010-02-06);
INSERT INTO doctor (employeeid) VALUES (1194);
INSERT INTO doctor_specialization(employeeid, specializationid) VALUES (1194, 10);
INSERT INTO employee (employeeid, first_name, last_name, telephone_number, date_of_employment)VALUES (1195, "Bojan", "Lundin", "016-051513", "2011-12-17);
INSERT INTO nurse (employeeid) VALUES (1195);
INSERT INTO nurse_specialization(employee_id, specialization_id) VALUES (1195, 11);
INSERT INTO employee (employeeid, first_name, last_name, telephone_number, date_of_employment)VALUES (1196, "Roy", "Forsberg", "090-670430", "2014-03-24);
INSERT INTO nurse (employeeid) VALUES (1196);
INSERT INTO nurse_specialization(employee_id, specialization_id) VALUES (1196, 14);
INSERT INTO employee (employeeid, first_name, last_name, telephone_number, date_of_employment)VALUES (1197, "Bartolomeus", "Mårtensson", "016-306507", "2006-04-19);
INSERT INTO doctor (employeeid) VALUES (1197);

INSERT INTO employee (employeeid, first_name, last_name, telephone_number, date_of_employment)VALUES (1198, "Marjo", "Andreasson", "076-706515", "2006-07-17);
INSERT INTO nurse (employeeid) VALUES (1198);
INSERT INTO nurse_specialization(employee_id, specialization_id) VALUES (1198, 7);
INSERT INTO employee (employeeid, first_name, last_name, telephone_number, date_of_employment)VALUES (1199, "Assar", "Lindqvist", "042-255174", "2010-06-03);
INSERT INTO nurse (employeeid) VALUES (1199);

INSERT INTO employee (employeeid, first_name, last_name, telephone_number, date_of_employment)VALUES (1200, "Dora", "Forsberg", "044-351478", "2007-12-15);
INSERT INTO nurse (employeeid) VALUES (1200);
INSERT INTO nurse_specialization(employee_id, specialization_id) VALUES (1200, 5);
INSERT INTO employee (employeeid, first_name, last_name, telephone_number, date_of_employment)VALUES (1201, "Morgan", "Sundqvist", "072-780488", "2010-03-28);
INSERT INTO assistant_nurse (employeeid) VALUES (1201);
INSERT INTO employee (employeeid, first_name, last_name, telephone_number, date_of_employment)VALUES (1202, "Bror", "Blomqvist", "072-416876", "2007-11-14);
INSERT INTO doctor (employeeid) VALUES (1202);
INSERT INTO doctor_specialization(employeeid, specializationid) VALUES (1202, 11);
INSERT INTO employee (employeeid, first_name, last_name, telephone_number, date_of_employment)VALUES (1203, "Adrienne", "Öberg", "076-171388", "2012-03-02);
INSERT INTO doctor (employeeid) VALUES (1203);
INSERT INTO doctor_specialization(employeeid, specializationid) VALUES (1203, 16);
INSERT INTO employee (employeeid, first_name, last_name, telephone_number, date_of_employment)VALUES (1204, "Silvia", "Jonasson", "074-726266", "2012-08-01);
INSERT INTO nurse (employeeid) VALUES (1204);
INSERT INTO nurse_specialization(employee_id, specialization_id) VALUES (1204, 12);
INSERT INTO employee (employeeid, first_name, last_name, telephone_number, date_of_employment)VALUES (1205, "Eugen", "Mattsson", "026-112346", "2007-04-13);
INSERT INTO nurse (employeeid) VALUES (1205);
INSERT INTO nurse_specialization(employee_id, specialization_id) VALUES (1205, 4);
INSERT INTO employee (employeeid, first_name, last_name, telephone_number, date_of_employment)VALUES (1206, "Kurt", "Jansson", "075-575274", "2009-05-09);
INSERT INTO nurse (employeeid) VALUES (1206);

INSERT INTO employee (employeeid, first_name, last_name, telephone_number, date_of_employment)VALUES (1207, "Camilla", "Blom", "046-083481", "2008-08-20);
INSERT INTO nurse (employeeid) VALUES (1207);
INSERT INTO nurse_specialization(employee_id, specialization_id) VALUES (1207, 15);
INSERT INTO employee (employeeid, first_name, last_name, telephone_number, date_of_employment)VALUES (1208, "Edla", "Björklund", "073-324013", "2014-06-28);
INSERT INTO assistant_nurse (employeeid) VALUES (1208);
INSERT INTO employee (employeeid, first_name, last_name, telephone_number, date_of_employment)VALUES (1209, "Maren", "Magnusson", "021-314434", "2006-12-03);
INSERT INTO doctor (employeeid) VALUES (1209);
INSERT INTO doctor_specialization(employeeid, specializationid) VALUES (1209, 16);
INSERT INTO employee (employeeid, first_name, last_name, telephone_number, date_of_employment)VALUES (1210, "Hedvig", "Arvidsson", "042-051356", "2005-03-04);
INSERT INTO nurse (employeeid) VALUES (1210);

INSERT INTO employee (employeeid, first_name, last_name, telephone_number, date_of_employment)VALUES (1211, "Yrsa", "Blom", "036-588810", "2013-09-24);
INSERT INTO nurse (employeeid) VALUES (1211);
INSERT INTO nurse_specialization(employee_id, specialization_id) VALUES (1211, 9);
INSERT INTO employee (employeeid, first_name, last_name, telephone_number, date_of_employment)VALUES (1212, "Oskar", "Sjögren", "075-633653", "2009-05-09);
INSERT INTO assistant_nurse (employeeid) VALUES (1212);
INSERT INTO employee (employeeid, first_name, last_name, telephone_number, date_of_employment)VALUES (1213, "Steffan", "Gustafsson", "076-267681", "2005-10-20);
INSERT INTO assistant_nurse (employeeid) VALUES (1213);
INSERT INTO employee (employeeid, first_name, last_name, telephone_number, date_of_employment)VALUES (1214, "Sivert", "Gustafsson", "060-413042", "2011-04-16);
INSERT INTO assistant_nurse (employeeid) VALUES (1214);
INSERT INTO employee (employeeid, first_name, last_name, telephone_number, date_of_employment)VALUES (1215, "Elf", "Lind", "072-278828", "2006-11-06);
INSERT INTO assistant_nurse (employeeid) VALUES (1215);
INSERT INTO employee (employeeid, first_name, last_name, telephone_number, date_of_employment)VALUES (1216, "Line", "Mattsson", "033-722522", "2014-10-28);
INSERT INTO nurse (employeeid) VALUES (1216);

INSERT INTO employee (employeeid, first_name, last_name, telephone_number, date_of_employment)VALUES (1217, "Daniela", "Norberg", "016-021580", "2005-02-28);
INSERT INTO doctor (employeeid) VALUES (1217);

INSERT INTO employee (employeeid, first_name, last_name, telephone_number, date_of_employment)VALUES (1218, "Malte", "Jönsson", "046-228474", "2005-12-12);
INSERT INTO assistant_nurse (employeeid) VALUES (1218);
INSERT INTO employee (employeeid, first_name, last_name, telephone_number, date_of_employment)VALUES (1219, "Adelia", "Hellström", "072-414551", "2014-09-25);
INSERT INTO assistant_nurse (employeeid) VALUES (1219);
INSERT INTO employee (employeeid, first_name, last_name, telephone_number, date_of_employment)VALUES (1220, "Klaus", "Norberg", "073-758332", "2010-09-07);
INSERT INTO nurse (employeeid) VALUES (1220);
INSERT INTO nurse_specialization(employee_id, specialization_id) VALUES (1220, 13);
INSERT INTO employee (employeeid, first_name, last_name, telephone_number, date_of_employment)VALUES (1221, "Milly", "Mårtensson", "074-422071", "2011-06-30);
INSERT INTO assistant_nurse (employeeid) VALUES (1221);
INSERT INTO employee (employeeid, first_name, last_name, telephone_number, date_of_employment)VALUES (1222, "Irmelin", "Olofsson", "019-005540", "2014-04-17);
INSERT INTO nurse (employeeid) VALUES (1222);
INSERT INTO nurse_specialization(employee_id, specialization_id) VALUES (1222, 3);
INSERT INTO employee (employeeid, first_name, last_name, telephone_number, date_of_employment)VALUES (1223, "Kersti", "Sjöberg", "042-275300", "2011-01-03);
INSERT INTO assistant_nurse (employeeid) VALUES (1223);
INSERT INTO employee (employeeid, first_name, last_name, telephone_number, date_of_employment)VALUES (1224, "Esse", "Nyberg", "070-206604", "2013-05-12);
INSERT INTO doctor (employeeid) VALUES (1224);
INSERT INTO doctor_specialization(employeeid, specializationid) VALUES (1224, 3);
INSERT INTO employee (employeeid, first_name, last_name, telephone_number, date_of_employment)VALUES (1225, "Sven", "Söderberg", "033-271076", "2007-04-11);
INSERT INTO doctor (employeeid) VALUES (1225);

INSERT INTO employee (employeeid, first_name, last_name, telephone_number, date_of_employment)VALUES (1226, "Marina", "Berglund", "046-657688", "2005-01-07);
INSERT INTO assistant_nurse (employeeid) VALUES (1226);
INSERT INTO employee (employeeid, first_name, last_name, telephone_number, date_of_employment)VALUES (1227, "Esteban", "Eriksson", "046-562681", "2005-03-16);
INSERT INTO doctor (employeeid) VALUES (1227);
INSERT INTO doctor_specialization(employeeid, specializationid) VALUES (1227, 13);
INSERT INTO employee (employeeid, first_name, last_name, telephone_number, date_of_employment)VALUES (1228, "Ellis", "Viklund", "036-055714", "2006-06-17);
INSERT INTO assistant_nurse (employeeid) VALUES (1228);
INSERT INTO employee (employeeid, first_name, last_name, telephone_number, date_of_employment)VALUES (1229, "Majvor", "Claesson", "046-614886", "2012-06-16);
INSERT INTO nurse (employeeid) VALUES (1229);
INSERT INTO nurse_specialization(employee_id, specialization_id) VALUES (1229, 9);
INSERT INTO employee (employeeid, first_name, last_name, telephone_number, date_of_employment)VALUES (1230, "Agata", "Falk", "090-814860", "2008-05-06);
INSERT INTO nurse (employeeid) VALUES (1230);
INSERT INTO nurse_specialization(employee_id, specialization_id) VALUES (1230, 10);
INSERT INTO employee (employeeid, first_name, last_name, telephone_number, date_of_employment)VALUES (1231, "Jorge", "Hellström", "090-186270", "2006-07-11);
INSERT INTO doctor (employeeid) VALUES (1231);
INSERT INTO doctor_specialization(employeeid, specializationid) VALUES (1231, 16);
INSERT INTO employee (employeeid, first_name, last_name, telephone_number, date_of_employment)VALUES (1232, "Lovise", "Holmqvist", "044-510887", "2008-09-08);
INSERT INTO nurse (employeeid) VALUES (1232);
INSERT INTO nurse_specialization(employee_id, specialization_id) VALUES (1232, 11);
INSERT INTO employee (employeeid, first_name, last_name, telephone_number, date_of_employment)VALUES (1233, "Britte", "Berggren", "075-823832", "2013-08-14);
INSERT INTO doctor (employeeid) VALUES (1233);
INSERT INTO doctor_specialization(employeeid, specializationid) VALUES (1233, 12);
INSERT INTO employee (employeeid, first_name, last_name, telephone_number, date_of_employment)VALUES (1234, "Sigvard", "Norberg", "060-261426", "2014-11-02);
INSERT INTO assistant_nurse (employeeid) VALUES (1234);
INSERT INTO employee (employeeid, first_name, last_name, telephone_number, date_of_employment)VALUES (1235, "Selm", "Lind", "063-885437", "2008-02-15);
INSERT INTO doctor (employeeid) VALUES (1235);
INSERT INTO doctor_specialization(employeeid, specializationid) VALUES (1235, 15);
INSERT INTO employee (employeeid, first_name, last_name, telephone_number, date_of_employment)VALUES (1236, "Petri", "Johansson", "031-848223", "2011-05-07);
INSERT INTO nurse (employeeid) VALUES (1236);
INSERT INTO nurse_specialization(employee_id, specialization_id) VALUES (1236, 14);
INSERT INTO employee (employeeid, first_name, last_name, telephone_number, date_of_employment)VALUES (1237, "Rune", "Sandberg", "031-227352", "2008-03-06);
INSERT INTO doctor (employeeid) VALUES (1237);
INSERT INTO doctor_specialization(employeeid, specializationid) VALUES (1237, 14);
INSERT INTO employee (employeeid, first_name, last_name, telephone_number, date_of_employment)VALUES (1238, "Charlotte", "Engström", "031-242581", "2010-03-12);
INSERT INTO nurse (employeeid) VALUES (1238);

INSERT INTO employee (employeeid, first_name, last_name, telephone_number, date_of_employment)VALUES (1239, "Mille", "Berggren", "021-862616", "2007-05-14);
INSERT INTO doctor (employeeid) VALUES (1239);
INSERT INTO doctor_specialization(employeeid, specializationid) VALUES (1239, 15);
INSERT INTO employee (employeeid, first_name, last_name, telephone_number, date_of_employment)VALUES (1240, "Dordi", "Eriksson", "018-838261", "2014-10-02);
INSERT INTO assistant_nurse (employeeid) VALUES (1240);
INSERT INTO employee (employeeid, first_name, last_name, telephone_number, date_of_employment)VALUES (1241, "George", "Forsberg", "035-163832", "2007-12-21);
INSERT INTO nurse (employeeid) VALUES (1241);
INSERT INTO nurse_specialization(employee_id, specialization_id) VALUES (1241, 14);
INSERT INTO employee (employeeid, first_name, last_name, telephone_number, date_of_employment)VALUES (1242, "Malena", "Nordin", "023-844412", "2007-11-24);
INSERT INTO nurse (employeeid) VALUES (1242);
INSERT INTO nurse_specialization(employee_id, specialization_id) VALUES (1242, 15);
INSERT INTO employee (employeeid, first_name, last_name, telephone_number, date_of_employment)VALUES (1243, "Louisa", "Lindberg", "031-445804", "2009-04-07);
INSERT INTO assistant_nurse (employeeid) VALUES (1243);
INSERT INTO employee (employeeid, first_name, last_name, telephone_number, date_of_employment)VALUES (1244, "Dordi", "Lund", "036-477702", "2010-02-12);
INSERT INTO nurse (employeeid) VALUES (1244);
INSERT INTO nurse_specialization(employee_id, specialization_id) VALUES (1244, 11);
INSERT INTO employee (employeeid, first_name, last_name, telephone_number, date_of_employment)VALUES (1245, "Estrid", "Fredriksson", "018-267681", "2013-07-31);
INSERT INTO nurse (employeeid) VALUES (1245);
INSERT INTO nurse_specialization(employee_id, specialization_id) VALUES (1245, 12);
INSERT INTO employee (employeeid, first_name, last_name, telephone_number, date_of_employment)VALUES (1246, "Kent", "Holmberg", "023-845255", "2014-09-21);
INSERT INTO assistant_nurse (employeeid) VALUES (1246);
INSERT INTO employee (employeeid, first_name, last_name, telephone_number, date_of_employment)VALUES (1247, "Sissel", "Nordström", "076-827683", "2011-04-21);
INSERT INTO assistant_nurse (employeeid) VALUES (1247);
INSERT INTO employee (employeeid, first_name, last_name, telephone_number, date_of_employment)VALUES (1248, "Tom", "Jonsson", "060-845255", "2008-03-03);
INSERT INTO doctor (employeeid) VALUES (1248);
INSERT INTO doctor_specialization(employeeid, specializationid) VALUES (1248, 7);
INSERT INTO employee (employeeid, first_name, last_name, telephone_number, date_of_employment)VALUES (1249, "Anneli", "Jonasson", "077-711320", "2011-05-11);
INSERT INTO doctor (employeeid) VALUES (1249);
INSERT INTO doctor_specialization(employeeid, specializationid) VALUES (1249, 14);
INSERT INTO employee (employeeid, first_name, last_name, telephone_number, date_of_employment)VALUES (1250, "Henriette", "Berg", "040-814142", "2012-01-25);
INSERT INTO doctor (employeeid) VALUES (1250);
INSERT INTO doctor_specialization(employeeid, specializationid) VALUES (1250, 2);
INSERT INTO employee (employeeid, first_name, last_name, telephone_number, date_of_employment)VALUES (1251, "Ronnie", "Norberg", "021-587672", "2012-03-23);
INSERT INTO assistant_nurse (employeeid) VALUES (1251);
INSERT INTO employee (employeeid, first_name, last_name, telephone_number, date_of_employment)VALUES (1252, "Dordi", "Ekström", "072-463355", "2010-12-21);
INSERT INTO assistant_nurse (employeeid) VALUES (1252);
INSERT INTO employee (employeeid, first_name, last_name, telephone_number, date_of_employment)VALUES (1253, "Adelia", "Holmgren", "076-737812", "2005-05-20);
INSERT INTO assistant_nurse (employeeid) VALUES (1253);
INSERT INTO employee (employeeid, first_name, last_name, telephone_number, date_of_employment)VALUES (1254, "David", "Hermansson", "023-385087", "2007-11-29);
INSERT INTO doctor (employeeid) VALUES (1254);
INSERT INTO doctor_specialization(employeeid, specializationid) VALUES (1254, 7);
INSERT INTO employee (employeeid, first_name, last_name, telephone_number, date_of_employment)VALUES (1255, "Rakel", "Ek", "018-485237", "2011-06-13);
INSERT INTO assistant_nurse (employeeid) VALUES (1255);
INSERT INTO employee (employeeid, first_name, last_name, telephone_number, date_of_employment)VALUES (1256, "Kent", "Svensson", "044-533024", "2008-04-09);
INSERT INTO nurse (employeeid) VALUES (1256);

INSERT INTO employee (employeeid, first_name, last_name, telephone_number, date_of_employment)VALUES (1257, "Heine", "Öberg", "035-430808", "2013-01-23);
INSERT INTO nurse (employeeid) VALUES (1257);
INSERT INTO nurse_specialization(employee_id, specialization_id) VALUES (1257, 7);
INSERT INTO employee (employeeid, first_name, last_name, telephone_number, date_of_employment)VALUES (1258, "Katja", "Claesson", "074-051856", "2012-07-19);
INSERT INTO doctor (employeeid) VALUES (1258);
INSERT INTO doctor_specialization(employeeid, specializationid) VALUES (1258, 9);
INSERT INTO employee (employeeid, first_name, last_name, telephone_number, date_of_employment)VALUES (1259, "Gustav", "Karlsson", "075-605257", "2014-10-12);
INSERT INTO doctor (employeeid) VALUES (1259);
INSERT INTO doctor_specialization(employeeid, specializationid) VALUES (1259, 7);
INSERT INTO employee (employeeid, first_name, last_name, telephone_number, date_of_employment)VALUES (1260, "Monika", "Samuelsson", "019-753025", "2010-10-23);
INSERT INTO nurse (employeeid) VALUES (1260);

INSERT INTO employee (employeeid, first_name, last_name, telephone_number, date_of_employment)VALUES (1261, "Alfhild", "Lindholm", "074-837444", "2006-08-22);
INSERT INTO nurse (employeeid) VALUES (1261);
INSERT INTO nurse_specialization(employee_id, specialization_id) VALUES (1261, 11);
INSERT INTO employee (employeeid, first_name, last_name, telephone_number, date_of_employment)VALUES (1262, "Diane", "Claesson", "021-212687", "2010-04-10);
INSERT INTO assistant_nurse (employeeid) VALUES (1262);
INSERT INTO employee (employeeid, first_name, last_name, telephone_number, date_of_employment)VALUES (1263, "Sigfrid", "Fransson", "021-122348", "2007-05-06);
INSERT INTO doctor (employeeid) VALUES (1263);

INSERT INTO employee (employeeid, first_name, last_name, telephone_number, date_of_employment)VALUES (1264, "August", "Blomqvist", "063-014386", "2008-02-04);
INSERT INTO doctor (employeeid) VALUES (1264);
INSERT INTO doctor_specialization(employeeid, specializationid) VALUES (1264, 14);
INSERT INTO employee (employeeid, first_name, last_name, telephone_number, date_of_employment)VALUES (1265, "Gudmar", "Jakobsson", "018-276673", "2005-10-10);
INSERT INTO nurse (employeeid) VALUES (1265);
INSERT INTO nurse_specialization(employee_id, specialization_id) VALUES (1265, 6);
INSERT INTO employee (employeeid, first_name, last_name, telephone_number, date_of_employment)VALUES (1266, "Edla", "Eklund", "078-225357", "2013-02-16);
INSERT INTO doctor (employeeid) VALUES (1266);
INSERT INTO doctor_specialization(employeeid, specializationid) VALUES (1266, 1);
INSERT INTO employee (employeeid, first_name, last_name, telephone_number, date_of_employment)VALUES (1267, "Amanda", "Lindqvist", "019-487316", "2010-03-22);
INSERT INTO nurse (employeeid) VALUES (1267);

INSERT INTO employee (employeeid, first_name, last_name, telephone_number, date_of_employment)VALUES (1268, "Davida", "Jakobsson", "042-464311", "2005-01-24);
INSERT INTO assistant_nurse (employeeid) VALUES (1268);
INSERT INTO employee (employeeid, first_name, last_name, telephone_number, date_of_employment)VALUES (1269, "Stefan", "Öberg", "072-342576", "2012-08-02);
INSERT INTO doctor (employeeid) VALUES (1269);
INSERT INTO doctor_specialization(employeeid, specializationid) VALUES (1269, 12);
INSERT INTO employee (employeeid, first_name, last_name, telephone_number, date_of_employment)VALUES (1270, "Bror", "Magnusson", "060-252224", "2005-09-13);
INSERT INTO nurse (employeeid) VALUES (1270);
INSERT INTO nurse_specialization(employee_id, specialization_id) VALUES (1270, 12);
INSERT INTO employee (employeeid, first_name, last_name, telephone_number, date_of_employment)VALUES (1271, "Gunhild", "Hedlund", "019-460732", "2010-05-28);
INSERT INTO assistant_nurse (employeeid) VALUES (1271);
INSERT INTO employee (employeeid, first_name, last_name, telephone_number, date_of_employment)VALUES (1272, "Aila", "Abrahamsson", "019-402473", "2014-04-09);
INSERT INTO assistant_nurse (employeeid) VALUES (1272);
INSERT INTO employee (employeeid, first_name, last_name, telephone_number, date_of_employment)VALUES (1273, "Jennifer", "Olsson", "040-880147", "2007-01-02);
INSERT INTO nurse (employeeid) VALUES (1273);
INSERT INTO nurse_specialization(employee_id, specialization_id) VALUES (1273, 7);
INSERT INTO employee (employeeid, first_name, last_name, telephone_number, date_of_employment)VALUES (1274, "Yrjö", "Falk", "021-516383", "2005-02-15);
INSERT INTO nurse (employeeid) VALUES (1274);
INSERT INTO nurse_specialization(employee_id, specialization_id) VALUES (1274, 15);
INSERT INTO employee (employeeid, first_name, last_name, telephone_number, date_of_employment)VALUES (1275, "Josefine", "Martinsson", "011-877871", "2014-04-29);
INSERT INTO doctor (employeeid) VALUES (1275);
INSERT INTO doctor_specialization(employeeid, specializationid) VALUES (1275, 11);
INSERT INTO employee (employeeid, first_name, last_name, telephone_number, date_of_employment)VALUES (1276, "Benni", "Mårtensson", "073-702586", "2014-01-10);
INSERT INTO nurse (employeeid) VALUES (1276);

INSERT INTO employee (employeeid, first_name, last_name, telephone_number, date_of_employment)VALUES (1277, "Pål", "Jönsson", "019-652044", "2012-07-27);
INSERT INTO nurse (employeeid) VALUES (1277);
INSERT INTO nurse_specialization(employee_id, specialization_id) VALUES (1277, 6);
INSERT INTO employee (employeeid, first_name, last_name, telephone_number, date_of_employment)VALUES (1278, "Fatima", "Bengtsson", "072-206231", "2013-04-01);
INSERT INTO assistant_nurse (employeeid) VALUES (1278);
INSERT INTO employee (employeeid, first_name, last_name, telephone_number, date_of_employment)VALUES (1279, "Bjarne", "Berggren", "070-176715", "2006-11-09);
INSERT INTO assistant_nurse (employeeid) VALUES (1279);
INSERT INTO employee (employeeid, first_name, last_name, telephone_number, date_of_employment)VALUES (1280, "Josefin", "Berglund", "023-338155", "2011-09-17);
INSERT INTO doctor (employeeid) VALUES (1280);
INSERT INTO doctor_specialization(employeeid, specializationid) VALUES (1280, 11);
INSERT INTO employee (employeeid, first_name, last_name, telephone_number, date_of_employment)VALUES (1281, "Tove", "Pålsson", "018-836147", "2005-09-11);
INSERT INTO nurse (employeeid) VALUES (1281);
INSERT INTO nurse_specialization(employee_id, specialization_id) VALUES (1281, 7);
INSERT INTO employee (employeeid, first_name, last_name, telephone_number, date_of_employment)VALUES (1282, "Hermina", "Samuelsson", "063-882117", "2011-03-16);
INSERT INTO doctor (employeeid) VALUES (1282);
INSERT INTO doctor_specialization(employeeid, specializationid) VALUES (1282, 8);
INSERT INTO employee (employeeid, first_name, last_name, telephone_number, date_of_employment)VALUES (1283, "Ansgarius", "Norberg", "063-434855", "2013-06-28);
INSERT INTO assistant_nurse (employeeid) VALUES (1283);
INSERT INTO employee (employeeid, first_name, last_name, telephone_number, date_of_employment)VALUES (1284, "Nikolaus", "Berg", "042-837444", "2012-10-05);
INSERT INTO nurse (employeeid) VALUES (1284);
INSERT INTO nurse_specialization(employee_id, specialization_id) VALUES (1284, 7);
INSERT INTO employee (employeeid, first_name, last_name, telephone_number, date_of_employment)VALUES (1285, "Bruno", "Lindqvist", "023-584376", "2010-09-22);
INSERT INTO nurse (employeeid) VALUES (1285);
INSERT INTO nurse_specialization(employee_id, specialization_id) VALUES (1285, 8);
INSERT INTO employee (employeeid, first_name, last_name, telephone_number, date_of_employment)VALUES (1286, "Solveig", "Pettersson", "044-812252", "2009-08-27);
INSERT INTO nurse (employeeid) VALUES (1286);
INSERT INTO nurse_specialization(employee_id, specialization_id) VALUES (1286, 1);
INSERT INTO employee (employeeid, first_name, last_name, telephone_number, date_of_employment)VALUES (1287, "Esse", "Bergman", "016-716738", "2008-12-17);
INSERT INTO nurse (employeeid) VALUES (1287);
INSERT INTO nurse_specialization(employee_id, specialization_id) VALUES (1287, 14);
INSERT INTO employee (employeeid, first_name, last_name, telephone_number, date_of_employment)VALUES (1288, "Evert", "Ivarsson", "033-032328", "2010-03-17);
INSERT INTO doctor (employeeid) VALUES (1288);
INSERT INTO doctor_specialization(employeeid, specializationid) VALUES (1288, 15);
INSERT INTO employee (employeeid, first_name, last_name, telephone_number, date_of_employment)VALUES (1289, "Verna", "Jansson", "074-438752", "2010-06-24);
INSERT INTO doctor (employeeid) VALUES (1289);
INSERT INTO doctor_specialization(employeeid, specializationid) VALUES (1289, 13);
INSERT INTO employee (employeeid, first_name, last_name, telephone_number, date_of_employment)VALUES (1290, "Elin", "Bergström", "090-517325", "2007-09-04);
INSERT INTO doctor (employeeid) VALUES (1290);
INSERT INTO doctor_specialization(employeeid, specializationid) VALUES (1290, 5);
INSERT INTO employee (employeeid, first_name, last_name, telephone_number, date_of_employment)VALUES (1291, "Noomi", "Nordström", "074-032475", "2005-07-11);
INSERT INTO nurse (employeeid) VALUES (1291);
INSERT INTO nurse_specialization(employee_id, specialization_id) VALUES (1291, 13);
INSERT INTO employee (employeeid, first_name, last_name, telephone_number, date_of_employment)VALUES (1292, "Borghild", "Norberg", "040-657550", "2013-01-26);
INSERT INTO doctor (employeeid) VALUES (1292);
INSERT INTO doctor_specialization(employeeid, specializationid) VALUES (1292, 4);
INSERT INTO employee (employeeid, first_name, last_name, telephone_number, date_of_employment)VALUES (1293, "Bo", "Lindberg", "090-321315", "2010-10-27);
INSERT INTO nurse (employeeid) VALUES (1293);

INSERT INTO employee (employeeid, first_name, last_name, telephone_number, date_of_employment)VALUES (1294, "Gusti", "Lindholm", "021-416747", "2010-03-31);
INSERT INTO doctor (employeeid) VALUES (1294);
INSERT INTO doctor_specialization(employeeid, specializationid) VALUES (1294, 15);
INSERT INTO employee (employeeid, first_name, last_name, telephone_number, date_of_employment)VALUES (1295, "Mike", "Nordström", "075-810635", "2012-12-14);
INSERT INTO assistant_nurse (employeeid) VALUES (1295);
INSERT INTO employee (employeeid, first_name, last_name, telephone_number, date_of_employment)VALUES (1296, "Assar", "Bergman", "033-200667", "2005-08-16);
INSERT INTO doctor (employeeid) VALUES (1296);

INSERT INTO employee (employeeid, first_name, last_name, telephone_number, date_of_employment)VALUES (1297, "Clarissa", "Åkesson", "026-472306", "2014-07-25);
INSERT INTO nurse (employeeid) VALUES (1297);
INSERT INTO nurse_specialization(employee_id, specialization_id) VALUES (1297, 7);
INSERT INTO employee (employeeid, first_name, last_name, telephone_number, date_of_employment)VALUES (1298, "Miguel", "Abrahamsson", "060-243734", "2013-03-25);
INSERT INTO doctor (employeeid) VALUES (1298);
INSERT INTO doctor_specialization(employeeid, specializationid) VALUES (1298, 12);
INSERT INTO employee (employeeid, first_name, last_name, telephone_number, date_of_employment)VALUES (1299, "Sara", "Isaksson", "077-570812", "2012-04-28);
INSERT INTO assistant_nurse (employeeid) VALUES (1299);
INSERT INTO employee (employeeid, first_name, last_name, telephone_number, date_of_employment)VALUES (1300, "Lotte", "Björklund", "040-632468", "2014-03-04);
INSERT INTO nurse (employeeid) VALUES (1300);

INSERT INTO employee (employeeid, first_name, last_name, telephone_number, date_of_employment)VALUES (1301, "Marita", "Axelsson", "036-484186", "2011-02-05);
INSERT INTO nurse (employeeid) VALUES (1301);
INSERT INTO nurse_specialization(employee_id, specialization_id) VALUES (1301, 15);
INSERT INTO employee (employeeid, first_name, last_name, telephone_number, date_of_employment)VALUES (1302, "Natalie", "Mattsson", "026-506170", "2009-01-26);
INSERT INTO assistant_nurse (employeeid) VALUES (1302);
INSERT INTO employee (employeeid, first_name, last_name, telephone_number, date_of_employment)VALUES (1303, "Birgitta", "Berg", "016-570251", "2009-01-27);
INSERT INTO assistant_nurse (employeeid) VALUES (1303);
INSERT INTO employee (employeeid, first_name, last_name, telephone_number, date_of_employment)VALUES (1304, "Irmeli", "Holmberg", "073-133832", "2011-06-29);
INSERT INTO nurse (employeeid) VALUES (1304);
INSERT INTO nurse_specialization(employee_id, specialization_id) VALUES (1304, 9);
INSERT INTO employee (employeeid, first_name, last_name, telephone_number, date_of_employment)VALUES (1305, "Erling", "Bengtsson", "077-700714", "2008-05-05);
INSERT INTO doctor (employeeid) VALUES (1305);

INSERT INTO employee (employeeid, first_name, last_name, telephone_number, date_of_employment)VALUES (1306, "Susanne", "Hansson", "035-104620", "2014-11-30);
INSERT INTO nurse (employeeid) VALUES (1306);

INSERT INTO employee (employeeid, first_name, last_name, telephone_number, date_of_employment)VALUES (1307, "Moses", "Öberg", "072-314572", "2005-08-09);
INSERT INTO assistant_nurse (employeeid) VALUES (1307);
INSERT INTO employee (employeeid, first_name, last_name, telephone_number, date_of_employment)VALUES (1308, "Esten", "Åberg", "040-051202", "2014-09-16);
INSERT INTO assistant_nurse (employeeid) VALUES (1308);
INSERT INTO employee (employeeid, first_name, last_name, telephone_number, date_of_employment)VALUES (1309, "Emy", "Norberg", "072-382631", "2010-02-23);
INSERT INTO doctor (employeeid) VALUES (1309);
INSERT INTO doctor_specialization(employeeid, specializationid) VALUES (1309, 9);
INSERT INTO employee (employeeid, first_name, last_name, telephone_number, date_of_employment)VALUES (1310, "Håkon", "Nilsson", "033-126276", "2013-11-06);
INSERT INTO assistant_nurse (employeeid) VALUES (1310);
INSERT INTO employee (employeeid, first_name, last_name, telephone_number, date_of_employment)VALUES (1311, "Andrietta", "Sundqvist", "042-006577", "2009-03-27);
INSERT INTO nurse (employeeid) VALUES (1311);
INSERT INTO nurse_specialization(employee_id, specialization_id) VALUES (1311, 6);
INSERT INTO employee (employeeid, first_name, last_name, telephone_number, date_of_employment)VALUES (1312, "Gustava", "Svensson", "078-465576", "2006-03-19);
INSERT INTO assistant_nurse (employeeid) VALUES (1312);
INSERT INTO employee (employeeid, first_name, last_name, telephone_number, date_of_employment)VALUES (1313, "Tom", "Engström", "076-217431", "2010-06-24);
INSERT INTO assistant_nurse (employeeid) VALUES (1313);
INSERT INTO employee (employeeid, first_name, last_name, telephone_number, date_of_employment)VALUES (1314, "Helma", "Ek", "063-114753", "2009-03-09);
INSERT INTO nurse (employeeid) VALUES (1314);
INSERT INTO nurse_specialization(employee_id, specialization_id) VALUES (1314, 9);
INSERT INTO employee (employeeid, first_name, last_name, telephone_number, date_of_employment)VALUES (1315, "Gerd", "Lindgren", "026-483334", "2006-07-26);
INSERT INTO doctor (employeeid) VALUES (1315);

INSERT INTO employee (employeeid, first_name, last_name, telephone_number, date_of_employment)VALUES (1316, "Abbe", "Berg", "033-717583", "2010-06-05);
INSERT INTO doctor (employeeid) VALUES (1316);
INSERT INTO doctor_specialization(employeeid, specializationid) VALUES (1316, 3);
INSERT INTO employee (employeeid, first_name, last_name, telephone_number, date_of_employment)VALUES (1317, "Tuve", "Danielsson", "063-284145", "2011-03-28);
INSERT INTO assistant_nurse (employeeid) VALUES (1317);
INSERT INTO employee (employeeid, first_name, last_name, telephone_number, date_of_employment)VALUES (1318, "Eivor", "Dahlberg", "033-516504", "2009-09-13);
INSERT INTO doctor (employeeid) VALUES (1318);
INSERT INTO doctor_specialization(employeeid, specializationid) VALUES (1318, 15);
INSERT INTO employee (employeeid, first_name, last_name, telephone_number, date_of_employment)VALUES (1319, "Alla", "Sandström", "036-626174", "2010-10-31);
INSERT INTO nurse (employeeid) VALUES (1319);

INSERT INTO employee (employeeid, first_name, last_name, telephone_number, date_of_employment)VALUES (1320, "Esaias", "Holmgren", "042-233843", "2011-12-09);
INSERT INTO doctor (employeeid) VALUES (1320);
INSERT INTO doctor_specialization(employeeid, specializationid) VALUES (1320, 11);
INSERT INTO employee (employeeid, first_name, last_name, telephone_number, date_of_employment)VALUES (1321, "Otti", "Åkesson", "040-361671", "2007-11-26);
INSERT INTO assistant_nurse (employeeid) VALUES (1321);
INSERT INTO employee (employeeid, first_name, last_name, telephone_number, date_of_employment)VALUES (1322, "Alice", "Nyberg", "075-413042", "2005-10-23);
INSERT INTO nurse (employeeid) VALUES (1322);
INSERT INTO nurse_specialization(employee_id, specialization_id) VALUES (1322, 8);
INSERT INTO employee (employeeid, first_name, last_name, telephone_number, date_of_employment)VALUES (1323, "Valentin", "Wallin", "060-031307", "2011-05-16);
INSERT INTO nurse (employeeid) VALUES (1323);

INSERT INTO employee (employeeid, first_name, last_name, telephone_number, date_of_employment)VALUES (1324, "Klara", "Lindholm", "016-663563", "2014-03-24);
INSERT INTO doctor (employeeid) VALUES (1324);
INSERT INTO doctor_specialization(employeeid, specializationid) VALUES (1324, 13);
INSERT INTO employee (employeeid, first_name, last_name, telephone_number, date_of_employment)VALUES (1325, "Hilde", "Mårtensson", "060-848548", "2005-12-09);
INSERT INTO nurse (employeeid) VALUES (1325);
INSERT INTO nurse_specialization(employee_id, specialization_id) VALUES (1325, 16);
INSERT INTO employee (employeeid, first_name, last_name, telephone_number, date_of_employment)VALUES (1326, "Beatrice", "Berg", "074-163857", "2012-04-03);
INSERT INTO doctor (employeeid) VALUES (1326);
INSERT INTO doctor_specialization(employeeid, specializationid) VALUES (1326, 11);
INSERT INTO employee (employeeid, first_name, last_name, telephone_number, date_of_employment)VALUES (1327, "Emelia", "Hellström", "072-331024", "2007-11-02);
INSERT INTO nurse (employeeid) VALUES (1327);
INSERT INTO nurse_specialization(employee_id, specialization_id) VALUES (1327, 7);
INSERT INTO employee (employeeid, first_name, last_name, telephone_number, date_of_employment)VALUES (1328, "Rosi", "Nordström", "018-006258", "2007-11-22);
INSERT INTO assistant_nurse (employeeid) VALUES (1328);
INSERT INTO employee (employeeid, first_name, last_name, telephone_number, date_of_employment)VALUES (1329, "Age", "Larsson", "016-024886", "2011-08-10);
INSERT INTO doctor (employeeid) VALUES (1329);
INSERT INTO doctor_specialization(employeeid, specializationid) VALUES (1329, 1);
INSERT INTO employee (employeeid, first_name, last_name, telephone_number, date_of_employment)VALUES (1330, "Carlo", "Nordström", "040-821872", "2008-08-03);
INSERT INTO doctor (employeeid) VALUES (1330);
INSERT INTO doctor_specialization(employeeid, specializationid) VALUES (1330, 9);
INSERT INTO employee (employeeid, first_name, last_name, telephone_number, date_of_employment)VALUES (1331, "Matti", "Lundberg", "031-341711", "2005-09-26);
INSERT INTO doctor (employeeid) VALUES (1331);
INSERT INTO doctor_specialization(employeeid, specializationid) VALUES (1331, 15);
INSERT INTO employee (employeeid, first_name, last_name, telephone_number, date_of_employment)VALUES (1332, "Tiburtius", "Norberg", "033-687037", "2012-06-11);
INSERT INTO doctor (employeeid) VALUES (1332);
INSERT INTO doctor_specialization(employeeid, specializationid) VALUES (1332, 4);
INSERT INTO employee (employeeid, first_name, last_name, telephone_number, date_of_employment)VALUES (1333, "Aini", "Wikström", "077-322883", "2011-02-18);
INSERT INTO assistant_nurse (employeeid) VALUES (1333);
INSERT INTO employee (employeeid, first_name, last_name, telephone_number, date_of_employment)VALUES (1334, "Guillermo", "Nordin", "070-218766", "2010-03-01);
INSERT INTO nurse (employeeid) VALUES (1334);

INSERT INTO employee (employeeid, first_name, last_name, telephone_number, date_of_employment)VALUES (1335, "Paavo", "Engström", "073-270482", "2008-12-13);
INSERT INTO assistant_nurse (employeeid) VALUES (1335);
INSERT INTO employee (employeeid, first_name, last_name, telephone_number, date_of_employment)VALUES (1336, "Josefina", "Lundqvist", "018-616778", "2011-09-09);
INSERT INTO assistant_nurse (employeeid) VALUES (1336);
INSERT INTO employee (employeeid, first_name, last_name, telephone_number, date_of_employment)VALUES (1337, "Peggy", "Åström", "036-467855", "2014-03-14);
INSERT INTO nurse (employeeid) VALUES (1337);
INSERT INTO nurse_specialization(employee_id, specialization_id) VALUES (1337, 2);
INSERT INTO employee (employeeid, first_name, last_name, telephone_number, date_of_employment)VALUES (1338, "Gretel", "Mattsson", "036-363421", "2008-05-10);
INSERT INTO nurse (employeeid) VALUES (1338);
INSERT INTO nurse_specialization(employee_id, specialization_id) VALUES (1338, 6);
INSERT INTO employee (employeeid, first_name, last_name, telephone_number, date_of_employment)VALUES (1339, "Stella", "Claesson", "021-072425", "2013-11-28);
INSERT INTO doctor (employeeid) VALUES (1339);
INSERT INTO doctor_specialization(employeeid, specializationid) VALUES (1339, 14);
INSERT INTO employee (employeeid, first_name, last_name, telephone_number, date_of_employment)VALUES (1340, "Gusti", "Falk", "063-507401", "2008-07-23);
INSERT INTO nurse (employeeid) VALUES (1340);

INSERT INTO employee (employeeid, first_name, last_name, telephone_number, date_of_employment)VALUES (1341, "Paavo", "Bengtsson", "031-670525", "2007-06-12);
INSERT INTO doctor (employeeid) VALUES (1341);
INSERT INTO doctor_specialization(employeeid, specializationid) VALUES (1341, 15);
INSERT INTO employee (employeeid, first_name, last_name, telephone_number, date_of_employment)VALUES (1342, "Hemming", "Lundberg", "044-245213", "2008-11-05);
INSERT INTO doctor (employeeid) VALUES (1342);
INSERT INTO doctor_specialization(employeeid, specializationid) VALUES (1342, 3);
INSERT INTO employee (employeeid, first_name, last_name, telephone_number, date_of_employment)VALUES (1343, "Gudrun", "Ström", "060-575274", "2014-10-24);
INSERT INTO doctor (employeeid) VALUES (1343);
INSERT INTO doctor_specialization(employeeid, specializationid) VALUES (1343, 1);
INSERT INTO employee (employeeid, first_name, last_name, telephone_number, date_of_employment)VALUES (1344, "Juliana", "Sjögren", "033-141858", "2013-07-18);
INSERT INTO nurse (employeeid) VALUES (1344);
INSERT INTO nurse_specialization(employee_id, specialization_id) VALUES (1344, 3);
INSERT INTO employee (employeeid, first_name, last_name, telephone_number, date_of_employment)VALUES (1345, "Siv", "Pålsson", "063-330503", "2007-12-09);
INSERT INTO assistant_nurse (employeeid) VALUES (1345);
INSERT INTO employee (employeeid, first_name, last_name, telephone_number, date_of_employment)VALUES (1346, "Magda", "Ek", "021-170563", "2006-09-22);
INSERT INTO nurse (employeeid) VALUES (1346);
INSERT INTO nurse_specialization(employee_id, specialization_id) VALUES (1346, 11);
INSERT INTO employee (employeeid, first_name, last_name, telephone_number, date_of_employment)VALUES (1347, "Hugo", "Svensson", "023-728877", "2012-08-14);
INSERT INTO assistant_nurse (employeeid) VALUES (1347);
INSERT INTO employee (employeeid, first_name, last_name, telephone_number, date_of_employment)VALUES (1348, "Julio", "Pålsson", "046-836356", "2011-06-11);
INSERT INTO nurse (employeeid) VALUES (1348);
INSERT INTO nurse_specialization(employee_id, specialization_id) VALUES (1348, 8);
INSERT INTO employee (employeeid, first_name, last_name, telephone_number, date_of_employment)VALUES (1349, "Aini", "Lind", "011-245485", "2012-08-20);
INSERT INTO doctor (employeeid) VALUES (1349);
INSERT INTO doctor_specialization(employeeid, specializationid) VALUES (1349, 6);
INSERT INTO employee (employeeid, first_name, last_name, telephone_number, date_of_employment)VALUES (1350, "Reidun", "Danielsson", "040-648107", "2005-08-21);
INSERT INTO doctor (employeeid) VALUES (1350);

INSERT INTO employee (employeeid, first_name, last_name, telephone_number, date_of_employment)VALUES (1351, "Reiner", "Hedlund", "021-871177", "2008-05-10);
INSERT INTO assistant_nurse (employeeid) VALUES (1351);
INSERT INTO employee (employeeid, first_name, last_name, telephone_number, date_of_employment)VALUES (1352, "Magna", "Ström", "031-487342", "2006-01-28);
INSERT INTO nurse (employeeid) VALUES (1352);

INSERT INTO employee (employeeid, first_name, last_name, telephone_number, date_of_employment)VALUES (1353, "Jimmy", "Mårtensson", "035-412765", "2005-10-31);
INSERT INTO assistant_nurse (employeeid) VALUES (1353);
INSERT INTO employee (employeeid, first_name, last_name, telephone_number, date_of_employment)VALUES (1354, "Martti", "Wikström", "026-178437", "2014-06-25);
INSERT INTO assistant_nurse (employeeid) VALUES (1354);
INSERT INTO employee (employeeid, first_name, last_name, telephone_number, date_of_employment)VALUES (1355, "Nea", "Berggren", "036-654312", "2007-07-31);
INSERT INTO nurse (employeeid) VALUES (1355);
INSERT INTO nurse_specialization(employee_id, specialization_id) VALUES (1355, 13);
INSERT INTO employee (employeeid, first_name, last_name, telephone_number, date_of_employment)VALUES (1356, "Gisela", "Sandström", "075-845340", "2008-04-26);
INSERT INTO assistant_nurse (employeeid) VALUES (1356);
INSERT INTO employee (employeeid, first_name, last_name, telephone_number, date_of_employment)VALUES (1357, "Gun", "Lundin", "023-845255", "2010-07-12);
INSERT INTO doctor (employeeid) VALUES (1357);
INSERT INTO doctor_specialization(employeeid, specializationid) VALUES (1357, 7);
INSERT INTO employee (employeeid, first_name, last_name, telephone_number, date_of_employment)VALUES (1358, "Petronella", "Viklund", "074-543272", "2011-12-26);
INSERT INTO nurse (employeeid) VALUES (1358);
INSERT INTO nurse_specialization(employee_id, specialization_id) VALUES (1358, 16);
INSERT INTO employee (employeeid, first_name, last_name, telephone_number, date_of_employment)VALUES (1359, "Kennie", "Ivarsson", "042-138468", "2013-11-25);
INSERT INTO assistant_nurse (employeeid) VALUES (1359);
INSERT INTO employee (employeeid, first_name, last_name, telephone_number, date_of_employment)VALUES (1360, "Natalie", "Gunnarsson", "077-113840", "2009-02-24);
INSERT INTO doctor (employeeid) VALUES (1360);
INSERT INTO doctor_specialization(employeeid, specializationid) VALUES (1360, 10);
INSERT INTO employee (employeeid, first_name, last_name, telephone_number, date_of_employment)VALUES (1361, "Albert", "Claesson", "075-608073", "2008-09-05);
INSERT INTO doctor (employeeid) VALUES (1361);
INSERT INTO doctor_specialization(employeeid, specializationid) VALUES (1361, 10);
INSERT INTO employee (employeeid, first_name, last_name, telephone_number, date_of_employment)VALUES (1362, "Jorge", "Sandström", "036-466245", "2010-08-22);
INSERT INTO assistant_nurse (employeeid) VALUES (1362);
INSERT INTO employee (employeeid, first_name, last_name, telephone_number, date_of_employment)VALUES (1363, "Sissel", "Jönsson", "026-615645", "2013-12-19);
INSERT INTO doctor (employeeid) VALUES (1363);
INSERT INTO doctor_specialization(employeeid, specializationid) VALUES (1363, 6);
INSERT INTO employee (employeeid, first_name, last_name, telephone_number, date_of_employment)VALUES (1364, "Lola", "Lindholm", "063-857728", "2007-06-01);
INSERT INTO nurse (employeeid) VALUES (1364);

INSERT INTO employee (employeeid, first_name, last_name, telephone_number, date_of_employment)VALUES (1365, "Bernhard", "Lundgren", "035-751530", "2008-04-18);
INSERT INTO nurse (employeeid) VALUES (1365);
INSERT INTO nurse_specialization(employee_id, specialization_id) VALUES (1365, 1);
INSERT INTO employee (employeeid, first_name, last_name, telephone_number, date_of_employment)VALUES (1366, "Pernille", "Nyberg", "031-852751", "2005-12-27);
INSERT INTO assistant_nurse (employeeid) VALUES (1366);
INSERT INTO employee (employeeid, first_name, last_name, telephone_number, date_of_employment)VALUES (1367, "Adam", "Hermansson", "072-285174", "2011-06-05);
INSERT INTO assistant_nurse (employeeid) VALUES (1367);
INSERT INTO employee (employeeid, first_name, last_name, telephone_number, date_of_employment)VALUES (1368, "Hakvin", "Söderberg", "042-666755", "2007-01-31);
INSERT INTO doctor (employeeid) VALUES (1368);
INSERT INTO doctor_specialization(employeeid, specializationid) VALUES (1368, 11);
INSERT INTO employee (employeeid, first_name, last_name, telephone_number, date_of_employment)VALUES (1369, "Osvald", "Blomqvist", "011-158422", "2013-11-12);
INSERT INTO assistant_nurse (employeeid) VALUES (1369);
INSERT INTO employee (employeeid, first_name, last_name, telephone_number, date_of_employment)VALUES (1370, "Josefina", "Hansson", "072-636480", "2012-03-26);
INSERT INTO doctor (employeeid) VALUES (1370);
INSERT INTO doctor_specialization(employeeid, specializationid) VALUES (1370, 12);
INSERT INTO employee (employeeid, first_name, last_name, telephone_number, date_of_employment)VALUES (1371, "Tove", "Söderberg", "072-005647", "2007-12-27);
INSERT INTO nurse (employeeid) VALUES (1371);

INSERT INTO employee (employeeid, first_name, last_name, telephone_number, date_of_employment)VALUES (1372, "Dag", "Norberg", "063-158382", "2011-09-29);
INSERT INTO assistant_nurse (employeeid) VALUES (1372);
INSERT INTO employee (employeeid, first_name, last_name, telephone_number, date_of_employment)VALUES (1373, "Eberhard", "Holmgren", "073-041387", "2009-11-22);
INSERT INTO nurse (employeeid) VALUES (1373);
INSERT INTO nurse_specialization(employee_id, specialization_id) VALUES (1373, 12);
INSERT INTO employee (employeeid, first_name, last_name, telephone_number, date_of_employment)VALUES (1374, "Heinrich", "Danielsson", "078-536317", "2009-07-01);
INSERT INTO assistant_nurse (employeeid) VALUES (1374);
INSERT INTO employee (employeeid, first_name, last_name, telephone_number, date_of_employment)VALUES (1375, "Alfons", "Bergman", "044-653505", "2007-02-03);
INSERT INTO assistant_nurse (employeeid) VALUES (1375);
INSERT INTO employee (employeeid, first_name, last_name, telephone_number, date_of_employment)VALUES (1376, "Ottilia", "Persson", "073-635584", "2006-11-06);
INSERT INTO doctor (employeeid) VALUES (1376);
INSERT INTO doctor_specialization(employeeid, specializationid) VALUES (1376, 4);
INSERT INTO employee (employeeid, first_name, last_name, telephone_number, date_of_employment)VALUES (1377, "Sammy", "Sandberg", "031-483535", "2005-05-22);
INSERT INTO doctor (employeeid) VALUES (1377);
INSERT INTO doctor_specialization(employeeid, specializationid) VALUES (1377, 14);
INSERT INTO employee (employeeid, first_name, last_name, telephone_number, date_of_employment)VALUES (1378, "Kate", "Lundgren", "060-138468", "2005-07-07);
INSERT INTO doctor (employeeid) VALUES (1378);
INSERT INTO doctor_specialization(employeeid, specializationid) VALUES (1378, 13);
INSERT INTO employee (employeeid, first_name, last_name, telephone_number, date_of_employment)VALUES (1379, "Yrsa", "Gunnarsson", "063-415836", "2013-07-09);
INSERT INTO assistant_nurse (employeeid) VALUES (1379);
INSERT INTO employee (employeeid, first_name, last_name, telephone_number, date_of_employment)VALUES (1380, "Nea", "Ivarsson", "040-316340", "2013-03-15);
INSERT INTO nurse (employeeid) VALUES (1380);
INSERT INTO nurse_specialization(employee_id, specialization_id) VALUES (1380, 7);
INSERT INTO employee (employeeid, first_name, last_name, telephone_number, date_of_employment)VALUES (1381, "Helgo", "Engström", "073-052284", "2009-05-02);
INSERT INTO nurse (employeeid) VALUES (1381);
INSERT INTO nurse_specialization(employee_id, specialization_id) VALUES (1381, 15);
INSERT INTO employee (employeeid, first_name, last_name, telephone_number, date_of_employment)VALUES (1382, "Carlo", "Ström", "036-328885", "2010-09-04);
INSERT INTO assistant_nurse (employeeid) VALUES (1382);
INSERT INTO employee (employeeid, first_name, last_name, telephone_number, date_of_employment)VALUES (1383, "Tina", "Nyberg", "046-816536", "2010-04-21);
INSERT INTO assistant_nurse (employeeid) VALUES (1383);
INSERT INTO employee (employeeid, first_name, last_name, telephone_number, date_of_employment)VALUES (1384, "Beth", "Hellström", "078-155715", "2006-03-10);
INSERT INTO assistant_nurse (employeeid) VALUES (1384);
INSERT INTO employee (employeeid, first_name, last_name, telephone_number, date_of_employment)VALUES (1385, "Helge", "Wallin", "033-110444", "2008-07-26);
INSERT INTO doctor (employeeid) VALUES (1385);
INSERT INTO doctor_specialization(employeeid, specializationid) VALUES (1385, 14);
INSERT INTO employee (employeeid, first_name, last_name, telephone_number, date_of_employment)VALUES (1386, "Bert", "Pålsson", "044-661203", "2014-01-22);
INSERT INTO doctor (employeeid) VALUES (1386);
INSERT INTO doctor_specialization(employeeid, specializationid) VALUES (1386, 1);
INSERT INTO employee (employeeid, first_name, last_name, telephone_number, date_of_employment)VALUES (1387, "Georgina", "Åström", "070-474062", "2007-09-12);
INSERT INTO doctor (employeeid) VALUES (1387);
INSERT INTO doctor_specialization(employeeid, specializationid) VALUES (1387, 14);
INSERT INTO employee (employeeid, first_name, last_name, telephone_number, date_of_employment)VALUES (1388, "Marianne", "Abrahamsson", "019-244374", "2013-07-12);
INSERT INTO doctor (employeeid) VALUES (1388);

INSERT INTO employee (employeeid, first_name, last_name, telephone_number, date_of_employment)VALUES (1389, "Pernille", "Dahlberg", "042-817254", "2007-05-19);
INSERT INTO doctor (employeeid) VALUES (1389);

INSERT INTO employee (employeeid, first_name, last_name, telephone_number, date_of_employment)VALUES (1390, "Kurt", "Johansson", "063-163832", "2006-04-30);
INSERT INTO assistant_nurse (employeeid) VALUES (1390);
INSERT INTO employee (employeeid, first_name, last_name, telephone_number, date_of_employment)VALUES (1391, "Eleonora", "Åkesson", "074-521520", "2014-11-17);
INSERT INTO doctor (employeeid) VALUES (1391);
INSERT INTO doctor_specialization(employeeid, specializationid) VALUES (1391, 11);
INSERT INTO employee (employeeid, first_name, last_name, telephone_number, date_of_employment)VALUES (1392, "Josef", "Sundström", "077-016054", "2013-04-30);
INSERT INTO doctor (employeeid) VALUES (1392);
INSERT INTO doctor_specialization(employeeid, specializationid) VALUES (1392, 11);
INSERT INTO employee (employeeid, first_name, last_name, telephone_number, date_of_employment)VALUES (1393, "Rita", "Holmqvist", "011-868745", "2012-02-09);
INSERT INTO doctor (employeeid) VALUES (1393);
INSERT INTO doctor_specialization(employeeid, specializationid) VALUES (1393, 6);
INSERT INTO employee (employeeid, first_name, last_name, telephone_number, date_of_employment)VALUES (1394, "Arvo", "Blomqvist", "090-328056", "2013-09-18);
INSERT INTO assistant_nurse (employeeid) VALUES (1394);
INSERT INTO employee (employeeid, first_name, last_name, telephone_number, date_of_employment)VALUES (1395, "Roy", "Norberg", "035-356733", "2008-08-12);
INSERT INTO doctor (employeeid) VALUES (1395);
INSERT INTO doctor_specialization(employeeid, specializationid) VALUES (1395, 13);
INSERT INTO employee (employeeid, first_name, last_name, telephone_number, date_of_employment)VALUES (1396, "Vivi", "Claesson", "031-433110", "2011-03-07);
INSERT INTO nurse (employeeid) VALUES (1396);
INSERT INTO nurse_specialization(employee_id, specialization_id) VALUES (1396, 11);
INSERT INTO employee (employeeid, first_name, last_name, telephone_number, date_of_employment)VALUES (1397, "Lizette", "Åberg", "031-807215", "2011-10-14);
INSERT INTO assistant_nurse (employeeid) VALUES (1397);
INSERT INTO employee (employeeid, first_name, last_name, telephone_number, date_of_employment)VALUES (1398, "Rosina", "Pettersson", "074-214654", "2013-12-11);
INSERT INTO doctor (employeeid) VALUES (1398);
INSERT INTO doctor_specialization(employeeid, specializationid) VALUES (1398, 14);
INSERT INTO employee (employeeid, first_name, last_name, telephone_number, date_of_employment)VALUES (1399, "Camilla", "Henriksson", "046-065714", "2014-09-01);
INSERT INTO nurse (employeeid) VALUES (1399);

INSERT INTO employee (employeeid, first_name, last_name, telephone_number, date_of_employment)VALUES (1400, "Matilde", "Bergqvist", "040-043111", "2012-06-24);
INSERT INTO assistant_nurse (employeeid) VALUES (1400);
INSERT INTO employee (employeeid, first_name, last_name, telephone_number, date_of_employment)VALUES (1401, "Angela", "Bergman", "040-046363", "2007-07-23);
INSERT INTO nurse (employeeid) VALUES (1401);
INSERT INTO nurse_specialization(employee_id, specialization_id) VALUES (1401, 8);
INSERT INTO employee (employeeid, first_name, last_name, telephone_number, date_of_employment)VALUES (1402, "Fernando", "Claesson", "036-276056", "2012-05-23);
INSERT INTO assistant_nurse (employeeid) VALUES (1402);
INSERT INTO employee (employeeid, first_name, last_name, telephone_number, date_of_employment)VALUES (1403, "Anneli", "Lundberg", "019-687330", "2011-01-11);
INSERT INTO assistant_nurse (employeeid) VALUES (1403);
INSERT INTO employee (employeeid, first_name, last_name, telephone_number, date_of_employment)VALUES (1404, "Igor", "Berg", "023-663805", "2008-11-26);
INSERT INTO doctor (employeeid) VALUES (1404);

INSERT INTO employee (employeeid, first_name, last_name, telephone_number, date_of_employment)VALUES (1405, "Andreas", "Karlsson", "075-416747", "2013-02-05);
INSERT INTO nurse (employeeid) VALUES (1405);
INSERT INTO nurse_specialization(employee_id, specialization_id) VALUES (1405, 2);
INSERT INTO employee (employeeid, first_name, last_name, telephone_number, date_of_employment)VALUES (1406, "Douglas", "Holmberg", "076-286730", "2013-08-18);
INSERT INTO doctor (employeeid) VALUES (1406);
INSERT INTO doctor_specialization(employeeid, specializationid) VALUES (1406, 6);
INSERT INTO employee (employeeid, first_name, last_name, telephone_number, date_of_employment)VALUES (1407, "Agata", "Ström", "063-810768", "2010-06-18);
INSERT INTO assistant_nurse (employeeid) VALUES (1407);
INSERT INTO employee (employeeid, first_name, last_name, telephone_number, date_of_employment)VALUES (1408, "Jimmy", "Lundberg", "090-824482", "2011-06-04);
INSERT INTO nurse (employeeid) VALUES (1408);

INSERT INTO employee (employeeid, first_name, last_name, telephone_number, date_of_employment)VALUES (1409, "Augusta", "Lundgren", "075-812252", "2012-10-10);
INSERT INTO assistant_nurse (employeeid) VALUES (1409);
INSERT INTO employee (employeeid, first_name, last_name, telephone_number, date_of_employment)VALUES (1410, "Georges", "Martinsson", "076-135277", "2005-10-19);
INSERT INTO assistant_nurse (employeeid) VALUES (1410);
INSERT INTO employee (employeeid, first_name, last_name, telephone_number, date_of_employment)VALUES (1411, "Fridolf", "Bergström", "018-801238", "2014-01-11);
INSERT INTO doctor (employeeid) VALUES (1411);
INSERT INTO doctor_specialization(employeeid, specializationid) VALUES (1411, 10);
INSERT INTO employee (employeeid, first_name, last_name, telephone_number, date_of_employment)VALUES (1412, "Stefanus", "Olsson", "078-206844", "2010-12-02);
INSERT INTO assistant_nurse (employeeid) VALUES (1412);
INSERT INTO employee (employeeid, first_name, last_name, telephone_number, date_of_employment)VALUES (1413, "Grels", "Svensson", "040-584376", "2005-02-12);
INSERT INTO doctor (employeeid) VALUES (1413);
INSERT INTO doctor_specialization(employeeid, specializationid) VALUES (1413, 6);
INSERT INTO employee (employeeid, first_name, last_name, telephone_number, date_of_employment)VALUES (1414, "Astrid", "Sundqvist", "011-632468", "2013-08-10);
INSERT INTO nurse (employeeid) VALUES (1414);
INSERT INTO nurse_specialization(employee_id, specialization_id) VALUES (1414, 1);
INSERT INTO employee (employeeid, first_name, last_name, telephone_number, date_of_employment)VALUES (1415, "Sissela", "Persson", "074-380138", "2011-05-10);
INSERT INTO doctor (employeeid) VALUES (1415);
INSERT INTO doctor_specialization(employeeid, specializationid) VALUES (1415, 4);
INSERT INTO employee (employeeid, first_name, last_name, telephone_number, date_of_employment)VALUES (1416, "Steffan", "Pålsson", "076-624511", "2007-04-02);
INSERT INTO assistant_nurse (employeeid) VALUES (1416);
INSERT INTO employee (employeeid, first_name, last_name, telephone_number, date_of_employment)VALUES (1417, "Jacqueline", "Löfgren", "033-108376", "2007-04-14);
INSERT INTO nurse (employeeid) VALUES (1417);
INSERT INTO nurse_specialization(employee_id, specialization_id) VALUES (1417, 12);
INSERT INTO employee (employeeid, first_name, last_name, telephone_number, date_of_employment)VALUES (1418, "Sara", "Nordström", "077-588200", "2011-05-07);
INSERT INTO doctor (employeeid) VALUES (1418);
INSERT INTO doctor_specialization(employeeid, specializationid) VALUES (1418, 16);
INSERT INTO employee (employeeid, first_name, last_name, telephone_number, date_of_employment)VALUES (1419, "Danny", "Hansson", "042-577846", "2008-03-14);
INSERT INTO assistant_nurse (employeeid) VALUES (1419);
INSERT INTO employee (employeeid, first_name, last_name, telephone_number, date_of_employment)VALUES (1420, "Arvo", "Lundström", "046-417573", "2009-09-27);
INSERT INTO doctor (employeeid) VALUES (1420);

INSERT INTO employee (employeeid, first_name, last_name, telephone_number, date_of_employment)VALUES (1421, "Valdemar", "Ekström", "078-175206", "2005-04-22);
INSERT INTO doctor (employeeid) VALUES (1421);

INSERT INTO employee (employeeid, first_name, last_name, telephone_number, date_of_employment)VALUES (1422, "Meit", "Holmberg", "035-363571", "2011-06-15);
INSERT INTO doctor (employeeid) VALUES (1422);
INSERT INTO doctor_specialization(employeeid, specializationid) VALUES (1422, 8);
INSERT INTO employee (employeeid, first_name, last_name, telephone_number, date_of_employment)VALUES (1423, "Rainer", "Henriksson", "074-536155", "2014-02-17);
INSERT INTO nurse (employeeid) VALUES (1423);
INSERT INTO nurse_specialization(employee_id, specialization_id) VALUES (1423, 14);
INSERT INTO employee (employeeid, first_name, last_name, telephone_number, date_of_employment)VALUES (1424, "Vibeke", "Sundström", "042-661323", "2009-06-22);
INSERT INTO doctor (employeeid) VALUES (1424);
INSERT INTO doctor_specialization(employeeid, specializationid) VALUES (1424, 15);
INSERT INTO employee (employeeid, first_name, last_name, telephone_number, date_of_employment)VALUES (1425, "Pauline", "Berg", "078-163564", "2005-06-23);
INSERT INTO nurse (employeeid) VALUES (1425);
INSERT INTO nurse_specialization(employee_id, specialization_id) VALUES (1425, 7);
INSERT INTO employee (employeeid, first_name, last_name, telephone_number, date_of_employment)VALUES (1426, "Ottilia", "Björk", "021-743862", "2008-10-27);
INSERT INTO doctor (employeeid) VALUES (1426);

INSERT INTO employee (employeeid, first_name, last_name, telephone_number, date_of_employment)VALUES (1427, "Lizette", "Norberg", "044-328056", "2009-01-19);
INSERT INTO assistant_nurse (employeeid) VALUES (1427);
INSERT INTO employee (employeeid, first_name, last_name, telephone_number, date_of_employment)VALUES (1428, "Ansgarius", "Löfgren", "016-860731", "2005-01-27);
INSERT INTO assistant_nurse (employeeid) VALUES (1428);
INSERT INTO employee (employeeid, first_name, last_name, telephone_number, date_of_employment)VALUES (1429, "Ted", "Blomqvist", "018-016054", "2011-02-01);
INSERT INTO nurse (employeeid) VALUES (1429);
INSERT INTO nurse_specialization(employee_id, specialization_id) VALUES (1429, 2);
INSERT INTO employee (employeeid, first_name, last_name, telephone_number, date_of_employment)VALUES (1430, "Linda", "Bergqvist", "078-832826", "2007-10-18);
INSERT INTO assistant_nurse (employeeid) VALUES (1430);
INSERT INTO employee (employeeid, first_name, last_name, telephone_number, date_of_employment)VALUES (1431, "Angelika", "Wallin", "072-831542", "2010-03-14);
INSERT INTO doctor (employeeid) VALUES (1431);

INSERT INTO employee (employeeid, first_name, last_name, telephone_number, date_of_employment)VALUES (1432, "Svea", "Hedlund", "060-374554", "2012-08-07);
INSERT INTO nurse (employeeid) VALUES (1432);
INSERT INTO nurse_specialization(employee_id, specialization_id) VALUES (1432, 4);
INSERT INTO employee (employeeid, first_name, last_name, telephone_number, date_of_employment)VALUES (1433, "Ivar", "Lund", "044-372574", "2009-08-25);
INSERT INTO doctor (employeeid) VALUES (1433);
INSERT INTO doctor_specialization(employeeid, specializationid) VALUES (1433, 11);
INSERT INTO employee (employeeid, first_name, last_name, telephone_number, date_of_employment)VALUES (1434, "Helna", "Hansen", "070-000371", "2008-11-03);
INSERT INTO assistant_nurse (employeeid) VALUES (1434);
INSERT INTO employee (employeeid, first_name, last_name, telephone_number, date_of_employment)VALUES (1435, "Naimi", "Lundström", "033-325663", "2006-08-10);
INSERT INTO assistant_nurse (employeeid) VALUES (1435);
INSERT INTO employee (employeeid, first_name, last_name, telephone_number, date_of_employment)VALUES (1436, "Alvi", "Bergström", "073-721634", "2009-05-16);
INSERT INTO doctor (employeeid) VALUES (1436);

INSERT INTO employee (employeeid, first_name, last_name, telephone_number, date_of_employment)VALUES (1437, "Böret", "Holmgren", "033-243485", "2013-08-01);
INSERT INTO doctor (employeeid) VALUES (1437);
INSERT INTO doctor_specialization(employeeid, specializationid) VALUES (1437, 14);
INSERT INTO employee (employeeid, first_name, last_name, telephone_number, date_of_employment)VALUES (1438, "Hillevi", "Olofsson", "078-502224", "2006-03-28);
INSERT INTO doctor (employeeid) VALUES (1438);
INSERT INTO doctor_specialization(employeeid, specializationid) VALUES (1438, 2);
INSERT INTO employee (employeeid, first_name, last_name, telephone_number, date_of_employment)VALUES (1439, "Meta", "Nyberg", "044-166677", "2012-11-20);
INSERT INTO nurse (employeeid) VALUES (1439);
INSERT INTO nurse_specialization(employee_id, specialization_id) VALUES (1439, 4);
INSERT INTO employee (employeeid, first_name, last_name, telephone_number, date_of_employment)VALUES (1440, "Alvy", "Håkansson", "078-221627", "2014-12-19);
INSERT INTO assistant_nurse (employeeid) VALUES (1440);
INSERT INTO employee (employeeid, first_name, last_name, telephone_number, date_of_employment)VALUES (1441, "Tony", "Lundberg", "076-778610", "2008-04-08);
INSERT INTO assistant_nurse (employeeid) VALUES (1441);
INSERT INTO employee (employeeid, first_name, last_name, telephone_number, date_of_employment)VALUES (1442, "Violette", "Larsson", "044-176002", "2006-08-28);
INSERT INTO assistant_nurse (employeeid) VALUES (1442);
INSERT INTO employee (employeeid, first_name, last_name, telephone_number, date_of_employment)VALUES (1443, "Greta", "Nordström", "026-823241", "2012-09-06);
INSERT INTO doctor (employeeid) VALUES (1443);
INSERT INTO doctor_specialization(employeeid, specializationid) VALUES (1443, 3);
INSERT INTO employee (employeeid, first_name, last_name, telephone_number, date_of_employment)VALUES (1444, "Egon", "Olsson", "031-450602", "2011-06-16);
INSERT INTO doctor (employeeid) VALUES (1444);
INSERT INTO doctor_specialization(employeeid, specializationid) VALUES (1444, 11);
INSERT INTO employee (employeeid, first_name, last_name, telephone_number, date_of_employment)VALUES (1445, "Orvar", "Abrahamsson", "063-672167", "2013-04-15);
INSERT INTO doctor (employeeid) VALUES (1445);
INSERT INTO doctor_specialization(employeeid, specializationid) VALUES (1445, 13);
INSERT INTO employee (employeeid, first_name, last_name, telephone_number, date_of_employment)VALUES (1446, "Kaj", "Löfgren", "035-241370", "2007-09-22);
INSERT INTO doctor (employeeid) VALUES (1446);
INSERT INTO doctor_specialization(employeeid, specializationid) VALUES (1446, 5);
INSERT INTO employee (employeeid, first_name, last_name, telephone_number, date_of_employment)VALUES (1447, "Ylva", "Martinsson", "031-065714", "2013-01-03);
INSERT INTO assistant_nurse (employeeid) VALUES (1447);
INSERT INTO employee (employeeid, first_name, last_name, telephone_number, date_of_employment)VALUES (1448, "Irena", "Eriksson", "074-303115", "2008-07-11);
INSERT INTO assistant_nurse (employeeid) VALUES (1448);
INSERT INTO employee (employeeid, first_name, last_name, telephone_number, date_of_employment)VALUES (1449, "Magnus", "Berggren", "076-811407", "2014-08-17);
INSERT INTO nurse (employeeid) VALUES (1449);

INSERT INTO employee (employeeid, first_name, last_name, telephone_number, date_of_employment)VALUES (1450, "Mikael", "Fredriksson", "078-178446", "2010-09-10);
INSERT INTO assistant_nurse (employeeid) VALUES (1450);
INSERT INTO employee (employeeid, first_name, last_name, telephone_number, date_of_employment)VALUES (1451, "Johan", "Holm", "063-533512", "2007-06-27);
INSERT INTO nurse (employeeid) VALUES (1451);
INSERT INTO nurse_specialization(employee_id, specialization_id) VALUES (1451, 15);
INSERT INTO employee (employeeid, first_name, last_name, telephone_number, date_of_employment)VALUES (1452, "Mariella", "Nilsson", "031-116080", "2006-05-07);
INSERT INTO assistant_nurse (employeeid) VALUES (1452);
INSERT INTO employee (employeeid, first_name, last_name, telephone_number, date_of_employment)VALUES (1453, "Franklin", "Gustafsson", "073-521866", "2009-06-21);
INSERT INTO assistant_nurse (employeeid) VALUES (1453);
INSERT INTO employee (employeeid, first_name, last_name, telephone_number, date_of_employment)VALUES (1454, "Lis", "Sundqvist", "016-640763", "2010-08-19);
INSERT INTO nurse (employeeid) VALUES (1454);
INSERT INTO nurse_specialization(employee_id, specialization_id) VALUES (1454, 14);
INSERT INTO employee (employeeid, first_name, last_name, telephone_number, date_of_employment)VALUES (1455, "Kaja", "Ekström", "036-445804", "2008-10-12);
INSERT INTO doctor (employeeid) VALUES (1455);
INSERT INTO doctor_specialization(employeeid, specializationid) VALUES (1455, 9);
INSERT INTO employee (employeeid, first_name, last_name, telephone_number, date_of_employment)VALUES (1456, "Elvy", "Ek", "073-735504", "2007-02-28);
INSERT INTO doctor (employeeid) VALUES (1456);
INSERT INTO doctor_specialization(employeeid, specializationid) VALUES (1456, 15);
INSERT INTO employee (employeeid, first_name, last_name, telephone_number, date_of_employment)VALUES (1457, "Selmer", "Norberg", "036-074478", "2010-03-01);
INSERT INTO nurse (employeeid) VALUES (1457);

INSERT INTO employee (employeeid, first_name, last_name, telephone_number, date_of_employment)VALUES (1458, "Kasten", "Berg", "035-314434", "2005-02-23);
INSERT INTO assistant_nurse (employeeid) VALUES (1458);
INSERT INTO employee (employeeid, first_name, last_name, telephone_number, date_of_employment)VALUES (1459, "Emelia", "Lundström", "078-008033", "2010-10-29);
INSERT INTO doctor (employeeid) VALUES (1459);
INSERT INTO doctor_specialization(employeeid, specializationid) VALUES (1459, 5);
INSERT INTO employee (employeeid, first_name, last_name, telephone_number, date_of_employment)VALUES (1460, "Cecilia", "Nilsson", "076-135838", "2006-08-13);
INSERT INTO doctor (employeeid) VALUES (1460);
INSERT INTO doctor_specialization(employeeid, specializationid) VALUES (1460, 12);
INSERT INTO employee (employeeid, first_name, last_name, telephone_number, date_of_employment)VALUES (1461, "Margita", "Lundin", "077-128810", "2006-06-20);
INSERT INTO nurse (employeeid) VALUES (1461);
INSERT INTO nurse_specialization(employee_id, specialization_id) VALUES (1461, 1);
INSERT INTO employee (employeeid, first_name, last_name, telephone_number, date_of_employment)VALUES (1462, "Roger", "Åberg", "026-723771", "2007-04-01);
INSERT INTO assistant_nurse (employeeid) VALUES (1462);
INSERT INTO employee (employeeid, first_name, last_name, telephone_number, date_of_employment)VALUES (1463, "Juho", "Blom", "074-328056", "2005-09-08);
INSERT INTO doctor (employeeid) VALUES (1463);
INSERT INTO doctor_specialization(employeeid, specializationid) VALUES (1463, 5);
INSERT INTO employee (employeeid, first_name, last_name, telephone_number, date_of_employment)VALUES (1464, "Edmund", "Lundin", "019-314572", "2009-06-18);
INSERT INTO nurse (employeeid) VALUES (1464);
INSERT INTO nurse_specialization(employee_id, specialization_id) VALUES (1464, 7);
INSERT INTO employee (employeeid, first_name, last_name, telephone_number, date_of_employment)VALUES (1465, "Katrin", "Abrahamsson", "075-287275", "2007-10-27);
INSERT INTO assistant_nurse (employeeid) VALUES (1465);
INSERT INTO employee (employeeid, first_name, last_name, telephone_number, date_of_employment)VALUES (1466, "Lola", "Persson", "046-214276", "2007-09-15);
INSERT INTO assistant_nurse (employeeid) VALUES (1466);
INSERT INTO employee (employeeid, first_name, last_name, telephone_number, date_of_employment)VALUES (1467, "Kuno", "Ivarsson", "033-046756", "2011-06-01);
INSERT INTO assistant_nurse (employeeid) VALUES (1467);
INSERT INTO employee (employeeid, first_name, last_name, telephone_number, date_of_employment)VALUES (1468, "Kicki", "Sundberg", "035-802387", "2007-11-20);
INSERT INTO nurse (employeeid) VALUES (1468);
INSERT INTO nurse_specialization(employee_id, specialization_id) VALUES (1468, 6);
INSERT INTO employee (employeeid, first_name, last_name, telephone_number, date_of_employment)VALUES (1469, "Torgny", "Claesson", "090-047528", "2010-09-03);
INSERT INTO nurse (employeeid) VALUES (1469);
INSERT INTO nurse_specialization(employee_id, specialization_id) VALUES (1469, 1);
INSERT INTO employee (employeeid, first_name, last_name, telephone_number, date_of_employment)VALUES (1470, "Eberhard", "Norberg", "016-774030", "2014-07-06);
INSERT INTO nurse (employeeid) VALUES (1470);
INSERT INTO nurse_specialization(employee_id, specialization_id) VALUES (1470, 10);
INSERT INTO employee (employeeid, first_name, last_name, telephone_number, date_of_employment)VALUES (1471, "Diane", "Lundberg", "073-567213", "2010-01-27);
INSERT INTO assistant_nurse (employeeid) VALUES (1471);
INSERT INTO employee (employeeid, first_name, last_name, telephone_number, date_of_employment)VALUES (1472, "Arto", "Nordin", "063-453256", "2012-01-13);
INSERT INTO nurse (employeeid) VALUES (1472);

INSERT INTO employee (employeeid, first_name, last_name, telephone_number, date_of_employment)VALUES (1473, "Alve", "Bergqvist", "035-188535", "2005-04-23);
INSERT INTO doctor (employeeid) VALUES (1473);
INSERT INTO doctor_specialization(employeeid, specializationid) VALUES (1473, 14);
INSERT INTO employee (employeeid, first_name, last_name, telephone_number, date_of_employment)VALUES (1474, "Hakon", "Ström", "076-455314", "2009-05-09);
INSERT INTO assistant_nurse (employeeid) VALUES (1474);
INSERT INTO employee (employeeid, first_name, last_name, telephone_number, date_of_employment)VALUES (1475, "Martin", "Ekström", "023-618576", "2007-01-27);
INSERT INTO doctor (employeeid) VALUES (1475);
INSERT INTO doctor_specialization(employeeid, specializationid) VALUES (1475, 8);
INSERT INTO employee (employeeid, first_name, last_name, telephone_number, date_of_employment)VALUES (1476, "Gabriel", "Fransson", "021-873601", "2008-08-05);
INSERT INTO assistant_nurse (employeeid) VALUES (1476);
INSERT INTO employee (employeeid, first_name, last_name, telephone_number, date_of_employment)VALUES (1477, "Constance", "Ström", "060-841135", "2010-06-16);
INSERT INTO assistant_nurse (employeeid) VALUES (1477);
INSERT INTO employee (employeeid, first_name, last_name, telephone_number, date_of_employment)VALUES (1478, "Ben", "Pettersson", "077-347170", "2005-11-05);
INSERT INTO nurse (employeeid) VALUES (1478);
INSERT INTO nurse_specialization(employee_id, specialization_id) VALUES (1478, 7);
INSERT INTO employee (employeeid, first_name, last_name, telephone_number, date_of_employment)VALUES (1479, "Solbritt", "Wikström", "035-747762", "2009-01-02);
INSERT INTO nurse (employeeid) VALUES (1479);
INSERT INTO nurse_specialization(employee_id, specialization_id) VALUES (1479, 5);
INSERT INTO employee (employeeid, first_name, last_name, telephone_number, date_of_employment)VALUES (1480, "Rosita", "Berggren", "070-860731", "2014-09-06);
INSERT INTO assistant_nurse (employeeid) VALUES (1480);
INSERT INTO employee (employeeid, first_name, last_name, telephone_number, date_of_employment)VALUES (1481, "Edvard", "Fransson", "044-110444", "2008-04-08);
INSERT INTO doctor (employeeid) VALUES (1481);

INSERT INTO employee (employeeid, first_name, last_name, telephone_number, date_of_employment)VALUES (1482, "Eskil", "Bengtsson", "026-443171", "2013-07-19);
INSERT INTO nurse (employeeid) VALUES (1482);
INSERT INTO nurse_specialization(employee_id, specialization_id) VALUES (1482, 10);
INSERT INTO employee (employeeid, first_name, last_name, telephone_number, date_of_employment)VALUES (1483, "Sylvi", "Ivarsson", "031-018610", "2014-11-20);
INSERT INTO doctor (employeeid) VALUES (1483);
INSERT INTO doctor_specialization(employeeid, specializationid) VALUES (1483, 13);
INSERT INTO employee (employeeid, first_name, last_name, telephone_number, date_of_employment)VALUES (1484, "Pedro", "Nyström", "090-563761", "2005-10-09);
INSERT INTO nurse (employeeid) VALUES (1484);
INSERT INTO nurse_specialization(employee_id, specialization_id) VALUES (1484, 6);
INSERT INTO employee (employeeid, first_name, last_name, telephone_number, date_of_employment)VALUES (1485, "Henry", "Wallin", "077-210065", "2013-06-08);
INSERT INTO doctor (employeeid) VALUES (1485);

INSERT INTO employee (employeeid, first_name, last_name, telephone_number, date_of_employment)VALUES (1486, "Torsten", "Åberg", "016-261426", "2006-09-20);
INSERT INTO assistant_nurse (employeeid) VALUES (1486);
INSERT INTO employee (employeeid, first_name, last_name, telephone_number, date_of_employment)VALUES (1487, "Brigitte", "Wikström", "019-533146", "2007-01-04);
INSERT INTO nurse (employeeid) VALUES (1487);
INSERT INTO nurse_specialization(employee_id, specialization_id) VALUES (1487, 15);
INSERT INTO employee (employeeid, first_name, last_name, telephone_number, date_of_employment)VALUES (1488, "Annelie", "Ström", "036-752748", "2006-12-09);
INSERT INTO assistant_nurse (employeeid) VALUES (1488);
INSERT INTO employee (employeeid, first_name, last_name, telephone_number, date_of_employment)VALUES (1489, "Signe", "Viklund", "035-455362", "2005-08-18);
INSERT INTO nurse (employeeid) VALUES (1489);
INSERT INTO nurse_specialization(employee_id, specialization_id) VALUES (1489, 6);
INSERT INTO employee (employeeid, first_name, last_name, telephone_number, date_of_employment)VALUES (1490, "Fernando", "Bengtsson", "019-521423", "2010-05-17);
INSERT INTO doctor (employeeid) VALUES (1490);
INSERT INTO doctor_specialization(employeeid, specializationid) VALUES (1490, 7);
INSERT INTO employee (employeeid, first_name, last_name, telephone_number, date_of_employment)VALUES (1491, "Marga", "Berglund", "070-005830", "2014-04-07);
INSERT INTO doctor (employeeid) VALUES (1491);
INSERT INTO doctor_specialization(employeeid, specializationid) VALUES (1491, 4);
INSERT INTO employee (employeeid, first_name, last_name, telephone_number, date_of_employment)VALUES (1492, "Johnny", "Falk", "033-303671", "2006-05-20);
INSERT INTO assistant_nurse (employeeid) VALUES (1492);
INSERT INTO employee (employeeid, first_name, last_name, telephone_number, date_of_employment)VALUES (1493, "Agge", "Claesson", "042-504756", "2007-10-29);
INSERT INTO assistant_nurse (employeeid) VALUES (1493);
INSERT INTO employee (employeeid, first_name, last_name, telephone_number, date_of_employment)VALUES (1494, "Sivert", "Mattsson", "023-472817", "2010-01-29);
INSERT INTO assistant_nurse (employeeid) VALUES (1494);
INSERT INTO employee (employeeid, first_name, last_name, telephone_number, date_of_employment)VALUES (1495, "Helly", "Björklund", "073-625736", "2008-06-07);
INSERT INTO assistant_nurse (employeeid) VALUES (1495);
INSERT INTO employee (employeeid, first_name, last_name, telephone_number, date_of_employment)VALUES (1496, "Lisa", "Hellström", "090-214654", "2014-03-01);
INSERT INTO assistant_nurse (employeeid) VALUES (1496);
INSERT INTO employee (employeeid, first_name, last_name, telephone_number, date_of_employment)VALUES (1497, "Rosie", "Karlsson", "036-418001", "2013-06-08);
INSERT INTO nurse (employeeid) VALUES (1497);
INSERT INTO nurse_specialization(employee_id, specialization_id) VALUES (1497, 16);
INSERT INTO employee (employeeid, first_name, last_name, telephone_number, date_of_employment)VALUES (1498, "Agnes", "Lundgren", "018-031307", "2007-12-04);
INSERT INTO assistant_nurse (employeeid) VALUES (1498);
INSERT INTO employee (employeeid, first_name, last_name, telephone_number, date_of_employment)VALUES (1499, "Abel", "Löfgren", "026-676761", "2009-09-26);
INSERT INTO assistant_nurse (employeeid) VALUES (1499);
INSERT INTO employee (employeeid, first_name, last_name, telephone_number, date_of_employment)VALUES (1500, "Ansgarius", "Lind", "023-846235", "2011-12-16);
INSERT INTO nurse (employeeid) VALUES (1500);
INSERT INTO nurse_specialization(employee_id, specialization_id) VALUES (1500, 12);
INSERT INTO employee (employeeid, first_name, last_name, telephone_number, date_of_employment)VALUES (1501, "Viktoria", "Lundström", "072-184705", "2013-07-15);
INSERT INTO assistant_nurse (employeeid) VALUES (1501);
INSERT INTO employee (employeeid, first_name, last_name, telephone_number, date_of_employment)VALUES (1502, "Dennis", "Sjögren", "046-716663", "2010-06-01);
INSERT INTO doctor (employeeid) VALUES (1502);
INSERT INTO doctor_specialization(employeeid, specializationid) VALUES (1502, 9);
INSERT INTO employee (employeeid, first_name, last_name, telephone_number, date_of_employment)VALUES (1503, "Hilma", "Henriksson", "018-356046", "2011-11-08);
INSERT INTO doctor (employeeid) VALUES (1503);
INSERT INTO doctor_specialization(employeeid, specializationid) VALUES (1503, 15);
INSERT INTO employee (employeeid, first_name, last_name, telephone_number, date_of_employment)VALUES (1504, "Aila", "Olofsson", "044-610102", "2008-11-06);
INSERT INTO doctor (employeeid) VALUES (1504);
INSERT INTO doctor_specialization(employeeid, specializationid) VALUES (1504, 5);
INSERT INTO employee (employeeid, first_name, last_name, telephone_number, date_of_employment)VALUES (1505, "Gottfrid", "Claesson", "075-261084", "2012-10-15);
INSERT INTO assistant_nurse (employeeid) VALUES (1505);
INSERT INTO employee (employeeid, first_name, last_name, telephone_number, date_of_employment)VALUES (1506, "Gudmund", "Öberg", "011-278860", "2011-04-27);
INSERT INTO doctor (employeeid) VALUES (1506);
INSERT INTO doctor_specialization(employeeid, specializationid) VALUES (1506, 14);
INSERT INTO employee (employeeid, first_name, last_name, telephone_number, date_of_employment)VALUES (1507, "Jean", "Sundström", "072-748633", "2005-04-19);
INSERT INTO nurse (employeeid) VALUES (1507);
INSERT INTO nurse_specialization(employee_id, specialization_id) VALUES (1507, 6);
INSERT INTO employee (employeeid, first_name, last_name, telephone_number, date_of_employment)VALUES (1508, "Melchior", "Pettersson", "090-120467", "2007-05-25);
INSERT INTO assistant_nurse (employeeid) VALUES (1508);
INSERT INTO employee (employeeid, first_name, last_name, telephone_number, date_of_employment)VALUES (1509, "Eveline", "Jakobsson", "046-083505", "2013-07-24);
INSERT INTO assistant_nurse (employeeid) VALUES (1509);
INSERT INTO employee (employeeid, first_name, last_name, telephone_number, date_of_employment)VALUES (1510, "Elvy", "Sundström", "070-701821", "2008-08-06);
INSERT INTO nurse (employeeid) VALUES (1510);
INSERT INTO nurse_specialization(employee_id, specialization_id) VALUES (1510, 12);
INSERT INTO employee (employeeid, first_name, last_name, telephone_number, date_of_employment)VALUES (1511, "Annette", "Lindberg", "036-533146", "2010-08-27);
INSERT INTO assistant_nurse (employeeid) VALUES (1511);
INSERT INTO employee (employeeid, first_name, last_name, telephone_number, date_of_employment)VALUES (1512, "Lalla", "Sandström", "040-321571", "2012-11-05);
INSERT INTO nurse (employeeid) VALUES (1512);
INSERT INTO nurse_specialization(employee_id, specialization_id) VALUES (1512, 8);
INSERT INTO employee (employeeid, first_name, last_name, telephone_number, date_of_employment)VALUES (1513, "Harri", "Eriksson", "016-203662", "2008-09-08);
INSERT INTO nurse (employeeid) VALUES (1513);
INSERT INTO nurse_specialization(employee_id, specialization_id) VALUES (1513, 7);
INSERT INTO employee (employeeid, first_name, last_name, telephone_number, date_of_employment)VALUES (1514, "Nilla", "Jonasson", "075-075558", "2012-12-23);
INSERT INTO doctor (employeeid) VALUES (1514);
INSERT INTO doctor_specialization(employeeid, specializationid) VALUES (1514, 7);
INSERT INTO employee (employeeid, first_name, last_name, telephone_number, date_of_employment)VALUES (1515, "Oliver", "Isaksson", "011-274654", "2013-11-04);
INSERT INTO nurse (employeeid) VALUES (1515);
INSERT INTO nurse_specialization(employee_id, specialization_id) VALUES (1515, 3);
INSERT INTO employee (employeeid, first_name, last_name, telephone_number, date_of_employment)VALUES (1516, "Maret", "Pålsson", "021-085333", "2014-07-03);
INSERT INTO nurse (employeeid) VALUES (1516);
INSERT INTO nurse_specialization(employee_id, specialization_id) VALUES (1516, 11);
INSERT INTO employee (employeeid, first_name, last_name, telephone_number, date_of_employment)VALUES (1517, "Mike", "Jansson", "090-243676", "2010-07-01);
INSERT INTO nurse (employeeid) VALUES (1517);
INSERT INTO nurse_specialization(employee_id, specialization_id) VALUES (1517, 3);
INSERT INTO employee (employeeid, first_name, last_name, telephone_number, date_of_employment)VALUES (1518, "Jenni", "Karlsson", "044-888067", "2011-04-21);
INSERT INTO assistant_nurse (employeeid) VALUES (1518);
INSERT INTO employee (employeeid, first_name, last_name, telephone_number, date_of_employment)VALUES (1519, "Ketty", "Sundqvist", "078-203827", "2009-12-10);
INSERT INTO assistant_nurse (employeeid) VALUES (1519);
INSERT INTO employee (employeeid, first_name, last_name, telephone_number, date_of_employment)VALUES (1520, "Karna", "Holmgren", "078-568310", "2005-08-07);
INSERT INTO doctor (employeeid) VALUES (1520);
INSERT INTO doctor_specialization(employeeid, specializationid) VALUES (1520, 5);
INSERT INTO employee (employeeid, first_name, last_name, telephone_number, date_of_employment)VALUES (1521, "Evelin", "Engström", "011-520888", "2014-04-14);
INSERT INTO assistant_nurse (employeeid) VALUES (1521);
INSERT INTO employee (employeeid, first_name, last_name, telephone_number, date_of_employment)VALUES (1522, "Adalbert", "Nilsson", "021-158422", "2014-11-02);
INSERT INTO assistant_nurse (employeeid) VALUES (1522);
INSERT INTO employee (employeeid, first_name, last_name, telephone_number, date_of_employment)VALUES (1523, "Valfrid", "Söderberg", "072-862422", "2010-10-10);
INSERT INTO doctor (employeeid) VALUES (1523);
INSERT INTO doctor_specialization(employeeid, specializationid) VALUES (1523, 3);
INSERT INTO employee (employeeid, first_name, last_name, telephone_number, date_of_employment)VALUES (1524, "Enar", "Bengtsson", "075-401546", "2011-01-23);
INSERT INTO doctor (employeeid) VALUES (1524);
INSERT INTO doctor_specialization(employeeid, specializationid) VALUES (1524, 15);
INSERT INTO employee (employeeid, first_name, last_name, telephone_number, date_of_employment)VALUES (1525, "Hulda", "Pettersson", "011-666755", "2013-08-25);
INSERT INTO nurse (employeeid) VALUES (1525);

INSERT INTO employee (employeeid, first_name, last_name, telephone_number, date_of_employment)VALUES (1526, "Susanna", "Lundberg", "021-247017", "2014-12-18);
INSERT INTO assistant_nurse (employeeid) VALUES (1526);
INSERT INTO employee (employeeid, first_name, last_name, telephone_number, date_of_employment)VALUES (1527, "Ingrid", "Danielsson", "026-572072", "2012-04-06);
INSERT INTO assistant_nurse (employeeid) VALUES (1527);
INSERT INTO employee (employeeid, first_name, last_name, telephone_number, date_of_employment)VALUES (1528, "Aurora", "Blomqvist", "026-223724", "2007-12-06);
INSERT INTO nurse (employeeid) VALUES (1528);

INSERT INTO employee (employeeid, first_name, last_name, telephone_number, date_of_employment)VALUES (1529, "Ture", "Holmberg", "023-601252", "2005-09-12);
INSERT INTO assistant_nurse (employeeid) VALUES (1529);
INSERT INTO employee (employeeid, first_name, last_name, telephone_number, date_of_employment)VALUES (1530, "Monika", "Engström", "044-212600", "2010-01-05);
INSERT INTO doctor (employeeid) VALUES (1530);
INSERT INTO doctor_specialization(employeeid, specializationid) VALUES (1530, 5);
INSERT INTO employee (employeeid, first_name, last_name, telephone_number, date_of_employment)VALUES (1531, "Fingal", "Ek", "077-302326", "2011-12-10);
INSERT INTO doctor (employeeid) VALUES (1531);
INSERT INTO doctor_specialization(employeeid, specializationid) VALUES (1531, 13);
INSERT INTO employee (employeeid, first_name, last_name, telephone_number, date_of_employment)VALUES (1532, "Erland", "Berg", "090-206827", "2013-01-08);
INSERT INTO doctor (employeeid) VALUES (1532);
INSERT INTO doctor_specialization(employeeid, specializationid) VALUES (1532, 4);
INSERT INTO employee (employeeid, first_name, last_name, telephone_number, date_of_employment)VALUES (1533, "Brynolf", "Gustafsson", "040-073843", "2013-10-19);
INSERT INTO doctor (employeeid) VALUES (1533);
INSERT INTO doctor_specialization(employeeid, specializationid) VALUES (1533, 12);
INSERT INTO employee (employeeid, first_name, last_name, telephone_number, date_of_employment)VALUES (1534, "Esaias", "Norberg", "026-372562", "2013-05-13);
INSERT INTO nurse (employeeid) VALUES (1534);
INSERT INTO nurse_specialization(employee_id, specialization_id) VALUES (1534, 12);
INSERT INTO employee (employeeid, first_name, last_name, telephone_number, date_of_employment)VALUES (1535, "Josef", "Sandberg", "074-625215", "2012-03-23);
INSERT INTO doctor (employeeid) VALUES (1535);
INSERT INTO doctor_specialization(employeeid, specializationid) VALUES (1535, 3);
INSERT INTO employee (employeeid, first_name, last_name, telephone_number, date_of_employment)VALUES (1536, "Tora", "Nyström", "016-563676", "2007-01-10);
INSERT INTO doctor (employeeid) VALUES (1536);
INSERT INTO doctor_specialization(employeeid, specializationid) VALUES (1536, 2);
INSERT INTO employee (employeeid, first_name, last_name, telephone_number, date_of_employment)VALUES (1537, "Chris", "Sundström", "018-137743", "2007-02-15);
INSERT INTO assistant_nurse (employeeid) VALUES (1537);
INSERT INTO employee (employeeid, first_name, last_name, telephone_number, date_of_employment)VALUES (1538, "Erika", "Jönsson", "023-281076", "2014-10-14);
INSERT INTO nurse (employeeid) VALUES (1538);
INSERT INTO nurse_specialization(employee_id, specialization_id) VALUES (1538, 14);
INSERT INTO employee (employeeid, first_name, last_name, telephone_number, date_of_employment)VALUES (1539, "Luise", "Nordin", "023-845255", "2014-02-23);
INSERT INTO doctor (employeeid) VALUES (1539);
INSERT INTO doctor_specialization(employeeid, specializationid) VALUES (1539, 14);
INSERT INTO employee (employeeid, first_name, last_name, telephone_number, date_of_employment)VALUES (1540, "Helena", "Månsson", "035-662457", "2011-11-11);
INSERT INTO assistant_nurse (employeeid) VALUES (1540);
INSERT INTO employee (employeeid, first_name, last_name, telephone_number, date_of_employment)VALUES (1541, "Tove", "Jonasson", "078-108183", "2007-11-27);
INSERT INTO doctor (employeeid) VALUES (1541);
INSERT INTO doctor_specialization(employeeid, specializationid) VALUES (1541, 12);
INSERT INTO employee (employeeid, first_name, last_name, telephone_number, date_of_employment)VALUES (1542, "Georgios", "Lundström", "077-743685", "2008-05-18);
INSERT INTO nurse (employeeid) VALUES (1542);
INSERT INTO nurse_specialization(employee_id, specialization_id) VALUES (1542, 13);
INSERT INTO employee (employeeid, first_name, last_name, telephone_number, date_of_employment)VALUES (1543, "Maja", "Olofsson", "023-456036", "2008-11-19);
INSERT INTO nurse (employeeid) VALUES (1543);
INSERT INTO nurse_specialization(employee_id, specialization_id) VALUES (1543, 3);
INSERT INTO employee (employeeid, first_name, last_name, telephone_number, date_of_employment)VALUES (1544, "Allan", "Lindberg", "023-356105", "2006-06-14);
INSERT INTO nurse (employeeid) VALUES (1544);
INSERT INTO nurse_specialization(employee_id, specialization_id) VALUES (1544, 13);
INSERT INTO employee (employeeid, first_name, last_name, telephone_number, date_of_employment)VALUES (1545, "Elsa", "Holmqvist", "077-178526", "2014-03-05);
INSERT INTO assistant_nurse (employeeid) VALUES (1545);
INSERT INTO employee (employeeid, first_name, last_name, telephone_number, date_of_employment)VALUES (1546, "Gunni", "Lind", "026-583350", "2005-08-10);
INSERT INTO assistant_nurse (employeeid) VALUES (1546);
INSERT INTO employee (employeeid, first_name, last_name, telephone_number, date_of_employment)VALUES (1547, "Linn", "Magnusson", "042-587373", "2012-11-14);
INSERT INTO doctor (employeeid) VALUES (1547);
INSERT INTO doctor_specialization(employeeid, specializationid) VALUES (1547, 11);
INSERT INTO employee (employeeid, first_name, last_name, telephone_number, date_of_employment)VALUES (1548, "Runo", "Lundström", "075-770617", "2005-11-06);
INSERT INTO assistant_nurse (employeeid) VALUES (1548);
INSERT INTO employee (employeeid, first_name, last_name, telephone_number, date_of_employment)VALUES (1549, "Jenni", "Fredriksson", "078-723231", "2006-08-06);
INSERT INTO nurse (employeeid) VALUES (1549);
INSERT INTO nurse_specialization(employee_id, specialization_id) VALUES (1549, 12);
INSERT INTO employee (employeeid, first_name, last_name, telephone_number, date_of_employment)VALUES (1550, "Ingvar", "Forsberg", "040-733568", "2010-07-05);
INSERT INTO doctor (employeeid) VALUES (1550);
INSERT INTO doctor_specialization(employeeid, specializationid) VALUES (1550, 4);
INSERT INTO employee (employeeid, first_name, last_name, telephone_number, date_of_employment)VALUES (1551, "Betty", "Claesson", "026-672758", "2011-03-01);
INSERT INTO doctor (employeeid) VALUES (1551);
INSERT INTO doctor_specialization(employeeid, specializationid) VALUES (1551, 7);
INSERT INTO employee (employeeid, first_name, last_name, telephone_number, date_of_employment)VALUES (1552, "Nora", "Dahlberg", "036-132066", "2013-10-22);
INSERT INTO assistant_nurse (employeeid) VALUES (1552);
INSERT INTO employee (employeeid, first_name, last_name, telephone_number, date_of_employment)VALUES (1553, "Alla", "Eriksson", "023-118744", "2012-12-16);
INSERT INTO nurse (employeeid) VALUES (1553);
INSERT INTO nurse_specialization(employee_id, specialization_id) VALUES (1553, 9);
INSERT INTO employee (employeeid, first_name, last_name, telephone_number, date_of_employment)VALUES (1554, "Larry", "Viklund", "035-232840", "2006-07-01);
INSERT INTO assistant_nurse (employeeid) VALUES (1554);
INSERT INTO employee (employeeid, first_name, last_name, telephone_number, date_of_employment)VALUES (1555, "Alvin", "Holmgren", "046-280426", "2006-06-23);
INSERT INTO assistant_nurse (employeeid) VALUES (1555);
INSERT INTO employee (employeeid, first_name, last_name, telephone_number, date_of_employment)VALUES (1556, "Franco", "Blomqvist", "072-065714", "2011-05-19);
INSERT INTO assistant_nurse (employeeid) VALUES (1556);
INSERT INTO employee (employeeid, first_name, last_name, telephone_number, date_of_employment)VALUES (1557, "Kristian", "Holmgren", "072-341111", "2010-02-24);
INSERT INTO nurse (employeeid) VALUES (1557);

INSERT INTO employee (employeeid, first_name, last_name, telephone_number, date_of_employment)VALUES (1558, "Kathy", "Hermansson", "075-263675", "2007-12-24);
INSERT INTO assistant_nurse (employeeid) VALUES (1558);
INSERT INTO employee (employeeid, first_name, last_name, telephone_number, date_of_employment)VALUES (1559, "Ida", "Gustafsson", "033-855174", "2008-12-03);
INSERT INTO nurse (employeeid) VALUES (1559);
INSERT INTO nurse_specialization(employee_id, specialization_id) VALUES (1559, 11);
INSERT INTO employee (employeeid, first_name, last_name, telephone_number, date_of_employment)VALUES (1560, "Mike", "Arvidsson", "035-353776", "2005-08-09);
INSERT INTO doctor (employeeid) VALUES (1560);
INSERT INTO doctor_specialization(employeeid, specializationid) VALUES (1560, 12);
INSERT INTO employee (employeeid, first_name, last_name, telephone_number, date_of_employment)VALUES (1561, "Dorthy", "Forsberg", "033-836147", "2009-12-05);
INSERT INTO assistant_nurse (employeeid) VALUES (1561);
INSERT INTO employee (employeeid, first_name, last_name, telephone_number, date_of_employment)VALUES (1562, "Matilda", "Eklund", "060-428421", "2011-10-28);
INSERT INTO doctor (employeeid) VALUES (1562);
INSERT INTO doctor_specialization(employeeid, specializationid) VALUES (1562, 13);
INSERT INTO employee (employeeid, first_name, last_name, telephone_number, date_of_employment)VALUES (1563, "Lago", "Andreasson", "072-243485", "2008-04-20);
INSERT INTO nurse (employeeid) VALUES (1563);

INSERT INTO employee (employeeid, first_name, last_name, telephone_number, date_of_employment)VALUES (1564, "Andy", "Åberg", "035-723851", "2013-07-03);
INSERT INTO assistant_nurse (employeeid) VALUES (1564);
INSERT INTO employee (employeeid, first_name, last_name, telephone_number, date_of_employment)VALUES (1565, "Fabian", "Löfgren", "044-757387", "2009-08-12);
INSERT INTO doctor (employeeid) VALUES (1565);
INSERT INTO doctor_specialization(employeeid, specializationid) VALUES (1565, 6);
INSERT INTO employee (employeeid, first_name, last_name, telephone_number, date_of_employment)VALUES (1566, "Sebastian", "Arvidsson", "023-354554", "2008-08-04);
INSERT INTO assistant_nurse (employeeid) VALUES (1566);
INSERT INTO employee (employeeid, first_name, last_name, telephone_number, date_of_employment)VALUES (1567, "Mandis", "Jonasson", "011-506506", "2008-06-29);
INSERT INTO nurse (employeeid) VALUES (1567);

INSERT INTO employee (employeeid, first_name, last_name, telephone_number, date_of_employment)VALUES (1568, "Ingela", "Engström", "016-066420", "2005-07-12);
INSERT INTO nurse (employeeid) VALUES (1568);
INSERT INTO nurse_specialization(employee_id, specialization_id) VALUES (1568, 15);
INSERT INTO employee (employeeid, first_name, last_name, telephone_number, date_of_employment)VALUES (1569, "Silva", "Eriksson", "076-080878", "2005-02-11);
INSERT INTO nurse (employeeid) VALUES (1569);
INSERT INTO nurse_specialization(employee_id, specialization_id) VALUES (1569, 9);
INSERT INTO employee (employeeid, first_name, last_name, telephone_number, date_of_employment)VALUES (1570, "Agne", "Bergström", "040-860135", "2012-03-18);
INSERT INTO assistant_nurse (employeeid) VALUES (1570);
INSERT INTO employee (employeeid, first_name, last_name, telephone_number, date_of_employment)VALUES (1571, "Anna", "Björk", "011-035378", "2012-09-29);
INSERT INTO assistant_nurse (employeeid) VALUES (1571);
INSERT INTO employee (employeeid, first_name, last_name, telephone_number, date_of_employment)VALUES (1572, "Mårten", "Månsson", "018-147773", "2007-09-16);
INSERT INTO nurse (employeeid) VALUES (1572);

INSERT INTO employee (employeeid, first_name, last_name, telephone_number, date_of_employment)VALUES (1573, "Björne", "Lindberg", "075-386170", "2011-11-28);
INSERT INTO assistant_nurse (employeeid) VALUES (1573);
INSERT INTO employee (employeeid, first_name, last_name, telephone_number, date_of_employment)VALUES (1574, "Lizzy", "Claesson", "072-105882", "2008-01-13);
INSERT INTO assistant_nurse (employeeid) VALUES (1574);
INSERT INTO employee (employeeid, first_name, last_name, telephone_number, date_of_employment)VALUES (1575, "Elling", "Söderberg", "076-383448", "2013-10-13);
INSERT INTO doctor (employeeid) VALUES (1575);

INSERT INTO employee (employeeid, first_name, last_name, telephone_number, date_of_employment)VALUES (1576, "Mait", "Bengtsson", "072-554283", "2005-01-10);
INSERT INTO assistant_nurse (employeeid) VALUES (1576);
INSERT INTO employee (employeeid, first_name, last_name, telephone_number, date_of_employment)VALUES (1577, "Maggie", "Danielsson", "073-648158", "2012-08-23);
INSERT INTO nurse (employeeid) VALUES (1577);
INSERT INTO nurse_specialization(employee_id, specialization_id) VALUES (1577, 2);
INSERT INTO employee (employeeid, first_name, last_name, telephone_number, date_of_employment)VALUES (1578, "Isabelle", "Gunnarsson", "090-835628", "2009-04-10);
INSERT INTO doctor (employeeid) VALUES (1578);
INSERT INTO doctor_specialization(employeeid, specializationid) VALUES (1578, 8);
INSERT INTO employee (employeeid, first_name, last_name, telephone_number, date_of_employment)VALUES (1579, "Eleonora", "Lind", "074-371320", "2013-11-21);
INSERT INTO doctor (employeeid) VALUES (1579);
INSERT INTO doctor_specialization(employeeid, specializationid) VALUES (1579, 6);
INSERT INTO employee (employeeid, first_name, last_name, telephone_number, date_of_employment)VALUES (1580, "Irina", "Nilsson", "019-221670", "2009-12-08);
INSERT INTO assistant_nurse (employeeid) VALUES (1580);
INSERT INTO employee (employeeid, first_name, last_name, telephone_number, date_of_employment)VALUES (1581, "Karsten", "Bengtsson", "031-801180", "2007-03-10);
INSERT INTO assistant_nurse (employeeid) VALUES (1581);
INSERT INTO employee (employeeid, first_name, last_name, telephone_number, date_of_employment)VALUES (1582, "Adelia", "Gunnarsson", "076-831542", "2011-11-18);
INSERT INTO assistant_nurse (employeeid) VALUES (1582);
INSERT INTO employee (employeeid, first_name, last_name, telephone_number, date_of_employment)VALUES (1583, "Vilhelmina", "Jonasson", "018-770151", "2012-02-18);
INSERT INTO nurse (employeeid) VALUES (1583);
INSERT INTO nurse_specialization(employee_id, specialization_id) VALUES (1583, 8);
INSERT INTO employee (employeeid, first_name, last_name, telephone_number, date_of_employment)VALUES (1584, "Gottfrida", "Lindström", "036-045384", "2012-10-31);
INSERT INTO assistant_nurse (employeeid) VALUES (1584);
INSERT INTO employee (employeeid, first_name, last_name, telephone_number, date_of_employment)VALUES (1585, "Bror", "Lindqvist", "018-870054", "2009-04-15);
INSERT INTO nurse (employeeid) VALUES (1585);
INSERT INTO nurse_specialization(employee_id, specialization_id) VALUES (1585, 6);
INSERT INTO employee (employeeid, first_name, last_name, telephone_number, date_of_employment)VALUES (1586, "Pauline", "Lundgren", "046-388708", "2012-04-09);
INSERT INTO nurse (employeeid) VALUES (1586);
INSERT INTO nurse_specialization(employee_id, specialization_id) VALUES (1586, 5);
INSERT INTO employee (employeeid, first_name, last_name, telephone_number, date_of_employment)VALUES (1587, "Natalia", "Nilsson", "063-563676", "2009-06-19);
INSERT INTO assistant_nurse (employeeid) VALUES (1587);
INSERT INTO employee (employeeid, first_name, last_name, telephone_number, date_of_employment)VALUES (1588, "Jonas", "Norberg", "060-868745", "2009-11-21);
INSERT INTO doctor (employeeid) VALUES (1588);

INSERT INTO employee (employeeid, first_name, last_name, telephone_number, date_of_employment)VALUES (1589, "Karsten", "Mattsson", "016-682350", "2014-10-28);
INSERT INTO nurse (employeeid) VALUES (1589);
INSERT INTO nurse_specialization(employee_id, specialization_id) VALUES (1589, 1);
INSERT INTO employee (employeeid, first_name, last_name, telephone_number, date_of_employment)VALUES (1590, "Alex", "Berg", "073-021580", "2009-03-18);
INSERT INTO nurse (employeeid) VALUES (1590);
INSERT INTO nurse_specialization(employee_id, specialization_id) VALUES (1590, 1);
INSERT INTO employee (employeeid, first_name, last_name, telephone_number, date_of_employment)VALUES (1591, "Joel", "Strömberg", "044-848758", "2010-04-25);
INSERT INTO doctor (employeeid) VALUES (1591);
INSERT INTO doctor_specialization(employeeid, specializationid) VALUES (1591, 14);
INSERT INTO employee (employeeid, first_name, last_name, telephone_number, date_of_employment)VALUES (1592, "Uno", "Norberg", "026-118573", "2013-07-20);
INSERT INTO doctor (employeeid) VALUES (1592);

INSERT INTO employee (employeeid, first_name, last_name, telephone_number, date_of_employment)VALUES (1593, "Halvar", "Arvidsson", "044-331740", "2013-05-20);
INSERT INTO doctor (employeeid) VALUES (1593);
INSERT INTO doctor_specialization(employeeid, specializationid) VALUES (1593, 12);
INSERT INTO employee (employeeid, first_name, last_name, telephone_number, date_of_employment)VALUES (1594, "Gunvor", "Wikström", "021-533024", "2007-10-03);
INSERT INTO doctor (employeeid) VALUES (1594);
INSERT INTO doctor_specialization(employeeid, specializationid) VALUES (1594, 2);
INSERT INTO employee (employeeid, first_name, last_name, telephone_number, date_of_employment)VALUES (1595, "Luise", "Fransson", "072-824482", "2008-07-10);
INSERT INTO doctor (employeeid) VALUES (1595);

INSERT INTO employee (employeeid, first_name, last_name, telephone_number, date_of_employment)VALUES (1596, "Elin", "Blomqvist", "040-871407", "2005-08-06);
INSERT INTO doctor (employeeid) VALUES (1596);
INSERT INTO doctor_specialization(employeeid, specializationid) VALUES (1596, 10);
INSERT INTO employee (employeeid, first_name, last_name, telephone_number, date_of_employment)VALUES (1597, "Desirée", "Bergman", "074-512026", "2012-03-28);
INSERT INTO assistant_nurse (employeeid) VALUES (1597);
INSERT INTO employee (employeeid, first_name, last_name, telephone_number, date_of_employment)VALUES (1598, "Marie", "Fredriksson", "072-666755", "2013-03-07);
INSERT INTO assistant_nurse (employeeid) VALUES (1598);
INSERT INTO employee (employeeid, first_name, last_name, telephone_number, date_of_employment)VALUES (1599, "Rosi", "Bergman", "072-516383", "2009-04-09);
INSERT INTO doctor (employeeid) VALUES (1599);
INSERT INTO doctor_specialization(employeeid, specializationid) VALUES (1599, 2);
INSERT INTO employee (employeeid, first_name, last_name, telephone_number, date_of_employment)VALUES (1600, "Göta", "Pettersson", "016-280426", "2011-05-18);
INSERT INTO assistant_nurse (employeeid) VALUES (1600);
INSERT INTO employee (employeeid, first_name, last_name, telephone_number, date_of_employment)VALUES (1601, "Sigrid", "Holm", "063-568448", "2009-11-10);
INSERT INTO doctor (employeeid) VALUES (1601);
INSERT INTO doctor_specialization(employeeid, specializationid) VALUES (1601, 6);
INSERT INTO employee (employeeid, first_name, last_name, telephone_number, date_of_employment)VALUES (1602, "Birgitte", "Fredriksson", "078-338355", "2005-08-10);
INSERT INTO doctor (employeeid) VALUES (1602);
INSERT INTO doctor_specialization(employeeid, specializationid) VALUES (1602, 16);
INSERT INTO employee (employeeid, first_name, last_name, telephone_number, date_of_employment)VALUES (1603, "Adriana", "Blomqvist", "046-810768", "2007-12-02);
INSERT INTO nurse (employeeid) VALUES (1603);

INSERT INTO employee (employeeid, first_name, last_name, telephone_number, date_of_employment)VALUES (1604, "Götilda", "Åberg", "078-080257", "2005-02-15);
INSERT INTO nurse (employeeid) VALUES (1604);
INSERT INTO nurse_specialization(employee_id, specialization_id) VALUES (1604, 13);
INSERT INTO employee (employeeid, first_name, last_name, telephone_number, date_of_employment)VALUES (1605, "Chris", "Hansson", "074-216821", "2010-05-01);
INSERT INTO nurse (employeeid) VALUES (1605);
INSERT INTO nurse_specialization(employee_id, specialization_id) VALUES (1605, 13);
INSERT INTO employee (employeeid, first_name, last_name, telephone_number, date_of_employment)VALUES (1606, "Tony", "Lindqvist", "073-517325", "2012-09-27);
INSERT INTO assistant_nurse (employeeid) VALUES (1606);
INSERT INTO employee (employeeid, first_name, last_name, telephone_number, date_of_employment)VALUES (1607, "Anton", "Söderberg", "063-242581", "2013-04-26);
INSERT INTO assistant_nurse (employeeid) VALUES (1607);
INSERT INTO employee (employeeid, first_name, last_name, telephone_number, date_of_employment)VALUES (1608, "Manuela", "Larsson", "026-678142", "2009-04-08);
INSERT INTO assistant_nurse (employeeid) VALUES (1608);
INSERT INTO employee (employeeid, first_name, last_name, telephone_number, date_of_employment)VALUES (1609, "Ante", "Ek", "074-608073", "2014-08-27);
INSERT INTO assistant_nurse (employeeid) VALUES (1609);
INSERT INTO employee (employeeid, first_name, last_name, telephone_number, date_of_employment)VALUES (1610, "Agge", "Pålsson", "042-112868", "2011-03-10);
INSERT INTO nurse (employeeid) VALUES (1610);
INSERT INTO nurse_specialization(employee_id, specialization_id) VALUES (1610, 4);
INSERT INTO employee (employeeid, first_name, last_name, telephone_number, date_of_employment)VALUES (1611, "Natanael", "Holmberg", "075-348547", "2005-10-15);
INSERT INTO doctor (employeeid) VALUES (1611);
INSERT INTO doctor_specialization(employeeid, specializationid) VALUES (1611, 6);
INSERT INTO employee (employeeid, first_name, last_name, telephone_number, date_of_employment)VALUES (1612, "Halvar", "Hellström", "036-348048", "2005-04-09);
INSERT INTO nurse (employeeid) VALUES (1612);
INSERT INTO nurse_specialization(employee_id, specialization_id) VALUES (1612, 10);
INSERT INTO employee (employeeid, first_name, last_name, telephone_number, date_of_employment)VALUES (1613, "Mirja", "Olsson", "021-232570", "2011-09-25);
INSERT INTO doctor (employeeid) VALUES (1613);
INSERT INTO doctor_specialization(employeeid, specializationid) VALUES (1613, 16);
INSERT INTO employee (employeeid, first_name, last_name, telephone_number, date_of_employment)VALUES (1614, "Elina", "Sundqvist", "072-547176", "2014-07-18);
INSERT INTO assistant_nurse (employeeid) VALUES (1614);
INSERT INTO employee (employeeid, first_name, last_name, telephone_number, date_of_employment)VALUES (1615, "Agda", "Jonasson", "031-238482", "2007-03-01);
INSERT INTO nurse (employeeid) VALUES (1615);

INSERT INTO employee (employeeid, first_name, last_name, telephone_number, date_of_employment)VALUES (1616, "Cissi", "Andreasson", "077-270482", "2014-10-14);
INSERT INTO nurse (employeeid) VALUES (1616);

INSERT INTO employee (employeeid, first_name, last_name, telephone_number, date_of_employment)VALUES (1617, "Gunny", "Ekström", "078-203517", "2010-12-03);
INSERT INTO nurse (employeeid) VALUES (1617);
INSERT INTO nurse_specialization(employee_id, specialization_id) VALUES (1617, 2);
INSERT INTO employee (employeeid, first_name, last_name, telephone_number, date_of_employment)VALUES (1618, "Justina", "Berglund", "042-484186", "2006-09-30);
INSERT INTO doctor (employeeid) VALUES (1618);
INSERT INTO doctor_specialization(employeeid, specializationid) VALUES (1618, 7);
INSERT INTO employee (employeeid, first_name, last_name, telephone_number, date_of_employment)VALUES (1619, "Simone", "Mattsson", "074-178526", "2010-02-11);
INSERT INTO nurse (employeeid) VALUES (1619);

INSERT INTO employee (employeeid, first_name, last_name, telephone_number, date_of_employment)VALUES (1620, "Evelin", "Bergman", "060-402262", "2014-11-16);
INSERT INTO doctor (employeeid) VALUES (1620);
INSERT INTO doctor_specialization(employeeid, specializationid) VALUES (1620, 10);
INSERT INTO employee (employeeid, first_name, last_name, telephone_number, date_of_employment)VALUES (1621, "Erhard", "Sundberg", "019-328283", "2009-03-01);
INSERT INTO doctor (employeeid) VALUES (1621);

INSERT INTO employee (employeeid, first_name, last_name, telephone_number, date_of_employment)VALUES (1622, "Gustav", "Olsson", "073-185257", "2012-12-19);
INSERT INTO doctor (employeeid) VALUES (1622);
INSERT INTO doctor_specialization(employeeid, specializationid) VALUES (1622, 9);
INSERT INTO employee (employeeid, first_name, last_name, telephone_number, date_of_employment)VALUES (1623, "Laurentius", "Lind", "035-883256", "2009-08-27);
INSERT INTO nurse (employeeid) VALUES (1623);
INSERT INTO nurse_specialization(employee_id, specialization_id) VALUES (1623, 8);
INSERT INTO employee (employeeid, first_name, last_name, telephone_number, date_of_employment)VALUES (1624, "Måns", "Sjöberg", "018-466054", "2013-12-11);
INSERT INTO assistant_nurse (employeeid) VALUES (1624);
INSERT INTO employee (employeeid, first_name, last_name, telephone_number, date_of_employment)VALUES (1625, "Ola", "Sundqvist", "073-178437", "2007-10-31);
INSERT INTO assistant_nurse (employeeid) VALUES (1625);
INSERT INTO employee (employeeid, first_name, last_name, telephone_number, date_of_employment)VALUES (1626, "Hilvi", "Jönsson", "026-782022", "2005-12-21);
INSERT INTO nurse (employeeid) VALUES (1626);
INSERT INTO nurse_specialization(employee_id, specialization_id) VALUES (1626, 15);
INSERT INTO employee (employeeid, first_name, last_name, telephone_number, date_of_employment)VALUES (1627, "Måns", "Falk", "016-210065", "2011-04-22);
INSERT INTO doctor (employeeid) VALUES (1627);
INSERT INTO doctor_specialization(employeeid, specializationid) VALUES (1627, 14);
INSERT INTO employee (employeeid, first_name, last_name, telephone_number, date_of_employment)VALUES (1628, "Ingvor", "Holmberg", "077-817776", "2014-04-23);
INSERT INTO assistant_nurse (employeeid) VALUES (1628);
INSERT INTO employee (employeeid, first_name, last_name, telephone_number, date_of_employment)VALUES (1629, "Helmina", "Strömberg", "026-105727", "2012-08-25);
INSERT INTO assistant_nurse (employeeid) VALUES (1629);
INSERT INTO employee (employeeid, first_name, last_name, telephone_number, date_of_employment)VALUES (1630, "Johannes", "Eklund", "044-075307", "2010-01-20);
INSERT INTO doctor (employeeid) VALUES (1630);

INSERT INTO employee (employeeid, first_name, last_name, telephone_number, date_of_employment)VALUES (1631, "Isa", "Samuelsson", "031-648060", "2010-09-07);
INSERT INTO doctor (employeeid) VALUES (1631);
INSERT INTO doctor_specialization(employeeid, specializationid) VALUES (1631, 16);
INSERT INTO employee (employeeid, first_name, last_name, telephone_number, date_of_employment)VALUES (1632, "Vera", "Claesson", "075-716663", "2012-11-02);
INSERT INTO assistant_nurse (employeeid) VALUES (1632);
INSERT INTO employee (employeeid, first_name, last_name, telephone_number, date_of_employment)VALUES (1633, "Maud", "Lindström", "042-676737", "2014-05-29);
INSERT INTO assistant_nurse (employeeid) VALUES (1633);
INSERT INTO employee (employeeid, first_name, last_name, telephone_number, date_of_employment)VALUES (1634, "Helna", "Holmberg", "036-882730", "2008-01-23);
INSERT INTO doctor (employeeid) VALUES (1634);
INSERT INTO doctor_specialization(employeeid, specializationid) VALUES (1634, 15);
INSERT INTO employee (employeeid, first_name, last_name, telephone_number, date_of_employment)VALUES (1635, "Felix", "Axelsson", "078-812473", "2005-11-09);
INSERT INTO nurse (employeeid) VALUES (1635);
INSERT INTO nurse_specialization(employee_id, specialization_id) VALUES (1635, 4);
INSERT INTO employee (employeeid, first_name, last_name, telephone_number, date_of_employment)VALUES (1636, "Stefano", "Falk", "044-367520", "2008-01-25);
INSERT INTO doctor (employeeid) VALUES (1636);

INSERT INTO employee (employeeid, first_name, last_name, telephone_number, date_of_employment)VALUES (1637, "Jannike", "Mårtensson", "035-421814", "2011-10-12);
INSERT INTO assistant_nurse (employeeid) VALUES (1637);
INSERT INTO employee (employeeid, first_name, last_name, telephone_number, date_of_employment)VALUES (1638, "Francisco", "Berglund", "072-377068", "2005-06-21);
INSERT INTO doctor (employeeid) VALUES (1638);
INSERT INTO doctor_specialization(employeeid, specializationid) VALUES (1638, 9);
INSERT INTO employee (employeeid, first_name, last_name, telephone_number, date_of_employment)VALUES (1639, "Emma", "Hellström", "070-300100", "2006-05-25);
INSERT INTO doctor (employeeid) VALUES (1639);
INSERT INTO doctor_specialization(employeeid, specializationid) VALUES (1639, 14);
INSERT INTO employee (employeeid, first_name, last_name, telephone_number, date_of_employment)VALUES (1640, "Karoly", "Eklund", "074-417280", "2008-07-13);
INSERT INTO assistant_nurse (employeeid) VALUES (1640);
INSERT INTO employee (employeeid, first_name, last_name, telephone_number, date_of_employment)VALUES (1641, "Louis", "Wikström", "076-563761", "2010-10-15);
INSERT INTO assistant_nurse (employeeid) VALUES (1641);
INSERT INTO employee (employeeid, first_name, last_name, telephone_number, date_of_employment)VALUES (1642, "Melker", "Andreasson", "040-613854", "2013-02-15);
INSERT INTO assistant_nurse (employeeid) VALUES (1642);
INSERT INTO employee (employeeid, first_name, last_name, telephone_number, date_of_employment)VALUES (1643, "Bertil", "Lindström", "078-511212", "2011-03-31);
INSERT INTO assistant_nurse (employeeid) VALUES (1643);
INSERT INTO employee (employeeid, first_name, last_name, telephone_number, date_of_employment)VALUES (1644, "Sven", "Lundberg", "078-678857", "2007-07-01);
INSERT INTO doctor (employeeid) VALUES (1644);
INSERT INTO doctor_specialization(employeeid, specializationid) VALUES (1644, 10);
INSERT INTO employee (employeeid, first_name, last_name, telephone_number, date_of_employment)VALUES (1645, "Arne", "Blom", "076-162021", "2014-08-03);
INSERT INTO nurse (employeeid) VALUES (1645);
INSERT INTO nurse_specialization(employee_id, specialization_id) VALUES (1645, 8);
INSERT INTO employee (employeeid, first_name, last_name, telephone_number, date_of_employment)VALUES (1646, "Oliver", "Sjögren", "078-758003", "2012-12-07);
INSERT INTO nurse (employeeid) VALUES (1646);
INSERT INTO nurse_specialization(employee_id, specialization_id) VALUES (1646, 4);
INSERT INTO employee (employeeid, first_name, last_name, telephone_number, date_of_employment)VALUES (1647, "Lene", "Wikström", "075-618848", "2006-01-01);
INSERT INTO doctor (employeeid) VALUES (1647);
INSERT INTO doctor_specialization(employeeid, specializationid) VALUES (1647, 13);
INSERT INTO employee (employeeid, first_name, last_name, telephone_number, date_of_employment)VALUES (1648, "Ernst", "Lindqvist", "070-726521", "2010-10-23);
INSERT INTO doctor (employeeid) VALUES (1648);
INSERT INTO doctor_specialization(employeeid, specializationid) VALUES (1648, 1);
INSERT INTO employee (employeeid, first_name, last_name, telephone_number, date_of_employment)VALUES (1649, "Peder", "Martinsson", "070-340186", "2007-05-29);
INSERT INTO nurse (employeeid) VALUES (1649);
INSERT INTO nurse_specialization(employee_id, specialization_id) VALUES (1649, 7);
INSERT INTO employee (employeeid, first_name, last_name, telephone_number, date_of_employment)VALUES (1650, "Majli", "Sundberg", "035-303671", "2009-11-08);
INSERT INTO nurse (employeeid) VALUES (1650);
INSERT INTO nurse_specialization(employee_id, specialization_id) VALUES (1650, 14);
INSERT INTO employee (employeeid, first_name, last_name, telephone_number, date_of_employment)VALUES (1651, "Kettil", "Lundqvist", "046-803032", "2007-09-15);
INSERT INTO nurse (employeeid) VALUES (1651);

INSERT INTO employee (employeeid, first_name, last_name, telephone_number, date_of_employment)VALUES (1652, "Orvar", "Lind", "078-316340", "2008-02-05);
INSERT INTO nurse (employeeid) VALUES (1652);

INSERT INTO employee (employeeid, first_name, last_name, telephone_number, date_of_employment)VALUES (1653, "Alida", "Lindgren", "019-804823", "2012-08-25);
INSERT INTO assistant_nurse (employeeid) VALUES (1653);
INSERT INTO employee (employeeid, first_name, last_name, telephone_number, date_of_employment)VALUES (1654, "Sivard", "Lundin", "035-232168", "2012-12-27);
INSERT INTO nurse (employeeid) VALUES (1654);

INSERT INTO employee (employeeid, first_name, last_name, telephone_number, date_of_employment)VALUES (1655, "Esse", "Lindholm", "077-821144", "2014-11-19);
INSERT INTO assistant_nurse (employeeid) VALUES (1655);
INSERT INTO employee (employeeid, first_name, last_name, telephone_number, date_of_employment)VALUES (1656, "Amelie", "Blomqvist", "063-815486", "2009-12-05);
INSERT INTO doctor (employeeid) VALUES (1656);
INSERT INTO doctor_specialization(employeeid, specializationid) VALUES (1656, 6);
INSERT INTO employee (employeeid, first_name, last_name, telephone_number, date_of_employment)VALUES (1657, "Adelina", "Larsson", "040-348547", "2006-12-09);
INSERT INTO assistant_nurse (employeeid) VALUES (1657);
INSERT INTO employee (employeeid, first_name, last_name, telephone_number, date_of_employment)VALUES (1658, "Ella", "Gunnarsson", "026-685053", "2007-08-13);
INSERT INTO assistant_nurse (employeeid) VALUES (1658);
INSERT INTO employee (employeeid, first_name, last_name, telephone_number, date_of_employment)VALUES (1659, "Sylvester", "Eklund", "074-745162", "2013-06-08);
INSERT INTO assistant_nurse (employeeid) VALUES (1659);
INSERT INTO employee (employeeid, first_name, last_name, telephone_number, date_of_employment)VALUES (1660, "Maud", "Larsson", "042-568214", "2006-11-06);
INSERT INTO assistant_nurse (employeeid) VALUES (1660);
INSERT INTO employee (employeeid, first_name, last_name, telephone_number, date_of_employment)VALUES (1661, "Amalie", "Hedlund", "018-664484", "2008-04-05);
INSERT INTO assistant_nurse (employeeid) VALUES (1661);
INSERT INTO employee (employeeid, first_name, last_name, telephone_number, date_of_employment)VALUES (1662, "Jörn", "Olofsson", "035-205452", "2013-06-02);
INSERT INTO assistant_nurse (employeeid) VALUES (1662);
INSERT INTO employee (employeeid, first_name, last_name, telephone_number, date_of_employment)VALUES (1663, "Lola", "Lindgren", "019-262283", "2011-07-29);
INSERT INTO nurse (employeeid) VALUES (1663);

INSERT INTO employee (employeeid, first_name, last_name, telephone_number, date_of_employment)VALUES (1664, "Adalbert", "Löfgren", "076-652044", "2006-03-23);
INSERT INTO doctor (employeeid) VALUES (1664);
INSERT INTO doctor_specialization(employeeid, specializationid) VALUES (1664, 16);
INSERT INTO employee (employeeid, first_name, last_name, telephone_number, date_of_employment)VALUES (1665, "Daniela", "Eriksson", "023-676772", "2007-09-25);
INSERT INTO doctor (employeeid) VALUES (1665);
INSERT INTO doctor_specialization(employeeid, specializationid) VALUES (1665, 10);
INSERT INTO employee (employeeid, first_name, last_name, telephone_number, date_of_employment)VALUES (1666, "Conny", "Olofsson", "031-287707", "2010-05-18);
INSERT INTO doctor (employeeid) VALUES (1666);
INSERT INTO doctor_specialization(employeeid, specializationid) VALUES (1666, 3);
INSERT INTO employee (employeeid, first_name, last_name, telephone_number, date_of_employment)VALUES (1667, "Torgny", "Norberg", "075-642724", "2008-08-13);
INSERT INTO nurse (employeeid) VALUES (1667);
INSERT INTO nurse_specialization(employee_id, specialization_id) VALUES (1667, 1);
INSERT INTO employee (employeeid, first_name, last_name, telephone_number, date_of_employment)VALUES (1668, "Björne", "Gunnarsson", "033-780151", "2010-05-20);
INSERT INTO assistant_nurse (employeeid) VALUES (1668);
INSERT INTO employee (employeeid, first_name, last_name, telephone_number, date_of_employment)VALUES (1669, "Bruno", "Karlsson", "046-787175", "2011-03-10);
INSERT INTO assistant_nurse (employeeid) VALUES (1669);
INSERT INTO employee (employeeid, first_name, last_name, telephone_number, date_of_employment)VALUES (1670, "Jeanette", "Pålsson", "042-083505", "2006-01-03);
INSERT INTO nurse (employeeid) VALUES (1670);
INSERT INTO nurse_specialization(employee_id, specialization_id) VALUES (1670, 1);
INSERT INTO employee (employeeid, first_name, last_name, telephone_number, date_of_employment)VALUES (1671, "Leif", "Arvidsson", "073-506170", "2011-10-07);
INSERT INTO assistant_nurse (employeeid) VALUES (1671);
INSERT INTO employee (employeeid, first_name, last_name, telephone_number, date_of_employment)VALUES (1672, "Ingeman", "Lindberg", "021-004448", "2005-11-08);
INSERT INTO assistant_nurse (employeeid) VALUES (1672);
INSERT INTO employee (employeeid, first_name, last_name, telephone_number, date_of_employment)VALUES (1673, "Age", "Lindström", "077-178446", "2007-10-18);
INSERT INTO assistant_nurse (employeeid) VALUES (1673);
INSERT INTO employee (employeeid, first_name, last_name, telephone_number, date_of_employment)VALUES (1674, "Per", "Pålsson", "021-367520", "2012-09-14);
INSERT INTO doctor (employeeid) VALUES (1674);
INSERT INTO doctor_specialization(employeeid, specializationid) VALUES (1674, 11);
INSERT INTO employee (employeeid, first_name, last_name, telephone_number, date_of_employment)VALUES (1675, "Baltsar", "Holmqvist", "078-487774", "2010-03-11);
INSERT INTO doctor (employeeid) VALUES (1675);
INSERT INTO doctor_specialization(employeeid, specializationid) VALUES (1675, 3);
INSERT INTO employee (employeeid, first_name, last_name, telephone_number, date_of_employment)VALUES (1676, "Petronella", "Håkansson", "018-408276", "2010-07-14);
INSERT INTO doctor (employeeid) VALUES (1676);
INSERT INTO doctor_specialization(employeeid, specializationid) VALUES (1676, 3);
INSERT INTO employee (employeeid, first_name, last_name, telephone_number, date_of_employment)VALUES (1677, "Marietta", "Sandström", "018-566287", "2014-08-19);
INSERT INTO assistant_nurse (employeeid) VALUES (1677);
INSERT INTO employee (employeeid, first_name, last_name, telephone_number, date_of_employment)VALUES (1678, "Lilly", "Nordin", "033-303440", "2014-09-26);
INSERT INTO doctor (employeeid) VALUES (1678);
INSERT INTO doctor_specialization(employeeid, specializationid) VALUES (1678, 8);
INSERT INTO employee (employeeid, first_name, last_name, telephone_number, date_of_employment)VALUES (1679, "Adelina", "Magnusson", "019-706851", "2013-01-12);
INSERT INTO assistant_nurse (employeeid) VALUES (1679);
INSERT INTO employee (employeeid, first_name, last_name, telephone_number, date_of_employment)VALUES (1680, "Olavi", "Lund", "040-484473", "2007-01-10);
INSERT INTO nurse (employeeid) VALUES (1680);
INSERT INTO nurse_specialization(employee_id, specialization_id) VALUES (1680, 9);
INSERT INTO employee (employeeid, first_name, last_name, telephone_number, date_of_employment)VALUES (1681, "Jöns", "Strömberg", "018-211361", "2011-09-08);
INSERT INTO doctor (employeeid) VALUES (1681);

INSERT INTO employee (employeeid, first_name, last_name, telephone_number, date_of_employment)VALUES (1682, "Paulus", "Henriksson", "072-220111", "2014-04-11);
INSERT INTO doctor (employeeid) VALUES (1682);
INSERT INTO doctor_specialization(employeeid, specializationid) VALUES (1682, 6);
INSERT INTO employee (employeeid, first_name, last_name, telephone_number, date_of_employment)VALUES (1683, "Anders", "Holmqvist", "076-051856", "2009-02-12);
INSERT INTO nurse (employeeid) VALUES (1683);
INSERT INTO nurse_specialization(employee_id, specialization_id) VALUES (1683, 3);
INSERT INTO employee (employeeid, first_name, last_name, telephone_number, date_of_employment)VALUES (1684, "Vivika", "Mårtensson", "060-517771", "2006-02-25);
INSERT INTO assistant_nurse (employeeid) VALUES (1684);
INSERT INTO employee (employeeid, first_name, last_name, telephone_number, date_of_employment)VALUES (1685, "Henry", "Sandström", "035-112868", "2008-10-25);
INSERT INTO nurse (employeeid) VALUES (1685);
INSERT INTO nurse_specialization(employee_id, specialization_id) VALUES (1685, 3);
INSERT INTO employee (employeeid, first_name, last_name, telephone_number, date_of_employment)VALUES (1686, "Yrsa", "Hedlund", "023-111431", "2010-07-16);
INSERT INTO nurse (employeeid) VALUES (1686);
INSERT INTO nurse_specialization(employee_id, specialization_id) VALUES (1686, 2);
INSERT INTO employee (employeeid, first_name, last_name, telephone_number, date_of_employment)VALUES (1687, "Märta", "Sundqvist", "042-314430", "2010-04-22);
INSERT INTO assistant_nurse (employeeid) VALUES (1687);
INSERT INTO employee (employeeid, first_name, last_name, telephone_number, date_of_employment)VALUES (1688, "Ruben", "Sandström", "046-430808", "2011-08-01);
INSERT INTO nurse (employeeid) VALUES (1688);
INSERT INTO nurse_specialization(employee_id, specialization_id) VALUES (1688, 12);
INSERT INTO employee (employeeid, first_name, last_name, telephone_number, date_of_employment)VALUES (1689, "Anthony", "Lindberg", "036-184484", "2009-08-28);
INSERT INTO nurse (employeeid) VALUES (1689);

INSERT INTO employee (employeeid, first_name, last_name, telephone_number, date_of_employment)VALUES (1690, "Selmer", "Strömberg", "018-482855", "2008-01-29);
INSERT INTO assistant_nurse (employeeid) VALUES (1690);
INSERT INTO employee (employeeid, first_name, last_name, telephone_number, date_of_employment)VALUES (1691, "Botvid", "Olofsson", "031-186460", "2009-06-03);
INSERT INTO assistant_nurse (employeeid) VALUES (1691);
INSERT INTO employee (employeeid, first_name, last_name, telephone_number, date_of_employment)VALUES (1692, "Peter", "Holm", "070-246421", "2012-08-01);
INSERT INTO assistant_nurse (employeeid) VALUES (1692);
INSERT INTO employee (employeeid, first_name, last_name, telephone_number, date_of_employment)VALUES (1693, "Signhild", "Nordström", "060-166682", "2013-03-01);
INSERT INTO assistant_nurse (employeeid) VALUES (1693);
INSERT INTO employee (employeeid, first_name, last_name, telephone_number, date_of_employment)VALUES (1694, "Malin", "Mattsson", "046-543746", "2007-06-08);
INSERT INTO doctor (employeeid) VALUES (1694);
INSERT INTO doctor_specialization(employeeid, specializationid) VALUES (1694, 14);
INSERT INTO employee (employeeid, first_name, last_name, telephone_number, date_of_employment)VALUES (1695, "Stella", "Berggren", "018-455306", "2005-01-29);
INSERT INTO nurse (employeeid) VALUES (1695);
INSERT INTO nurse_specialization(employee_id, specialization_id) VALUES (1695, 10);
INSERT INTO employee (employeeid, first_name, last_name, telephone_number, date_of_employment)VALUES (1696, "Inga", "Sandström", "016-516287", "2005-08-29);
INSERT INTO doctor (employeeid) VALUES (1696);
INSERT INTO doctor_specialization(employeeid, specializationid) VALUES (1696, 1);
INSERT INTO employee (employeeid, first_name, last_name, telephone_number, date_of_employment)VALUES (1697, "Nanna", "Lind", "042-156564", "2009-07-11);
INSERT INTO doctor (employeeid) VALUES (1697);
INSERT INTO doctor_specialization(employeeid, specializationid) VALUES (1697, 4);
INSERT INTO employee (employeeid, first_name, last_name, telephone_number, date_of_employment)VALUES (1698, "Aino", "Lundin", "078-850166", "2006-01-15);
INSERT INTO assistant_nurse (employeeid) VALUES (1698);
INSERT INTO employee (employeeid, first_name, last_name, telephone_number, date_of_employment)VALUES (1699, "Benita", "Engström", "018-005830", "2006-03-27);
INSERT INTO doctor (employeeid) VALUES (1699);
INSERT INTO doctor_specialization(employeeid, specializationid) VALUES (1699, 12);
INSERT INTO employee (employeeid, first_name, last_name, telephone_number, date_of_employment)VALUES (1700, "Ola", "Hansen", "033-617376", "2013-11-22);
INSERT INTO nurse (employeeid) VALUES (1700);

INSERT INTO employee (employeeid, first_name, last_name, telephone_number, date_of_employment)VALUES (1701, "Jens", "Björklund", "040-428288", "2014-05-04);
INSERT INTO assistant_nurse (employeeid) VALUES (1701);
INSERT INTO employee (employeeid, first_name, last_name, telephone_number, date_of_employment)VALUES (1702, "Malin", "Lundin", "036-231701", "2014-10-09);
INSERT INTO assistant_nurse (employeeid) VALUES (1702);
INSERT INTO employee (employeeid, first_name, last_name, telephone_number, date_of_employment)VALUES (1703, "Gertie", "Sandberg", "023-753025", "2011-09-28);
INSERT INTO assistant_nurse (employeeid) VALUES (1703);
INSERT INTO employee (employeeid, first_name, last_name, telephone_number, date_of_employment)VALUES (1704, "Eberhard", "Martinsson", "036-410816", "2008-11-12);
INSERT INTO doctor (employeeid) VALUES (1704);
INSERT INTO doctor_specialization(employeeid, specializationid) VALUES (1704, 6);
INSERT INTO employee (employeeid, first_name, last_name, telephone_number, date_of_employment)VALUES (1705, "Edgar", "Sundqvist", "072-707138", "2008-07-06);
INSERT INTO doctor (employeeid) VALUES (1705);
INSERT INTO doctor_specialization(employeeid, specializationid) VALUES (1705, 8);
INSERT INTO employee (employeeid, first_name, last_name, telephone_number, date_of_employment)VALUES (1706, "Elzbieta", "Eliasson", "036-734861", "2010-07-26);
INSERT INTO doctor (employeeid) VALUES (1706);
INSERT INTO doctor_specialization(employeeid, specializationid) VALUES (1706, 3);
INSERT INTO employee (employeeid, first_name, last_name, telephone_number, date_of_employment)VALUES (1707, "Laila", "Pålsson", "073-546682", "2014-09-13);
INSERT INTO nurse (employeeid) VALUES (1707);

INSERT INTO employee (employeeid, first_name, last_name, telephone_number, date_of_employment)VALUES (1708, "Rutger", "Jonasson", "036-877720", "2005-02-06);
INSERT INTO nurse (employeeid) VALUES (1708);
INSERT INTO nurse_specialization(employee_id, specialization_id) VALUES (1708, 12);
INSERT INTO employee (employeeid, first_name, last_name, telephone_number, date_of_employment)VALUES (1709, "Aurore", "Öberg", "076-104681", "2006-03-27);
INSERT INTO doctor (employeeid) VALUES (1709);
INSERT INTO doctor_specialization(employeeid, specializationid) VALUES (1709, 14);
INSERT INTO employee (employeeid, first_name, last_name, telephone_number, date_of_employment)VALUES (1710, "Julius", "Ivarsson", "075-145774", "2013-04-17);
INSERT INTO doctor (employeeid) VALUES (1710);

INSERT INTO employee (employeeid, first_name, last_name, telephone_number, date_of_employment)VALUES (1711, "August", "Eklund", "075-147773", "2014-04-19);
INSERT INTO assistant_nurse (employeeid) VALUES (1711);
INSERT INTO employee (employeeid, first_name, last_name, telephone_number, date_of_employment)VALUES (1712, "Elly", "Pålsson", "063-215630", "2010-11-30);
INSERT INTO doctor (employeeid) VALUES (1712);

INSERT INTO employee (employeeid, first_name, last_name, telephone_number, date_of_employment)VALUES (1713, "Elisif", "Berglund", "078-862332", "2014-03-29);
INSERT INTO assistant_nurse (employeeid) VALUES (1713);
INSERT INTO employee (employeeid, first_name, last_name, telephone_number, date_of_employment)VALUES (1714, "Risto", "Lundqvist", "060-030726", "2012-02-09);
INSERT INTO doctor (employeeid) VALUES (1714);

INSERT INTO employee (employeeid, first_name, last_name, telephone_number, date_of_employment)VALUES (1715, "Monique", "Lundgren", "090-177837", "2005-12-09);
INSERT INTO nurse (employeeid) VALUES (1715);
INSERT INTO nurse_specialization(employee_id, specialization_id) VALUES (1715, 9);
INSERT INTO employee (employeeid, first_name, last_name, telephone_number, date_of_employment)VALUES (1716, "Chris", "Pettersson", "023-350427", "2007-04-06);
INSERT INTO assistant_nurse (employeeid) VALUES (1716);
INSERT INTO employee (employeeid, first_name, last_name, telephone_number, date_of_employment)VALUES (1717, "Sofia", "Holmgren", "046-887546", "2012-12-24);
INSERT INTO assistant_nurse (employeeid) VALUES (1717);
INSERT INTO employee (employeeid, first_name, last_name, telephone_number, date_of_employment)VALUES (1718, "Jimmie", "Lundin", "035-284344", "2013-05-20);
INSERT INTO assistant_nurse (employeeid) VALUES (1718);
INSERT INTO employee (employeeid, first_name, last_name, telephone_number, date_of_employment)VALUES (1719, "Diane", "Jansson", "060-333156", "2013-03-02);
INSERT INTO nurse (employeeid) VALUES (1719);
INSERT INTO nurse_specialization(employee_id, specialization_id) VALUES (1719, 3);
INSERT INTO employee (employeeid, first_name, last_name, telephone_number, date_of_employment)VALUES (1720, "Adam", "Lindqvist", "040-618160", "2005-11-02);
INSERT INTO nurse (employeeid) VALUES (1720);
INSERT INTO nurse_specialization(employee_id, specialization_id) VALUES (1720, 13);
INSERT INTO employee (employeeid, first_name, last_name, telephone_number, date_of_employment)VALUES (1721, "Gurly", "Falk", "090-646003", "2005-11-27);
INSERT INTO nurse (employeeid) VALUES (1721);
INSERT INTO nurse_specialization(employee_id, specialization_id) VALUES (1721, 4);
INSERT INTO employee (employeeid, first_name, last_name, telephone_number, date_of_employment)VALUES (1722, "Hasse", "Öberg", "033-487884", "2006-09-25);
INSERT INTO doctor (employeeid) VALUES (1722);
INSERT INTO doctor_specialization(employeeid, specializationid) VALUES (1722, 12);
INSERT INTO employee (employeeid, first_name, last_name, telephone_number, date_of_employment)VALUES (1723, "Natalie", "Hellström", "035-018610", "2014-10-06);
INSERT INTO assistant_nurse (employeeid) VALUES (1723);
INSERT INTO employee (employeeid, first_name, last_name, telephone_number, date_of_employment)VALUES (1724, "Lisbet", "Månsson", "011-661426", "2011-12-28);
INSERT INTO assistant_nurse (employeeid) VALUES (1724);
INSERT INTO employee (employeeid, first_name, last_name, telephone_number, date_of_employment)VALUES (1725, "Ditte", "Blomqvist", "011-251862", "2012-10-07);
INSERT INTO doctor (employeeid) VALUES (1725);

INSERT INTO employee (employeeid, first_name, last_name, telephone_number, date_of_employment)VALUES (1726, "Barbara", "Abrahamsson", "023-065486", "2009-06-20);
INSERT INTO nurse (employeeid) VALUES (1726);
INSERT INTO nurse_specialization(employee_id, specialization_id) VALUES (1726, 14);
INSERT INTO employee (employeeid, first_name, last_name, telephone_number, date_of_employment)VALUES (1727, "Axelia", "Olsson", "018-067443", "2006-03-12);
INSERT INTO nurse (employeeid) VALUES (1727);
INSERT INTO nurse_specialization(employee_id, specialization_id) VALUES (1727, 13);
INSERT INTO employee (employeeid, first_name, last_name, telephone_number, date_of_employment)VALUES (1728, "Lise", "Hellström", "019-831571", "2011-07-15);
INSERT INTO assistant_nurse (employeeid) VALUES (1728);
INSERT INTO employee (employeeid, first_name, last_name, telephone_number, date_of_employment)VALUES (1729, "Boris", "Mattsson", "073-128810", "2013-02-22);
INSERT INTO nurse (employeeid) VALUES (1729);
INSERT INTO nurse_specialization(employee_id, specialization_id) VALUES (1729, 12);
INSERT INTO employee (employeeid, first_name, last_name, telephone_number, date_of_employment)VALUES (1730, "Mickel", "Gunnarsson", "078-580533", "2013-03-08);
INSERT INTO doctor (employeeid) VALUES (1730);

INSERT INTO employee (employeeid, first_name, last_name, telephone_number, date_of_employment)VALUES (1731, "Esaias", "Magnusson", "016-070224", "2014-05-24);
INSERT INTO nurse (employeeid) VALUES (1731);
INSERT INTO nurse_specialization(employee_id, specialization_id) VALUES (1731, 16);
INSERT INTO employee (employeeid, first_name, last_name, telephone_number, date_of_employment)VALUES (1732, "Adalbert", "Bergman", "060-170067", "2012-12-11);
INSERT INTO nurse (employeeid) VALUES (1732);
INSERT INTO nurse_specialization(employee_id, specialization_id) VALUES (1732, 5);
INSERT INTO employee (employeeid, first_name, last_name, telephone_number, date_of_employment)VALUES (1733, "Louise", "Nordström", "044-060300", "2008-12-23);
INSERT INTO doctor (employeeid) VALUES (1733);

INSERT INTO employee (employeeid, first_name, last_name, telephone_number, date_of_employment)VALUES (1734, "Age", "Lindberg", "011-544270", "2008-12-18);
INSERT INTO nurse (employeeid) VALUES (1734);
INSERT INTO nurse_specialization(employee_id, specialization_id) VALUES (1734, 16);
INSERT INTO employee (employeeid, first_name, last_name, telephone_number, date_of_employment)VALUES (1735, "Vicky", "Lind", "074-255174", "2007-03-22);
INSERT INTO doctor (employeeid) VALUES (1735);
INSERT INTO doctor_specialization(employeeid, specializationid) VALUES (1735, 3);
INSERT INTO employee (employeeid, first_name, last_name, telephone_number, date_of_employment)VALUES (1736, "Esse", "Åberg", "035-608073", "2009-08-31);
INSERT INTO assistant_nurse (employeeid) VALUES (1736);
INSERT INTO employee (employeeid, first_name, last_name, telephone_number, date_of_employment)VALUES (1737, "Rosie", "Johansson", "036-006046", "2008-02-07);
INSERT INTO nurse (employeeid) VALUES (1737);

INSERT INTO employee (employeeid, first_name, last_name, telephone_number, date_of_employment)VALUES (1738, "Dennis", "Blomqvist", "016-522326", "2013-11-13);
INSERT INTO doctor (employeeid) VALUES (1738);
INSERT INTO doctor_specialization(employeeid, specializationid) VALUES (1738, 7);
INSERT INTO employee (employeeid, first_name, last_name, telephone_number, date_of_employment)VALUES (1739, "Marja", "Axelsson", "031-221670", "2011-11-04);
INSERT INTO assistant_nurse (employeeid) VALUES (1739);
INSERT INTO employee (employeeid, first_name, last_name, telephone_number, date_of_employment)VALUES (1740, "Peter", "Eliasson", "060-836356", "2014-08-06);
INSERT INTO assistant_nurse (employeeid) VALUES (1740);
INSERT INTO employee (employeeid, first_name, last_name, telephone_number, date_of_employment)VALUES (1741, "Maren", "Lundin", "072-216454", "2013-11-09);
INSERT INTO nurse (employeeid) VALUES (1741);
INSERT INTO nurse_specialization(employee_id, specialization_id) VALUES (1741, 8);
INSERT INTO employee (employeeid, first_name, last_name, telephone_number, date_of_employment)VALUES (1742, "Constance", "Strömberg", "031-801175", "2010-04-16);
INSERT INTO nurse (employeeid) VALUES (1742);

INSERT INTO employee (employeeid, first_name, last_name, telephone_number, date_of_employment)VALUES (1743, "Nanne", "Abrahamsson", "075-205568", "2013-10-07);
INSERT INTO assistant_nurse (employeeid) VALUES (1743);
INSERT INTO employee (employeeid, first_name, last_name, telephone_number, date_of_employment)VALUES (1744, "Pirjo", "Eliasson", "033-876783", "2006-02-02);
INSERT INTO assistant_nurse (employeeid) VALUES (1744);
INSERT INTO employee (employeeid, first_name, last_name, telephone_number, date_of_employment)VALUES (1745, "Håkon", "Bergman", "077-277545", "2012-11-04);
INSERT INTO nurse (employeeid) VALUES (1745);
INSERT INTO nurse_specialization(employee_id, specialization_id) VALUES (1745, 9);
INSERT INTO employee (employeeid, first_name, last_name, telephone_number, date_of_employment)VALUES (1746, "Kristoffer", "Pålsson", "076-073820", "2009-01-14);
INSERT INTO assistant_nurse (employeeid) VALUES (1746);
INSERT INTO employee (employeeid, first_name, last_name, telephone_number, date_of_employment)VALUES (1747, "Dorrit", "Månsson", "042-708402", "2008-05-15);
INSERT INTO assistant_nurse (employeeid) VALUES (1747);
INSERT INTO employee (employeeid, first_name, last_name, telephone_number, date_of_employment)VALUES (1748, "Torben", "Larsson", "063-005874", "2006-11-30);
INSERT INTO nurse (employeeid) VALUES (1748);
INSERT INTO nurse_specialization(employee_id, specialization_id) VALUES (1748, 14);
INSERT INTO employee (employeeid, first_name, last_name, telephone_number, date_of_employment)VALUES (1749, "Valter", "Löfgren", "042-751735", "2009-07-15);
INSERT INTO doctor (employeeid) VALUES (1749);
INSERT INTO doctor_specialization(employeeid, specializationid) VALUES (1749, 10);
INSERT INTO employee (employeeid, first_name, last_name, telephone_number, date_of_employment)VALUES (1750, "Raoul", "Sundberg", "023-836356", "2013-04-26);
INSERT INTO nurse (employeeid) VALUES (1750);
INSERT INTO nurse_specialization(employee_id, specialization_id) VALUES (1750, 9);
INSERT INTO employee (employeeid, first_name, last_name, telephone_number, date_of_employment)VALUES (1751, "Emelia", "Gunnarsson", "060-386170", "2006-09-26);
INSERT INTO nurse (employeeid) VALUES (1751);
INSERT INTO nurse_specialization(employee_id, specialization_id) VALUES (1751, 15);
INSERT INTO employee (employeeid, first_name, last_name, telephone_number, date_of_employment)VALUES (1752, "Janos", "Norberg", "011-882730", "2013-05-06);
INSERT INTO nurse (employeeid) VALUES (1752);
INSERT INTO nurse_specialization(employee_id, specialization_id) VALUES (1752, 9);
INSERT INTO employee (employeeid, first_name, last_name, telephone_number, date_of_employment)VALUES (1753, "Jane", "Falk", "035-130588", "2008-09-02);
INSERT INTO doctor (employeeid) VALUES (1753);

INSERT INTO employee (employeeid, first_name, last_name, telephone_number, date_of_employment)VALUES (1754, "Jonas", "Andersson", "077-738466", "2005-01-26);
INSERT INTO nurse (employeeid) VALUES (1754);
INSERT INTO nurse_specialization(employee_id, specialization_id) VALUES (1754, 11);
INSERT INTO employee (employeeid, first_name, last_name, telephone_number, date_of_employment)VALUES (1755, "Ketty", "Håkansson", "076-276056", "2012-11-16);
INSERT INTO doctor (employeeid) VALUES (1755);
INSERT INTO doctor_specialization(employeeid, specializationid) VALUES (1755, 15);
INSERT INTO employee (employeeid, first_name, last_name, telephone_number, date_of_employment)VALUES (1756, "Sickan", "Söderberg", "023-835628", "2006-09-11);
INSERT INTO assistant_nurse (employeeid) VALUES (1756);
INSERT INTO employee (employeeid, first_name, last_name, telephone_number, date_of_employment)VALUES (1757, "Sissi", "Bergman", "040-605257", "2008-06-21);
INSERT INTO doctor (employeeid) VALUES (1757);
INSERT INTO doctor_specialization(employeeid, specializationid) VALUES (1757, 7);
INSERT INTO employee (employeeid, first_name, last_name, telephone_number, date_of_employment)VALUES (1758, "Alvar", "Söderberg", "011-811407", "2010-10-13);
INSERT INTO doctor (employeeid) VALUES (1758);
INSERT INTO doctor_specialization(employeeid, specializationid) VALUES (1758, 3);
INSERT INTO employee (employeeid, first_name, last_name, telephone_number, date_of_employment)VALUES (1759, "Robert", "Wikström", "016-422071", "2007-03-28);
INSERT INTO doctor (employeeid) VALUES (1759);
INSERT INTO doctor_specialization(employeeid, specializationid) VALUES (1759, 7);
INSERT INTO employee (employeeid, first_name, last_name, telephone_number, date_of_employment)VALUES (1760, "Boel", "Engström", "076-885246", "2009-07-14);
INSERT INTO doctor (employeeid) VALUES (1760);
INSERT INTO doctor_specialization(employeeid, specializationid) VALUES (1760, 14);
INSERT INTO employee (employeeid, first_name, last_name, telephone_number, date_of_employment)VALUES (1761, "Gerty", "Holmqvist", "076-045384", "2011-04-14);
INSERT INTO assistant_nurse (employeeid) VALUES (1761);
INSERT INTO employee (employeeid, first_name, last_name, telephone_number, date_of_employment)VALUES (1762, "Risto", "Åström", "042-328643", "2013-08-22);
INSERT INTO nurse (employeeid) VALUES (1762);

INSERT INTO employee (employeeid, first_name, last_name, telephone_number, date_of_employment)VALUES (1763, "Sivard", "Bergqvist", "063-686054", "2011-09-28);
INSERT INTO doctor (employeeid) VALUES (1763);
INSERT INTO doctor_specialization(employeeid, specializationid) VALUES (1763, 5);
INSERT INTO employee (employeeid, first_name, last_name, telephone_number, date_of_employment)VALUES (1764, "Bettina", "Lindqvist", "019-863185", "2009-02-23);
INSERT INTO doctor (employeeid) VALUES (1764);
INSERT INTO doctor_specialization(employeeid, specializationid) VALUES (1764, 3);
INSERT INTO employee (employeeid, first_name, last_name, telephone_number, date_of_employment)VALUES (1765, "Maret", "Hermansson", "077-707208", "2014-06-10);
INSERT INTO doctor (employeeid) VALUES (1765);
INSERT INTO doctor_specialization(employeeid, specializationid) VALUES (1765, 7);
INSERT INTO employee (employeeid, first_name, last_name, telephone_number, date_of_employment)VALUES (1766, "Adolf", "Nordin", "070-828412", "2009-06-17);
INSERT INTO doctor (employeeid) VALUES (1766);
INSERT INTO doctor_specialization(employeeid, specializationid) VALUES (1766, 12);
INSERT INTO employee (employeeid, first_name, last_name, telephone_number, date_of_employment)VALUES (1767, "Kristoffer", "Axelsson", "031-526586", "2010-08-19);
INSERT INTO assistant_nurse (employeeid) VALUES (1767);
INSERT INTO employee (employeeid, first_name, last_name, telephone_number, date_of_employment)VALUES (1768, "Eveline", "Lindström", "063-636480", "2006-02-21);
INSERT INTO nurse (employeeid) VALUES (1768);
INSERT INTO nurse_specialization(employee_id, specialization_id) VALUES (1768, 5);
INSERT INTO employee (employeeid, first_name, last_name, telephone_number, date_of_employment)VALUES (1769, "Eli", "Arvidsson", "090-111458", "2005-01-23);
INSERT INTO nurse (employeeid) VALUES (1769);
INSERT INTO nurse_specialization(employee_id, specialization_id) VALUES (1769, 13);
INSERT INTO employee (employeeid, first_name, last_name, telephone_number, date_of_employment)VALUES (1770, "Agna", "Abrahamsson", "063-102124", "2011-12-03);
INSERT INTO nurse (employeeid) VALUES (1770);
INSERT INTO nurse_specialization(employee_id, specialization_id) VALUES (1770, 2);
INSERT INTO employee (employeeid, first_name, last_name, telephone_number, date_of_employment)VALUES (1771, "Kristina", "Öberg", "033-370176", "2008-12-28);
INSERT INTO doctor (employeeid) VALUES (1771);
INSERT INTO doctor_specialization(employeeid, specializationid) VALUES (1771, 4);
INSERT INTO employee (employeeid, first_name, last_name, telephone_number, date_of_employment)VALUES (1772, "Agna", "Pålsson", "042-740458", "2006-04-05);
INSERT INTO assistant_nurse (employeeid) VALUES (1772);
INSERT INTO employee (employeeid, first_name, last_name, telephone_number, date_of_employment)VALUES (1773, "Liz", "Hedlund", "018-414642", "2008-12-10);
INSERT INTO nurse (employeeid) VALUES (1773);
INSERT INTO nurse_specialization(employee_id, specialization_id) VALUES (1773, 9);
INSERT INTO employee (employeeid, first_name, last_name, telephone_number, date_of_employment)VALUES (1774, "Eli", "Arvidsson", "019-708211", "2005-09-22);
INSERT INTO doctor (employeeid) VALUES (1774);
INSERT INTO doctor_specialization(employeeid, specializationid) VALUES (1774, 9);
INSERT INTO employee (employeeid, first_name, last_name, telephone_number, date_of_employment)VALUES (1775, "Alfred", "Magnusson", "040-868678", "2011-07-12);
INSERT INTO doctor (employeeid) VALUES (1775);
INSERT INTO doctor_specialization(employeeid, specializationid) VALUES (1775, 13);
INSERT INTO employee (employeeid, first_name, last_name, telephone_number, date_of_employment)VALUES (1776, "Milly", "Pettersson", "076-764742", "2013-06-01);
INSERT INTO nurse (employeeid) VALUES (1776);
INSERT INTO nurse_specialization(employee_id, specialization_id) VALUES (1776, 13);
INSERT INTO employee (employeeid, first_name, last_name, telephone_number, date_of_employment)VALUES (1777, "Mimmi", "Larsson", "035-202632", "2011-01-06);
INSERT INTO assistant_nurse (employeeid) VALUES (1777);
INSERT INTO employee (employeeid, first_name, last_name, telephone_number, date_of_employment)VALUES (1778, "Pernilla", "Hansen", "021-052284", "2009-10-25);
INSERT INTO assistant_nurse (employeeid) VALUES (1778);
INSERT INTO employee (employeeid, first_name, last_name, telephone_number, date_of_employment)VALUES (1779, "Edit", "Eliasson", "060-354086", "2008-03-27);
INSERT INTO assistant_nurse (employeeid) VALUES (1779);
INSERT INTO employee (employeeid, first_name, last_name, telephone_number, date_of_employment)VALUES (1780, "Kirsten", "Pettersson", "073-806747", "2013-08-04);
INSERT INTO assistant_nurse (employeeid) VALUES (1780);
INSERT INTO employee (employeeid, first_name, last_name, telephone_number, date_of_employment)VALUES (1781, "Nea", "Strömberg", "026-646081", "2006-09-10);
INSERT INTO doctor (employeeid) VALUES (1781);
INSERT INTO doctor_specialization(employeeid, specializationid) VALUES (1781, 14);
INSERT INTO employee (employeeid, first_name, last_name, telephone_number, date_of_employment)VALUES (1782, "Betsy", "Sandberg", "073-588641", "2006-02-14);
INSERT INTO nurse (employeeid) VALUES (1782);
INSERT INTO nurse_specialization(employee_id, specialization_id) VALUES (1782, 12);
INSERT INTO employee (employeeid, first_name, last_name, telephone_number, date_of_employment)VALUES (1783, "Nilla", "Björklund", "070-163857", "2011-11-07);
INSERT INTO doctor (employeeid) VALUES (1783);
INSERT INTO doctor_specialization(employeeid, specializationid) VALUES (1783, 9);
INSERT INTO employee (employeeid, first_name, last_name, telephone_number, date_of_employment)VALUES (1784, "Neta", "Lundqvist", "073-258812", "2008-01-10);
INSERT INTO doctor (employeeid) VALUES (1784);
INSERT INTO doctor_specialization(employeeid, specializationid) VALUES (1784, 13);
INSERT INTO employee (employeeid, first_name, last_name, telephone_number, date_of_employment)VALUES (1785, "Charlie", "Andersson", "035-071647", "2008-12-10);
INSERT INTO assistant_nurse (employeeid) VALUES (1785);
INSERT INTO employee (employeeid, first_name, last_name, telephone_number, date_of_employment)VALUES (1786, "Arnold", "Björk", "036-487774", "2006-04-28);
INSERT INTO nurse (employeeid) VALUES (1786);

INSERT INTO employee (employeeid, first_name, last_name, telephone_number, date_of_employment)VALUES (1787, "Erkki", "Claesson", "019-358644", "2006-02-28);
INSERT INTO assistant_nurse (employeeid) VALUES (1787);
INSERT INTO employee (employeeid, first_name, last_name, telephone_number, date_of_employment)VALUES (1788, "Dorit", "Berg", "075-184160", "2011-04-15);
INSERT INTO doctor (employeeid) VALUES (1788);
INSERT INTO doctor_specialization(employeeid, specializationid) VALUES (1788, 2);
INSERT INTO employee (employeeid, first_name, last_name, telephone_number, date_of_employment)VALUES (1789, "Malla", "Jönsson", "011-141738", "2012-03-15);
INSERT INTO nurse (employeeid) VALUES (1789);
INSERT INTO nurse_specialization(employee_id, specialization_id) VALUES (1789, 14);
INSERT INTO employee (employeeid, first_name, last_name, telephone_number, date_of_employment)VALUES (1790, "Pablo", "Månsson", "073-547361", "2008-10-21);
INSERT INTO nurse (employeeid) VALUES (1790);
INSERT INTO nurse_specialization(employee_id, specialization_id) VALUES (1790, 11);
INSERT INTO employee (employeeid, first_name, last_name, telephone_number, date_of_employment)VALUES (1791, "Sabina", "Bengtsson", "035-287618", "2012-08-16);
INSERT INTO doctor (employeeid) VALUES (1791);
INSERT INTO doctor_specialization(employeeid, specializationid) VALUES (1791, 7);
INSERT INTO employee (employeeid, first_name, last_name, telephone_number, date_of_employment)VALUES (1792, "Antonio", "Claesson", "016-758131", "2008-01-16);
INSERT INTO doctor (employeeid) VALUES (1792);
INSERT INTO doctor_specialization(employeeid, specializationid) VALUES (1792, 9);
INSERT INTO employee (employeeid, first_name, last_name, telephone_number, date_of_employment)VALUES (1793, "Arnold", "Johansson", "075-703183", "2012-11-21);
INSERT INTO assistant_nurse (employeeid) VALUES (1793);
INSERT INTO employee (employeeid, first_name, last_name, telephone_number, date_of_employment)VALUES (1794, "Daniel", "Magnusson", "042-433110", "2010-05-06);
INSERT INTO doctor (employeeid) VALUES (1794);
INSERT INTO doctor_specialization(employeeid, specializationid) VALUES (1794, 1);
INSERT INTO employee (employeeid, first_name, last_name, telephone_number, date_of_employment)VALUES (1795, "Sigrid", "Bengtsson", "077-882833", "2008-02-09);
INSERT INTO doctor (employeeid) VALUES (1795);
INSERT INTO doctor_specialization(employeeid, specializationid) VALUES (1795, 10);
INSERT INTO employee (employeeid, first_name, last_name, telephone_number, date_of_employment)VALUES (1796, "Eugen", "Claesson", "021-177837", "2006-08-20);
INSERT INTO doctor (employeeid) VALUES (1796);
INSERT INTO doctor_specialization(employeeid, specializationid) VALUES (1796, 15);
INSERT INTO employee (employeeid, first_name, last_name, telephone_number, date_of_employment)VALUES (1797, "Adam", "Norberg", "018-122348", "2009-07-02);
INSERT INTO assistant_nurse (employeeid) VALUES (1797);
INSERT INTO employee (employeeid, first_name, last_name, telephone_number, date_of_employment)VALUES (1798, "Martti", "Lund", "040-423756", "2007-05-02);
INSERT INTO assistant_nurse (employeeid) VALUES (1798);
INSERT INTO employee (employeeid, first_name, last_name, telephone_number, date_of_employment)VALUES (1799, "Stellan", "Söderberg", "040-328320", "2006-01-27);
INSERT INTO nurse (employeeid) VALUES (1799);
INSERT INTO nurse_specialization(employee_id, specialization_id) VALUES (1799, 5);
INSERT INTO employee (employeeid, first_name, last_name, telephone_number, date_of_employment)VALUES (1800, "Else", "Viklund", "060-005874", "2008-05-15);
INSERT INTO doctor (employeeid) VALUES (1800);
INSERT INTO doctor_specialization(employeeid, specializationid) VALUES (1800, 8);
INSERT INTO employee (employeeid, first_name, last_name, telephone_number, date_of_employment)VALUES (1801, "Mattis", "Jansson", "070-817254", "2008-10-29);
INSERT INTO doctor (employeeid) VALUES (1801);

INSERT INTO employee (employeeid, first_name, last_name, telephone_number, date_of_employment)VALUES (1802, "Bennie", "Nordin", "046-714365", "2007-04-27);
INSERT INTO doctor (employeeid) VALUES (1802);
INSERT INTO doctor_specialization(employeeid, specializationid) VALUES (1802, 9);
INSERT INTO employee (employeeid, first_name, last_name, telephone_number, date_of_employment)VALUES (1803, "Julio", "Arvidsson", "035-325663", "2007-01-27);
INSERT INTO assistant_nurse (employeeid) VALUES (1803);
INSERT INTO employee (employeeid, first_name, last_name, telephone_number, date_of_employment)VALUES (1804, "Melchior", "Ström", "076-446288", "2013-08-19);
INSERT INTO doctor (employeeid) VALUES (1804);

INSERT INTO employee (employeeid, first_name, last_name, telephone_number, date_of_employment)VALUES (1805, "Alla", "Sundqvist", "076-612475", "2011-08-22);
INSERT INTO doctor (employeeid) VALUES (1805);

INSERT INTO employee (employeeid, first_name, last_name, telephone_number, date_of_employment)VALUES (1806, "Majken", "Söderberg", "090-438532", "2006-01-04);
INSERT INTO nurse (employeeid) VALUES (1806);
INSERT INTO nurse_specialization(employee_id, specialization_id) VALUES (1806, 3);
INSERT INTO employee (employeeid, first_name, last_name, telephone_number, date_of_employment)VALUES (1807, "Emmy", "Ekström", "077-405813", "2008-08-13);
INSERT INTO nurse (employeeid) VALUES (1807);
INSERT INTO nurse_specialization(employee_id, specialization_id) VALUES (1807, 3);
INSERT INTO employee (employeeid, first_name, last_name, telephone_number, date_of_employment)VALUES (1808, "Matty", "Martinsson", "076-254701", "2013-12-16);
INSERT INTO assistant_nurse (employeeid) VALUES (1808);
INSERT INTO employee (employeeid, first_name, last_name, telephone_number, date_of_employment)VALUES (1809, "Pauline", "Jönsson", "033-158422", "2014-04-05);
INSERT INTO nurse (employeeid) VALUES (1809);

INSERT INTO employee (employeeid, first_name, last_name, telephone_number, date_of_employment)VALUES (1810, "Bennie", "Gustafsson", "044-646003", "2010-07-29);
INSERT INTO doctor (employeeid) VALUES (1810);
INSERT INTO doctor_specialization(employeeid, specializationid) VALUES (1810, 6);
INSERT INTO employee (employeeid, first_name, last_name, telephone_number, date_of_employment)VALUES (1811, "Ingemund", "Viklund", "063-178526", "2006-08-19);
INSERT INTO doctor (employeeid) VALUES (1811);
INSERT INTO doctor_specialization(employeeid, specializationid) VALUES (1811, 7);
INSERT INTO employee (employeeid, first_name, last_name, telephone_number, date_of_employment)VALUES (1812, "Bruno", "Falk", "074-105882", "2014-01-09);
INSERT INTO nurse (employeeid) VALUES (1812);
INSERT INTO nurse_specialization(employee_id, specialization_id) VALUES (1812, 15);
INSERT INTO employee (employeeid, first_name, last_name, telephone_number, date_of_employment)VALUES (1813, "Andras", "Berglund", "018-514063", "2010-03-22);
INSERT INTO doctor (employeeid) VALUES (1813);
INSERT INTO doctor_specialization(employeeid, specializationid) VALUES (1813, 2);
INSERT INTO employee (employeeid, first_name, last_name, telephone_number, date_of_employment)VALUES (1814, "Vally", "Gustafsson", "072-536173", "2012-03-01);
INSERT INTO nurse (employeeid) VALUES (1814);
INSERT INTO nurse_specialization(employee_id, specialization_id) VALUES (1814, 11);
INSERT INTO employee (employeeid, first_name, last_name, telephone_number, date_of_employment)VALUES (1815, "Aslög", "Olofsson", "070-241370", "2011-12-16);
INSERT INTO nurse (employeeid) VALUES (1815);
INSERT INTO nurse_specialization(employee_id, specialization_id) VALUES (1815, 6);
INSERT INTO employee (employeeid, first_name, last_name, telephone_number, date_of_employment)VALUES (1816, "Helna", "Öberg", "073-802646", "2013-08-11);
INSERT INTO nurse (employeeid) VALUES (1816);
INSERT INTO nurse_specialization(employee_id, specialization_id) VALUES (1816, 3);
INSERT INTO employee (employeeid, first_name, last_name, telephone_number, date_of_employment)VALUES (1817, "Gerhard", "Ivarsson", "044-510887", "2007-09-02);
INSERT INTO doctor (employeeid) VALUES (1817);
INSERT INTO doctor_specialization(employeeid, specializationid) VALUES (1817, 5);
INSERT INTO employee (employeeid, first_name, last_name, telephone_number, date_of_employment)VALUES (1818, "Esa", "Dahlberg", "026-845472", "2005-10-06);
INSERT INTO assistant_nurse (employeeid) VALUES (1818);
INSERT INTO employee (employeeid, first_name, last_name, telephone_number, date_of_employment)VALUES (1819, "Estelle", "Jonasson", "023-371320", "2006-05-12);
INSERT INTO doctor (employeeid) VALUES (1819);
INSERT INTO doctor_specialization(employeeid, specializationid) VALUES (1819, 9);
INSERT INTO employee (employeeid, first_name, last_name, telephone_number, date_of_employment)VALUES (1820, "Lone", "Mårtensson", "073-622063", "2005-01-01);
INSERT INTO assistant_nurse (employeeid) VALUES (1820);
INSERT INTO employee (employeeid, first_name, last_name, telephone_number, date_of_employment)VALUES (1821, "Herbert", "Andreasson", "036-122254", "2005-05-10);
INSERT INTO assistant_nurse (employeeid) VALUES (1821);
INSERT INTO employee (employeeid, first_name, last_name, telephone_number, date_of_employment)VALUES (1822, "Lovisa", "Karlsson", "035-648060", "2014-02-15);
INSERT INTO nurse (employeeid) VALUES (1822);
INSERT INTO nurse_specialization(employee_id, specialization_id) VALUES (1822, 16);
INSERT INTO employee (employeeid, first_name, last_name, telephone_number, date_of_employment)VALUES (1823, "Gurly", "Jonsson", "075-460732", "2006-08-10);
INSERT INTO doctor (employeeid) VALUES (1823);

INSERT INTO employee (employeeid, first_name, last_name, telephone_number, date_of_employment)VALUES (1824, "Petrus", "Falk", "040-516308", "2011-01-11);
INSERT INTO doctor (employeeid) VALUES (1824);
INSERT INTO doctor_specialization(employeeid, specializationid) VALUES (1824, 14);
INSERT INTO employee (employeeid, first_name, last_name, telephone_number, date_of_employment)VALUES (1825, "Isabelle", "Magnusson", "036-112346", "2014-01-05);
INSERT INTO nurse (employeeid) VALUES (1825);
INSERT INTO nurse_specialization(employee_id, specialization_id) VALUES (1825, 8);
INSERT INTO employee (employeeid, first_name, last_name, telephone_number, date_of_employment)VALUES (1826, "Alrik", "Eliasson", "060-065383", "2012-12-19);
INSERT INTO nurse (employeeid) VALUES (1826);
INSERT INTO nurse_specialization(employee_id, specialization_id) VALUES (1826, 6);
INSERT INTO employee (employeeid, first_name, last_name, telephone_number, date_of_employment)VALUES (1827, "Kristina", "Olsson", "019-487316", "2011-08-09);
INSERT INTO assistant_nurse (employeeid) VALUES (1827);
INSERT INTO employee (employeeid, first_name, last_name, telephone_number, date_of_employment)VALUES (1828, "Pernille", "Falk", "026-743407", "2005-04-20);
INSERT INTO doctor (employeeid) VALUES (1828);
INSERT INTO doctor_specialization(employeeid, specializationid) VALUES (1828, 15);
INSERT INTO employee (employeeid, first_name, last_name, telephone_number, date_of_employment)VALUES (1829, "Viljo", "Samuelsson", "075-574770", "2013-09-12);
INSERT INTO doctor (employeeid) VALUES (1829);
INSERT INTO doctor_specialization(employeeid, specializationid) VALUES (1829, 13);
INSERT INTO employee (employeeid, first_name, last_name, telephone_number, date_of_employment)VALUES (1830, "Dag", "Abrahamsson", "018-414403", "2014-06-05);
INSERT INTO doctor (employeeid) VALUES (1830);
INSERT INTO doctor_specialization(employeeid, specializationid) VALUES (1830, 10);
INSERT INTO employee (employeeid, first_name, last_name, telephone_number, date_of_employment)VALUES (1831, "Georgina", "Sundberg", "076-735360", "2014-08-09);
INSERT INTO nurse (employeeid) VALUES (1831);
INSERT INTO nurse_specialization(employee_id, specialization_id) VALUES (1831, 1);
INSERT INTO employee (employeeid, first_name, last_name, telephone_number, date_of_employment)VALUES (1832, "Yrsa", "Pettersson", "070-482732", "2013-01-28);
INSERT INTO assistant_nurse (employeeid) VALUES (1832);
INSERT INTO employee (employeeid, first_name, last_name, telephone_number, date_of_employment)VALUES (1833, "Alvin", "Bergman", "036-447246", "2009-06-08);
INSERT INTO assistant_nurse (employeeid) VALUES (1833);
INSERT INTO employee (employeeid, first_name, last_name, telephone_number, date_of_employment)VALUES (1834, "Britten", "Dahlberg", "074-503303", "2014-12-01);
INSERT INTO assistant_nurse (employeeid) VALUES (1834);
INSERT INTO employee (employeeid, first_name, last_name, telephone_number, date_of_employment)VALUES (1835, "Aila", "Lindberg", "090-868745", "2007-05-13);
INSERT INTO doctor (employeeid) VALUES (1835);
INSERT INTO doctor_specialization(employeeid, specializationid) VALUES (1835, 13);
INSERT INTO employee (employeeid, first_name, last_name, telephone_number, date_of_employment)VALUES (1836, "Matilde", "Berggren", "046-850182", "2006-11-10);
INSERT INTO assistant_nurse (employeeid) VALUES (1836);
INSERT INTO employee (employeeid, first_name, last_name, telephone_number, date_of_employment)VALUES (1837, "Georgius", "Nordström", "070-264186", "2007-01-18);
INSERT INTO nurse (employeeid) VALUES (1837);
INSERT INTO nurse_specialization(employee_id, specialization_id) VALUES (1837, 15);
INSERT INTO employee (employeeid, first_name, last_name, telephone_number, date_of_employment)VALUES (1838, "Nadja", "Persson", "060-112111", "2005-11-05);
INSERT INTO doctor (employeeid) VALUES (1838);
INSERT INTO doctor_specialization(employeeid, specializationid) VALUES (1838, 9);
INSERT INTO employee (employeeid, first_name, last_name, telephone_number, date_of_employment)VALUES (1839, "Julie", "Ivarsson", "016-570251", "2007-11-28);
INSERT INTO doctor (employeeid) VALUES (1839);

INSERT INTO employee (employeeid, first_name, last_name, telephone_number, date_of_employment)VALUES (1840, "Cissi", "Lindström", "077-177836", "2011-06-29);
INSERT INTO doctor (employeeid) VALUES (1840);
INSERT INTO doctor_specialization(employeeid, specializationid) VALUES (1840, 4);
INSERT INTO employee (employeeid, first_name, last_name, telephone_number, date_of_employment)VALUES (1841, "Henrietta", "Jonasson", "078-412533", "2005-01-28);
INSERT INTO doctor (employeeid) VALUES (1841);
INSERT INTO doctor_specialization(employeeid, specializationid) VALUES (1841, 5);
INSERT INTO employee (employeeid, first_name, last_name, telephone_number, date_of_employment)VALUES (1842, "Bodil", "Jonsson", "063-578213", "2014-06-05);
INSERT INTO assistant_nurse (employeeid) VALUES (1842);
INSERT INTO employee (employeeid, first_name, last_name, telephone_number, date_of_employment)VALUES (1843, "Manda", "Claesson", "046-342336", "2012-04-12);
INSERT INTO doctor (employeeid) VALUES (1843);
INSERT INTO doctor_specialization(employeeid, specializationid) VALUES (1843, 11);
INSERT INTO employee (employeeid, first_name, last_name, telephone_number, date_of_employment)VALUES (1844, "Agda", "Pettersson", "021-516383", "2014-08-01);
INSERT INTO assistant_nurse (employeeid) VALUES (1844);
INSERT INTO employee (employeeid, first_name, last_name, telephone_number, date_of_employment)VALUES (1845, "Hampus", "Pålsson", "042-764682", "2006-05-09);
INSERT INTO doctor (employeeid) VALUES (1845);
INSERT INTO doctor_specialization(employeeid, specializationid) VALUES (1845, 14);
INSERT INTO employee (employeeid, first_name, last_name, telephone_number, date_of_employment)VALUES (1846, "Erik", "Pettersson", "035-722604", "2005-03-25);
INSERT INTO assistant_nurse (employeeid) VALUES (1846);
INSERT INTO employee (employeeid, first_name, last_name, telephone_number, date_of_employment)VALUES (1847, "Mina", "Lund", "076-567651", "2013-03-22);
INSERT INTO doctor (employeeid) VALUES (1847);
INSERT INTO doctor_specialization(employeeid, specializationid) VALUES (1847, 10);
INSERT INTO employee (employeeid, first_name, last_name, telephone_number, date_of_employment)VALUES (1848, "Paulina", "Engström", "090-740220", "2013-03-29);
INSERT INTO doctor (employeeid) VALUES (1848);
INSERT INTO doctor_specialization(employeeid, specializationid) VALUES (1848, 2);
INSERT INTO employee (employeeid, first_name, last_name, telephone_number, date_of_employment)VALUES (1849, "Irena", "Åberg", "036-857565", "2011-01-08);
INSERT INTO assistant_nurse (employeeid) VALUES (1849);
INSERT INTO employee (employeeid, first_name, last_name, telephone_number, date_of_employment)VALUES (1850, "Calla", "Sandström", "063-721831", "2008-12-10);
INSERT INTO nurse (employeeid) VALUES (1850);
INSERT INTO nurse_specialization(employee_id, specialization_id) VALUES (1850, 12);
INSERT INTO employee (employeeid, first_name, last_name, telephone_number, date_of_employment)VALUES (1851, "Yrsa", "Jonsson", "077-464373", "2011-08-22);
INSERT INTO doctor (employeeid) VALUES (1851);
INSERT INTO doctor_specialization(employeeid, specializationid) VALUES (1851, 3);
INSERT INTO employee (employeeid, first_name, last_name, telephone_number, date_of_employment)VALUES (1852, "Frank", "Viklund", "076-372562", "2010-08-19);
INSERT INTO nurse (employeeid) VALUES (1852);

INSERT INTO employee (employeeid, first_name, last_name, telephone_number, date_of_employment)VALUES (1853, "Esko", "Eriksson", "016-666755", "2007-12-26);
INSERT INTO nurse (employeeid) VALUES (1853);
INSERT INTO nurse_specialization(employee_id, specialization_id) VALUES (1853, 6);
INSERT INTO employee (employeeid, first_name, last_name, telephone_number, date_of_employment)VALUES (1854, "Enrique", "Pettersson", "011-382631", "2008-01-15);
INSERT INTO nurse (employeeid) VALUES (1854);
INSERT INTO nurse_specialization(employee_id, specialization_id) VALUES (1854, 10);
INSERT INTO employee (employeeid, first_name, last_name, telephone_number, date_of_employment)VALUES (1855, "Jukka", "Strömberg", "019-125875", "2011-06-25);
INSERT INTO nurse (employeeid) VALUES (1855);
INSERT INTO nurse_specialization(employee_id, specialization_id) VALUES (1855, 13);
INSERT INTO employee (employeeid, first_name, last_name, telephone_number, date_of_employment)VALUES (1856, "Lissie", "Eliasson", "036-128810", "2014-12-08);
INSERT INTO assistant_nurse (employeeid) VALUES (1856);
INSERT INTO employee (employeeid, first_name, last_name, telephone_number, date_of_employment)VALUES (1857, "Margret", "Nyström", "078-247763", "2013-11-02);
INSERT INTO nurse (employeeid) VALUES (1857);

INSERT INTO employee (employeeid, first_name, last_name, telephone_number, date_of_employment)VALUES (1858, "Krister", "Olsson", "070-840010", "2010-05-17);
INSERT INTO doctor (employeeid) VALUES (1858);
INSERT INTO doctor_specialization(employeeid, specializationid) VALUES (1858, 11);
INSERT INTO employee (employeeid, first_name, last_name, telephone_number, date_of_employment)VALUES (1859, "Max", "Holmberg", "026-585760", "2013-07-04);
INSERT INTO nurse (employeeid) VALUES (1859);
INSERT INTO nurse_specialization(employee_id, specialization_id) VALUES (1859, 15);
INSERT INTO employee (employeeid, first_name, last_name, telephone_number, date_of_employment)VALUES (1860, "Melker", "Ström", "019-140266", "2013-06-20);
INSERT INTO nurse (employeeid) VALUES (1860);
INSERT INTO nurse_specialization(employee_id, specialization_id) VALUES (1860, 16);
INSERT INTO employee (employeeid, first_name, last_name, telephone_number, date_of_employment)VALUES (1861, "Giuseppe", "Lindberg", "019-231837", "2012-03-10);
INSERT INTO doctor (employeeid) VALUES (1861);
INSERT INTO doctor_specialization(employeeid, specializationid) VALUES (1861, 10);
INSERT INTO employee (employeeid, first_name, last_name, telephone_number, date_of_employment)VALUES (1862, "Gregor", "Lundström", "076-367520", "2008-04-04);
INSERT INTO nurse (employeeid) VALUES (1862);
INSERT INTO nurse_specialization(employee_id, specialization_id) VALUES (1862, 4);
INSERT INTO employee (employeeid, first_name, last_name, telephone_number, date_of_employment)VALUES (1863, "Engelbrekt", "Lind", "077-465258", "2010-02-16);
INSERT INTO assistant_nurse (employeeid) VALUES (1863);
INSERT INTO employee (employeeid, first_name, last_name, telephone_number, date_of_employment)VALUES (1864, "Sone", "Berggren", "073-630746", "2008-06-10);
INSERT INTO assistant_nurse (employeeid) VALUES (1864);
INSERT INTO employee (employeeid, first_name, last_name, telephone_number, date_of_employment)VALUES (1865, "Rosalie", "Söderberg", "060-180563", "2009-04-11);
INSERT INTO assistant_nurse (employeeid) VALUES (1865);
INSERT INTO employee (employeeid, first_name, last_name, telephone_number, date_of_employment)VALUES (1866, "Katja", "Eklund", "023-483753", "2014-12-15);
INSERT INTO nurse (employeeid) VALUES (1866);
INSERT INTO nurse_specialization(employee_id, specialization_id) VALUES (1866, 10);
INSERT INTO employee (employeeid, first_name, last_name, telephone_number, date_of_employment)VALUES (1867, "Gaby", "Johansson", "072-735416", "2005-04-25);
INSERT INTO doctor (employeeid) VALUES (1867);
INSERT INTO doctor_specialization(employeeid, specializationid) VALUES (1867, 13);
INSERT INTO employee (employeeid, first_name, last_name, telephone_number, date_of_employment)VALUES (1868, "Salli", "Berg", "076-563761", "2013-07-13);
INSERT INTO assistant_nurse (employeeid) VALUES (1868);
INSERT INTO employee (employeeid, first_name, last_name, telephone_number, date_of_employment)VALUES (1869, "Evelin", "Lundin", "042-442133", "2010-05-05);
INSERT INTO doctor (employeeid) VALUES (1869);
INSERT INTO doctor_specialization(employeeid, specializationid) VALUES (1869, 3);
INSERT INTO employee (employeeid, first_name, last_name, telephone_number, date_of_employment)VALUES (1870, "Jimi", "Karlsson", "023-150438", "2008-10-14);
INSERT INTO assistant_nurse (employeeid) VALUES (1870);
INSERT INTO employee (employeeid, first_name, last_name, telephone_number, date_of_employment)VALUES (1871, "Lenita", "Isaksson", "072-717583", "2010-05-03);
INSERT INTO nurse (employeeid) VALUES (1871);
INSERT INTO nurse_specialization(employee_id, specialization_id) VALUES (1871, 7);
INSERT INTO employee (employeeid, first_name, last_name, telephone_number, date_of_employment)VALUES (1872, "Valfrida", "Lundström", "018-738546", "2010-03-01);
INSERT INTO assistant_nurse (employeeid) VALUES (1872);
INSERT INTO employee (employeeid, first_name, last_name, telephone_number, date_of_employment)VALUES (1873, "Beda", "Viklund", "036-423053", "2012-09-30);
INSERT INTO doctor (employeeid) VALUES (1873);
INSERT INTO doctor_specialization(employeeid, specializationid) VALUES (1873, 9);
INSERT INTO employee (employeeid, first_name, last_name, telephone_number, date_of_employment)VALUES (1874, "Friedrich", "Pålsson", "077-003811", "2010-02-21);
INSERT INTO doctor (employeeid) VALUES (1874);
INSERT INTO doctor_specialization(employeeid, specializationid) VALUES (1874, 10);
INSERT INTO employee (employeeid, first_name, last_name, telephone_number, date_of_employment)VALUES (1875, "Bettina", "Blomqvist", "076-450602", "2009-03-07);
INSERT INTO nurse (employeeid) VALUES (1875);
INSERT INTO nurse_specialization(employee_id, specialization_id) VALUES (1875, 2);
INSERT INTO employee (employeeid, first_name, last_name, telephone_number, date_of_employment)VALUES (1876, "Marjatta", "Lundström", "019-341111", "2005-01-24);
INSERT INTO doctor (employeeid) VALUES (1876);
INSERT INTO doctor_specialization(employeeid, specializationid) VALUES (1876, 1);
INSERT INTO employee (employeeid, first_name, last_name, telephone_number, date_of_employment)VALUES (1877, "Isak", "Persson", "076-222471", "2008-12-14);
INSERT INTO doctor (employeeid) VALUES (1877);
INSERT INTO doctor_specialization(employeeid, specializationid) VALUES (1877, 1);
INSERT INTO employee (employeeid, first_name, last_name, telephone_number, date_of_employment)VALUES (1878, "Ante", "Strömberg", "075-720450", "2010-08-15);
INSERT INTO doctor (employeeid) VALUES (1878);

INSERT INTO employee (employeeid, first_name, last_name, telephone_number, date_of_employment)VALUES (1879, "Elisa", "Hansen", "070-746267", "2008-08-10);
INSERT INTO doctor (employeeid) VALUES (1879);

INSERT INTO employee (employeeid, first_name, last_name, telephone_number, date_of_employment)VALUES (1880, "Bonde", "Löfgren", "074-174263", "2006-08-03);
INSERT INTO nurse (employeeid) VALUES (1880);
INSERT INTO nurse_specialization(employee_id, specialization_id) VALUES (1880, 10);
INSERT INTO employee (employeeid, first_name, last_name, telephone_number, date_of_employment)VALUES (1881, "Regine", "Nordström", "073-738256", "2010-08-23);
INSERT INTO doctor (employeeid) VALUES (1881);
INSERT INTO doctor_specialization(employeeid, specializationid) VALUES (1881, 13);
INSERT INTO employee (employeeid, first_name, last_name, telephone_number, date_of_employment)VALUES (1882, "Heinz", "Norberg", "076-881353", "2006-01-07);
INSERT INTO doctor (employeeid) VALUES (1882);

INSERT INTO employee (employeeid, first_name, last_name, telephone_number, date_of_employment)VALUES (1883, "Tommy", "Blom", "035-716714", "2012-11-24);
INSERT INTO doctor (employeeid) VALUES (1883);

INSERT INTO employee (employeeid, first_name, last_name, telephone_number, date_of_employment)VALUES (1884, "Lisette", "Andersson", "011-781443", "2010-06-22);
INSERT INTO doctor (employeeid) VALUES (1884);
INSERT INTO doctor_specialization(employeeid, specializationid) VALUES (1884, 2);
INSERT INTO employee (employeeid, first_name, last_name, telephone_number, date_of_employment)VALUES (1885, "Andrej", "Pettersson", "033-120186", "2010-06-22);
INSERT INTO assistant_nurse (employeeid) VALUES (1885);
INSERT INTO employee (employeeid, first_name, last_name, telephone_number, date_of_employment)VALUES (1886, "Brigitta", "Arvidsson", "077-231424", "2010-03-10);
INSERT INTO doctor (employeeid) VALUES (1886);
INSERT INTO doctor_specialization(employeeid, specializationid) VALUES (1886, 3);
INSERT INTO employee (employeeid, first_name, last_name, telephone_number, date_of_employment)VALUES (1887, "Emilia", "Berg", "021-358638", "2012-12-20);
INSERT INTO assistant_nurse (employeeid) VALUES (1887);
INSERT INTO employee (employeeid, first_name, last_name, telephone_number, date_of_employment)VALUES (1888, "Albrekt", "Norberg", "018-624511", "2011-12-04);
INSERT INTO nurse (employeeid) VALUES (1888);
INSERT INTO nurse_specialization(employee_id, specialization_id) VALUES (1888, 5);
INSERT INTO employee (employeeid, first_name, last_name, telephone_number, date_of_employment)VALUES (1889, "Ronald", "Sundström", "075-882504", "2005-10-18);
INSERT INTO nurse (employeeid) VALUES (1889);
INSERT INTO nurse_specialization(employee_id, specialization_id) VALUES (1889, 7);
INSERT INTO employee (employeeid, first_name, last_name, telephone_number, date_of_employment)VALUES (1890, "Yrjö", "Nordin", "026-580623", "2013-07-17);
INSERT INTO nurse (employeeid) VALUES (1890);
INSERT INTO nurse_specialization(employee_id, specialization_id) VALUES (1890, 15);
INSERT INTO employee (employeeid, first_name, last_name, telephone_number, date_of_employment)VALUES (1891, "Johanna", "Abrahamsson", "077-220514", "2009-03-27);
INSERT INTO doctor (employeeid) VALUES (1891);

INSERT INTO employee (employeeid, first_name, last_name, telephone_number, date_of_employment)VALUES (1892, "Felicia", "Björk", "044-430851", "2005-09-22);
INSERT INTO doctor (employeeid) VALUES (1892);
INSERT INTO doctor_specialization(employeeid, specializationid) VALUES (1892, 4);
INSERT INTO employee (employeeid, first_name, last_name, telephone_number, date_of_employment)VALUES (1893, "Glenn", "Sundqvist", "063-525881", "2005-05-03);
INSERT INTO nurse (employeeid) VALUES (1893);

INSERT INTO employee (employeeid, first_name, last_name, telephone_number, date_of_employment)VALUES (1894, "Charlie", "Martinsson", "026-620457", "2007-01-15);
INSERT INTO nurse (employeeid) VALUES (1894);
INSERT INTO nurse_specialization(employee_id, specialization_id) VALUES (1894, 14);
INSERT INTO employee (employeeid, first_name, last_name, telephone_number, date_of_employment)VALUES (1895, "José", "Holmberg", "040-783271", "2006-03-11);
INSERT INTO nurse (employeeid) VALUES (1895);
INSERT INTO nurse_specialization(employee_id, specialization_id) VALUES (1895, 4);
INSERT INTO employee (employeeid, first_name, last_name, telephone_number, date_of_employment)VALUES (1896, "Beata", "Ekström", "063-706851", "2010-07-10);
INSERT INTO nurse (employeeid) VALUES (1896);
INSERT INTO nurse_specialization(employee_id, specialization_id) VALUES (1896, 8);
INSERT INTO employee (employeeid, first_name, last_name, telephone_number, date_of_employment)VALUES (1897, "Felipe", "Magnusson", "072-322403", "2010-04-08);
INSERT INTO assistant_nurse (employeeid) VALUES (1897);
INSERT INTO employee (employeeid, first_name, last_name, telephone_number, date_of_employment)VALUES (1898, "Mona", "Claesson", "073-824085", "2010-03-26);
INSERT INTO doctor (employeeid) VALUES (1898);
INSERT INTO doctor_specialization(employeeid, specializationid) VALUES (1898, 1);
INSERT INTO employee (employeeid, first_name, last_name, telephone_number, date_of_employment)VALUES (1899, "André", "Bergström", "077-024176", "2005-07-18);
INSERT INTO nurse (employeeid) VALUES (1899);
INSERT INTO nurse_specialization(employee_id, specialization_id) VALUES (1899, 15);
INSERT INTO employee (employeeid, first_name, last_name, telephone_number, date_of_employment)VALUES (1900, "Heidi", "Lundström", "018-571263", "2014-04-22);
INSERT INTO assistant_nurse (employeeid) VALUES (1900);
INSERT INTO employee (employeeid, first_name, last_name, telephone_number, date_of_employment)VALUES (1901, "Manfrid", "Karlsson", "031-624566", "2007-01-05);
INSERT INTO nurse (employeeid) VALUES (1901);
INSERT INTO nurse_specialization(employee_id, specialization_id) VALUES (1901, 1);
INSERT INTO employee (employeeid, first_name, last_name, telephone_number, date_of_employment)VALUES (1902, "Teodora", "Sundberg", "036-253011", "2009-10-23);
INSERT INTO nurse (employeeid) VALUES (1902);

INSERT INTO employee (employeeid, first_name, last_name, telephone_number, date_of_employment)VALUES (1903, "Blenda", "Samuelsson", "046-053722", "2006-12-08);
INSERT INTO doctor (employeeid) VALUES (1903);

INSERT INTO employee (employeeid, first_name, last_name, telephone_number, date_of_employment)VALUES (1904, "Maria", "Bergqvist", "021-308815", "2007-07-05);
INSERT INTO doctor (employeeid) VALUES (1904);
INSERT INTO doctor_specialization(employeeid, specializationid) VALUES (1904, 4);
INSERT INTO employee (employeeid, first_name, last_name, telephone_number, date_of_employment)VALUES (1905, "Rosalie", "Söderberg", "021-028230", "2009-10-18);
INSERT INTO nurse (employeeid) VALUES (1905);
INSERT INTO nurse_specialization(employee_id, specialization_id) VALUES (1905, 3);
INSERT INTO employee (employeeid, first_name, last_name, telephone_number, date_of_employment)VALUES (1906, "Beata", "Sjögren", "011-066207", "2007-11-28);
INSERT INTO assistant_nurse (employeeid) VALUES (1906);
INSERT INTO employee (employeeid, first_name, last_name, telephone_number, date_of_employment)VALUES (1907, "Johannes", "Mattsson", "078-314572", "2009-10-29);
INSERT INTO assistant_nurse (employeeid) VALUES (1907);
INSERT INTO employee (employeeid, first_name, last_name, telephone_number, date_of_employment)VALUES (1908, "Edit", "Strömberg", "026-376834", "2010-12-09);
INSERT INTO nurse (employeeid) VALUES (1908);
INSERT INTO nurse_specialization(employee_id, specialization_id) VALUES (1908, 15);
INSERT INTO employee (employeeid, first_name, last_name, telephone_number, date_of_employment)VALUES (1909, "Martina", "Eriksson", "074-504350", "2013-09-20);
INSERT INTO nurse (employeeid) VALUES (1909);
INSERT INTO nurse_specialization(employee_id, specialization_id) VALUES (1909, 10);
INSERT INTO employee (employeeid, first_name, last_name, telephone_number, date_of_employment)VALUES (1910, "José", "Strömberg", "072-512814", "2009-12-24);
INSERT INTO assistant_nurse (employeeid) VALUES (1910);
INSERT INTO employee (employeeid, first_name, last_name, telephone_number, date_of_employment)VALUES (1911, "Roberto", "Söderberg", "018-178446", "2012-02-12);
INSERT INTO doctor (employeeid) VALUES (1911);
INSERT INTO doctor_specialization(employeeid, specializationid) VALUES (1911, 7);
INSERT INTO employee (employeeid, first_name, last_name, telephone_number, date_of_employment)VALUES (1912, "Harriet", "Wallin", "021-826836", "2013-03-21);
INSERT INTO nurse (employeeid) VALUES (1912);
INSERT INTO nurse_specialization(employee_id, specialization_id) VALUES (1912, 12);
INSERT INTO employee (employeeid, first_name, last_name, telephone_number, date_of_employment)VALUES (1913, "Patrik", "Nyström", "016-602487", "2014-06-29);
INSERT INTO nurse (employeeid) VALUES (1913);

INSERT INTO employee (employeeid, first_name, last_name, telephone_number, date_of_employment)VALUES (1914, "Dick", "Andreasson", "031-383448", "2011-02-21);
INSERT INTO assistant_nurse (employeeid) VALUES (1914);
INSERT INTO employee (employeeid, first_name, last_name, telephone_number, date_of_employment)VALUES (1915, "Alexander", "Axelsson", "026-801180", "2010-11-01);
INSERT INTO doctor (employeeid) VALUES (1915);
INSERT INTO doctor_specialization(employeeid, specializationid) VALUES (1915, 2);
INSERT INTO employee (employeeid, first_name, last_name, telephone_number, date_of_employment)VALUES (1916, "Konrad", "Norberg", "021-286730", "2011-08-10);
INSERT INTO assistant_nurse (employeeid) VALUES (1916);
INSERT INTO employee (employeeid, first_name, last_name, telephone_number, date_of_employment)VALUES (1917, "Alexia", "Lundberg", "031-220111", "2010-01-09);
INSERT INTO nurse (employeeid) VALUES (1917);
INSERT INTO nurse_specialization(employee_id, specialization_id) VALUES (1917, 8);
INSERT INTO employee (employeeid, first_name, last_name, telephone_number, date_of_employment)VALUES (1918, "Manja", "Lundberg", "073-466054", "2006-11-24);
INSERT INTO assistant_nurse (employeeid) VALUES (1918);
INSERT INTO employee (employeeid, first_name, last_name, telephone_number, date_of_employment)VALUES (1919, "Leif", "Lundberg", "036-221288", "2010-08-02);
INSERT INTO nurse (employeeid) VALUES (1919);
INSERT INTO nurse_specialization(employee_id, specialization_id) VALUES (1919, 14);
INSERT INTO employee (employeeid, first_name, last_name, telephone_number, date_of_employment)VALUES (1920, "Bennie", "Fredriksson", "076-577577", "2009-09-07);
INSERT INTO nurse (employeeid) VALUES (1920);

INSERT INTO employee (employeeid, first_name, last_name, telephone_number, date_of_employment)VALUES (1921, "Majvor", "Lundgren", "076-216678", "2012-07-16);
INSERT INTO assistant_nurse (employeeid) VALUES (1921);
INSERT INTO employee (employeeid, first_name, last_name, telephone_number, date_of_employment)VALUES (1922, "Gundel", "Svensson", "023-024334", "2007-04-27);
INSERT INTO doctor (employeeid) VALUES (1922);
INSERT INTO doctor_specialization(employeeid, specializationid) VALUES (1922, 8);
INSERT INTO employee (employeeid, first_name, last_name, telephone_number, date_of_employment)VALUES (1923, "Hilda", "Nilsson", "072-678857", "2007-08-13);
INSERT INTO doctor (employeeid) VALUES (1923);

INSERT INTO employee (employeeid, first_name, last_name, telephone_number, date_of_employment)VALUES (1924, "Pedro", "Hansson", "031-654312", "2014-12-12);
INSERT INTO nurse (employeeid) VALUES (1924);
INSERT INTO nurse_specialization(employee_id, specialization_id) VALUES (1924, 8);
INSERT INTO employee (employeeid, first_name, last_name, telephone_number, date_of_employment)VALUES (1925, "Pieter", "Björklund", "023-138760", "2006-05-07);
INSERT INTO assistant_nurse (employeeid) VALUES (1925);
INSERT INTO employee (employeeid, first_name, last_name, telephone_number, date_of_employment)VALUES (1926, "Tova", "Norberg", "035-115586", "2009-01-12);
INSERT INTO assistant_nurse (employeeid) VALUES (1926);
INSERT INTO employee (employeeid, first_name, last_name, telephone_number, date_of_employment)VALUES (1927, "Toni", "Sjöberg", "070-044238", "2010-08-04);
INSERT INTO doctor (employeeid) VALUES (1927);
INSERT INTO doctor_specialization(employeeid, specializationid) VALUES (1927, 9);
INSERT INTO employee (employeeid, first_name, last_name, telephone_number, date_of_employment)VALUES (1928, "Ernst", "Ekström", "046-413042", "2006-02-28);
INSERT INTO nurse (employeeid) VALUES (1928);
INSERT INTO nurse_specialization(employee_id, specialization_id) VALUES (1928, 3);
INSERT INTO employee (employeeid, first_name, last_name, telephone_number, date_of_employment)VALUES (1929, "Adele", "Björk", "078-624566", "2012-12-16);
INSERT INTO assistant_nurse (employeeid) VALUES (1929);
INSERT INTO employee (employeeid, first_name, last_name, telephone_number, date_of_employment)VALUES (1930, "Margit", "Söderberg", "070-601252", "2005-03-07);
INSERT INTO assistant_nurse (employeeid) VALUES (1930);
INSERT INTO employee (employeeid, first_name, last_name, telephone_number, date_of_employment)VALUES (1931, "Francisco", "Åström", "040-610576", "2009-06-26);
INSERT INTO nurse (employeeid) VALUES (1931);
INSERT INTO nurse_specialization(employee_id, specialization_id) VALUES (1931, 15);
INSERT INTO employee (employeeid, first_name, last_name, telephone_number, date_of_employment)VALUES (1932, "Bellis", "Holmqvist", "026-716714", "2012-09-21);
INSERT INTO assistant_nurse (employeeid) VALUES (1932);
INSERT INTO employee (employeeid, first_name, last_name, telephone_number, date_of_employment)VALUES (1933, "Roy", "Norberg", "031-672783", "2011-06-16);
INSERT INTO assistant_nurse (employeeid) VALUES (1933);
INSERT INTO employee (employeeid, first_name, last_name, telephone_number, date_of_employment)VALUES (1934, "Leonard", "Lundgren", "076-512814", "2006-12-14);
INSERT INTO assistant_nurse (employeeid) VALUES (1934);
INSERT INTO employee (employeeid, first_name, last_name, telephone_number, date_of_employment)VALUES (1935, "Minnie", "Eklund", "026-618848", "2005-08-29);
INSERT INTO assistant_nurse (employeeid) VALUES (1935);
INSERT INTO employee (employeeid, first_name, last_name, telephone_number, date_of_employment)VALUES (1936, "Marika", "Hedlund", "044-723231", "2008-12-20);
INSERT INTO assistant_nurse (employeeid) VALUES (1936);
INSERT INTO employee (employeeid, first_name, last_name, telephone_number, date_of_employment)VALUES (1937, "Gertrud", "Månsson", "090-123714", "2013-12-18);
INSERT INTO doctor (employeeid) VALUES (1937);

INSERT INTO employee (employeeid, first_name, last_name, telephone_number, date_of_employment)VALUES (1938, "Eveline", "Henriksson", "072-005830", "2013-11-21);
INSERT INTO doctor (employeeid) VALUES (1938);

INSERT INTO employee (employeeid, first_name, last_name, telephone_number, date_of_employment)VALUES (1939, "Vivi", "Sundberg", "019-203517", "2007-07-12);
INSERT INTO doctor (employeeid) VALUES (1939);

INSERT INTO employee (employeeid, first_name, last_name, telephone_number, date_of_employment)VALUES (1940, "Jaakko", "Jönsson", "042-554283", "2006-04-30);
INSERT INTO doctor (employeeid) VALUES (1940);
INSERT INTO doctor_specialization(employeeid, specializationid) VALUES (1940, 14);
INSERT INTO employee (employeeid, first_name, last_name, telephone_number, date_of_employment)VALUES (1941, "Klara", "Martinsson", "040-060024", "2008-04-13);
INSERT INTO nurse (employeeid) VALUES (1941);

INSERT INTO employee (employeeid, first_name, last_name, telephone_number, date_of_employment)VALUES (1942, "Martin", "Eriksson", "031-146503", "2007-06-15);
INSERT INTO doctor (employeeid) VALUES (1942);
INSERT INTO doctor_specialization(employeeid, specializationid) VALUES (1942, 5);
INSERT INTO employee (employeeid, first_name, last_name, telephone_number, date_of_employment)VALUES (1943, "Ester", "Claesson", "033-288643", "2012-11-06);
INSERT INTO doctor (employeeid) VALUES (1943);

INSERT INTO employee (employeeid, first_name, last_name, telephone_number, date_of_employment)VALUES (1944, "Ivan", "Lindström", "021-816236", "2012-01-24);
INSERT INTO doctor (employeeid) VALUES (1944);
INSERT INTO doctor_specialization(employeeid, specializationid) VALUES (1944, 3);
INSERT INTO employee (employeeid, first_name, last_name, telephone_number, date_of_employment)VALUES (1945, "Nora", "Danielsson", "016-504820", "2014-03-23);
INSERT INTO doctor (employeeid) VALUES (1945);
INSERT INTO doctor_specialization(employeeid, specializationid) VALUES (1945, 14);
INSERT INTO employee (employeeid, first_name, last_name, telephone_number, date_of_employment)VALUES (1946, "Torbjörn", "Lindgren", "074-141738", "2008-08-29);
INSERT INTO nurse (employeeid) VALUES (1946);
INSERT INTO nurse_specialization(employee_id, specialization_id) VALUES (1946, 8);
INSERT INTO employee (employeeid, first_name, last_name, telephone_number, date_of_employment)VALUES (1947, "Knut", "Johansson", "090-418310", "2014-11-13);
INSERT INTO doctor (employeeid) VALUES (1947);
INSERT INTO doctor_specialization(employeeid, specializationid) VALUES (1947, 11);
INSERT INTO employee (employeeid, first_name, last_name, telephone_number, date_of_employment)VALUES (1948, "Janne", "Axelsson", "036-210616", "2005-05-07);
INSERT INTO doctor (employeeid) VALUES (1948);

INSERT INTO employee (employeeid, first_name, last_name, telephone_number, date_of_employment)VALUES (1949, "Amalie", "Sjöberg", "021-883302", "2010-07-02);
INSERT INTO assistant_nurse (employeeid) VALUES (1949);
INSERT INTO employee (employeeid, first_name, last_name, telephone_number, date_of_employment)VALUES (1950, "Estrid", "Norberg", "060-210616", "2012-07-21);
INSERT INTO assistant_nurse (employeeid) VALUES (1950);
INSERT INTO employee (employeeid, first_name, last_name, telephone_number, date_of_employment)VALUES (1951, "Lave", "Johansson", "073-233843", "2010-10-25);
INSERT INTO doctor (employeeid) VALUES (1951);
INSERT INTO doctor_specialization(employeeid, specializationid) VALUES (1951, 12);
INSERT INTO employee (employeeid, first_name, last_name, telephone_number, date_of_employment)VALUES (1952, "Katarzyna", "Danielsson", "063-564045", "2011-06-06);
INSERT INTO assistant_nurse (employeeid) VALUES (1952);
INSERT INTO employee (employeeid, first_name, last_name, telephone_number, date_of_employment)VALUES (1953, "Camilla", "Wallin", "021-435103", "2011-03-15);
INSERT INTO doctor (employeeid) VALUES (1953);
INSERT INTO doctor_specialization(employeeid, specializationid) VALUES (1953, 3);
INSERT INTO employee (employeeid, first_name, last_name, telephone_number, date_of_employment)VALUES (1954, "Kalle", "Norberg", "070-008134", "2009-12-24);
INSERT INTO doctor (employeeid) VALUES (1954);
INSERT INTO doctor_specialization(employeeid, specializationid) VALUES (1954, 11);
INSERT INTO employee (employeeid, first_name, last_name, telephone_number, date_of_employment)VALUES (1955, "Bartolomeus", "Falk", "073-552177", "2012-11-12);
INSERT INTO doctor (employeeid) VALUES (1955);

INSERT INTO employee (employeeid, first_name, last_name, telephone_number, date_of_employment)VALUES (1956, "Moa", "Sjögren", "060-204446", "2010-08-22);
INSERT INTO assistant_nurse (employeeid) VALUES (1956);
INSERT INTO employee (employeeid, first_name, last_name, telephone_number, date_of_employment)VALUES (1957, "Violet", "Dahlberg", "023-461146", "2010-01-07);
INSERT INTO nurse (employeeid) VALUES (1957);
INSERT INTO nurse_specialization(employee_id, specialization_id) VALUES (1957, 10);
INSERT INTO employee (employeeid, first_name, last_name, telephone_number, date_of_employment)VALUES (1958, "Björn", "Hansson", "075-848758", "2011-12-23);
INSERT INTO doctor (employeeid) VALUES (1958);
INSERT INTO doctor_specialization(employeeid, specializationid) VALUES (1958, 3);
INSERT INTO employee (employeeid, first_name, last_name, telephone_number, date_of_employment)VALUES (1959, "Natalia", "Sundberg", "011-824381", "2009-02-21);
INSERT INTO assistant_nurse (employeeid) VALUES (1959);
INSERT INTO employee (employeeid, first_name, last_name, telephone_number, date_of_employment)VALUES (1960, "Kaj", "Sundberg", "036-744053", "2010-04-08);
INSERT INTO doctor (employeeid) VALUES (1960);
INSERT INTO doctor_specialization(employeeid, specializationid) VALUES (1960, 12);
INSERT INTO employee (employeeid, first_name, last_name, telephone_number, date_of_employment)VALUES (1961, "Martine", "Sundberg", "074-826836", "2006-03-12);
INSERT INTO nurse (employeeid) VALUES (1961);

INSERT INTO employee (employeeid, first_name, last_name, telephone_number, date_of_employment)VALUES (1962, "Elfriede", "Jansson", "076-584142", "2011-11-27);
INSERT INTO assistant_nurse (employeeid) VALUES (1962);
INSERT INTO employee (employeeid, first_name, last_name, telephone_number, date_of_employment)VALUES (1963, "Konrad", "Öberg", "072-518875", "2014-04-10);
INSERT INTO doctor (employeeid) VALUES (1963);

INSERT INTO employee (employeeid, first_name, last_name, telephone_number, date_of_employment)VALUES (1964, "Gunnar", "Lund", "016-083554", "2014-02-17);
INSERT INTO nurse (employeeid) VALUES (1964);
INSERT INTO nurse_specialization(employee_id, specialization_id) VALUES (1964, 16);
INSERT INTO employee (employeeid, first_name, last_name, telephone_number, date_of_employment)VALUES (1965, "Matti", "Axelsson", "031-288541", "2005-06-11);
INSERT INTO assistant_nurse (employeeid) VALUES (1965);
INSERT INTO employee (employeeid, first_name, last_name, telephone_number, date_of_employment)VALUES (1966, "Arnold", "Persson", "042-676772", "2008-10-29);
INSERT INTO nurse (employeeid) VALUES (1966);
INSERT INTO nurse_specialization(employee_id, specialization_id) VALUES (1966, 4);
INSERT INTO employee (employeeid, first_name, last_name, telephone_number, date_of_employment)VALUES (1967, "Isabelle", "Lundqvist", "078-212568", "2005-09-17);
INSERT INTO doctor (employeeid) VALUES (1967);
INSERT INTO doctor_specialization(employeeid, specializationid) VALUES (1967, 2);
INSERT INTO employee (employeeid, first_name, last_name, telephone_number, date_of_employment)VALUES (1968, "Miguel", "Nordström", "073-060755", "2012-12-18);
INSERT INTO assistant_nurse (employeeid) VALUES (1968);
INSERT INTO employee (employeeid, first_name, last_name, telephone_number, date_of_employment)VALUES (1969, "Ilona", "Lundberg", "036-115586", "2007-11-26);
INSERT INTO nurse (employeeid) VALUES (1969);
INSERT INTO nurse_specialization(employee_id, specialization_id) VALUES (1969, 13);
INSERT INTO employee (employeeid, first_name, last_name, telephone_number, date_of_employment)VALUES (1970, "Agneta", "Nordin", "044-802871", "2013-07-14);
INSERT INTO assistant_nurse (employeeid) VALUES (1970);
INSERT INTO employee (employeeid, first_name, last_name, telephone_number, date_of_employment)VALUES (1971, "Ulrika", "Hansson", "023-837444", "2014-06-05);
INSERT INTO assistant_nurse (employeeid) VALUES (1971);
INSERT INTO employee (employeeid, first_name, last_name, telephone_number, date_of_employment)VALUES (1972, "Folke", "Lundberg", "090-024886", "2005-03-15);
INSERT INTO assistant_nurse (employeeid) VALUES (1972);
INSERT INTO employee (employeeid, first_name, last_name, telephone_number, date_of_employment)VALUES (1973, "Dolly", "Björk", "021-061476", "2005-11-22);
INSERT INTO doctor (employeeid) VALUES (1973);

INSERT INTO employee (employeeid, first_name, last_name, telephone_number, date_of_employment)VALUES (1974, "Aurora", "Löfgren", "063-857872", "2009-07-07);
INSERT INTO nurse (employeeid) VALUES (1974);
INSERT INTO nurse_specialization(employee_id, specialization_id) VALUES (1974, 3);
INSERT INTO employee (employeeid, first_name, last_name, telephone_number, date_of_employment)VALUES (1975, "Bo", "Ivarsson", "044-003811", "2012-11-28);
INSERT INTO assistant_nurse (employeeid) VALUES (1975);
INSERT INTO employee (employeeid, first_name, last_name, telephone_number, date_of_employment)VALUES (1976, "Patrik", "Sundberg", "016-817776", "2005-06-15);
INSERT INTO assistant_nurse (employeeid) VALUES (1976);
INSERT INTO employee (employeeid, first_name, last_name, telephone_number, date_of_employment)VALUES (1977, "Rebecka", "Claesson", "011-005411", "2011-05-23);
INSERT INTO doctor (employeeid) VALUES (1977);
INSERT INTO doctor_specialization(employeeid, specializationid) VALUES (1977, 6);
INSERT INTO employee (employeeid, first_name, last_name, telephone_number, date_of_employment)VALUES (1978, "Ture", "Sundberg", "075-474050", "2008-07-20);
INSERT INTO doctor (employeeid) VALUES (1978);
INSERT INTO doctor_specialization(employeeid, specializationid) VALUES (1978, 14);
INSERT INTO employee (employeeid, first_name, last_name, telephone_number, date_of_employment)VALUES (1979, "Gret", "Ekström", "023-836780", "2006-06-27);
INSERT INTO doctor (employeeid) VALUES (1979);
INSERT INTO doctor_specialization(employeeid, specializationid) VALUES (1979, 16);
INSERT INTO employee (employeeid, first_name, last_name, telephone_number, date_of_employment)VALUES (1980, "Mait", "Jansson", "090-015086", "2007-03-01);
INSERT INTO assistant_nurse (employeeid) VALUES (1980);
INSERT INTO employee (employeeid, first_name, last_name, telephone_number, date_of_employment)VALUES (1981, "Hildur", "Eriksson", "016-482855", "2012-09-26);
INSERT INTO nurse (employeeid) VALUES (1981);
INSERT INTO nurse_specialization(employee_id, specialization_id) VALUES (1981, 1);
INSERT INTO employee (employeeid, first_name, last_name, telephone_number, date_of_employment)VALUES (1982, "Leopold", "Andersson", "070-446042", "2006-12-02);
INSERT INTO nurse (employeeid) VALUES (1982);
INSERT INTO nurse_specialization(employee_id, specialization_id) VALUES (1982, 1);
INSERT INTO employee (employeeid, first_name, last_name, telephone_number, date_of_employment)VALUES (1983, "Sigbritt", "Bergqvist", "078-014548", "2012-11-04);
INSERT INTO doctor (employeeid) VALUES (1983);

INSERT INTO employee (employeeid, first_name, last_name, telephone_number, date_of_employment)VALUES (1984, "Annelie", "Löfgren", "021-505384", "2012-06-15);
INSERT INTO assistant_nurse (employeeid) VALUES (1984);
INSERT INTO employee (employeeid, first_name, last_name, telephone_number, date_of_employment)VALUES (1985, "Juliette", "Jönsson", "018-214276", "2014-04-06);
INSERT INTO doctor (employeeid) VALUES (1985);
INSERT INTO doctor_specialization(employeeid, specializationid) VALUES (1985, 3);
INSERT INTO employee (employeeid, first_name, last_name, telephone_number, date_of_employment)VALUES (1986, "Solbritt", "Lindgren", "072-503872", "2007-06-22);
INSERT INTO nurse (employeeid) VALUES (1986);

INSERT INTO employee (employeeid, first_name, last_name, telephone_number, date_of_employment)VALUES (1987, "Freddy", "Blom", "076-407056", "2014-04-28);
INSERT INTO nurse (employeeid) VALUES (1987);
INSERT INTO nurse_specialization(employee_id, specialization_id) VALUES (1987, 1);
INSERT INTO employee (employeeid, first_name, last_name, telephone_number, date_of_employment)VALUES (1988, "Halvard", "Ek", "040-204875", "2012-09-11);
INSERT INTO doctor (employeeid) VALUES (1988);
INSERT INTO doctor_specialization(employeeid, specializationid) VALUES (1988, 3);
INSERT INTO employee (employeeid, first_name, last_name, telephone_number, date_of_employment)VALUES (1989, "Adam", "Axelsson", "077-516383", "2006-10-14);
INSERT INTO nurse (employeeid) VALUES (1989);
INSERT INTO nurse_specialization(employee_id, specialization_id) VALUES (1989, 8);
INSERT INTO employee (employeeid, first_name, last_name, telephone_number, date_of_employment)VALUES (1990, "Antonia", "Axelsson", "021-445804", "2009-05-05);
INSERT INTO doctor (employeeid) VALUES (1990);
INSERT INTO doctor_specialization(employeeid, specializationid) VALUES (1990, 3);
INSERT INTO employee (employeeid, first_name, last_name, telephone_number, date_of_employment)VALUES (1991, "Molly", "Norberg", "090-702586", "2006-02-18);
INSERT INTO nurse (employeeid) VALUES (1991);
INSERT INTO nurse_specialization(employee_id, specialization_id) VALUES (1991, 15);
INSERT INTO employee (employeeid, first_name, last_name, telephone_number, date_of_employment)VALUES (1992, "Tuve", "Jonasson", "073-854715", "2007-06-29);
INSERT INTO nurse (employeeid) VALUES (1992);

INSERT INTO employee (employeeid, first_name, last_name, telephone_number, date_of_employment)VALUES (1993, "Manda", "Falk", "036-170067", "2006-09-15);
INSERT INTO nurse (employeeid) VALUES (1993);
INSERT INTO nurse_specialization(employee_id, specialization_id) VALUES (1993, 16);
INSERT INTO employee (employeeid, first_name, last_name, telephone_number, date_of_employment)VALUES (1994, "Hildevig", "Falk", "078-252578", "2010-07-24);
INSERT INTO doctor (employeeid) VALUES (1994);
INSERT INTO doctor_specialization(employeeid, specializationid) VALUES (1994, 14);
INSERT INTO employee (employeeid, first_name, last_name, telephone_number, date_of_employment)VALUES (1995, "Fredrik", "Mattsson", "040-445638", "2013-09-11);
INSERT INTO nurse (employeeid) VALUES (1995);
INSERT INTO nurse_specialization(employee_id, specialization_id) VALUES (1995, 4);
INSERT INTO employee (employeeid, first_name, last_name, telephone_number, date_of_employment)VALUES (1996, "Charlotta", "Abrahamsson", "021-870054", "2008-07-18);
INSERT INTO doctor (employeeid) VALUES (1996);

INSERT INTO employee (employeeid, first_name, last_name, telephone_number, date_of_employment)VALUES (1997, "Markku", "Nordström", "026-724400", "2007-08-28);
INSERT INTO doctor (employeeid) VALUES (1997);

INSERT INTO employee (employeeid, first_name, last_name, telephone_number, date_of_employment)VALUES (1998, "Douglas", "Wallin", "046-438752", "2008-06-14);
INSERT INTO assistant_nurse (employeeid) VALUES (1998);
INSERT INTO employee (employeeid, first_name, last_name, telephone_number, date_of_employment)VALUES (1999, "Annelie", "Lindström", "076-521520", "2008-04-29);
INSERT INTO nurse (employeeid) VALUES (1999);
INSERT INTO nurse_specialization(employee_id, specialization_id) VALUES (1999, 6);
INSERT INTO employee (employeeid, first_name, last_name, telephone_number, date_of_employment)VALUES (2000, "Sickan", "Berg", "060-505763", "2010-02-06);
INSERT INTO assistant_nurse (employeeid) VALUES (2000);
COMMIT;
